Geography,Gender,Age,CreditScore,Balance,NumOfProducts,IsActiveMember,RiskScore,RiskLevel,Action,Exited
France,Female,42,619,0.0,1,1,0,Low Risk,Normal Monitoring,1
Spain,Female,41,608,83807.86,1,1,0,Low Risk,Normal Monitoring,0
France,Female,42,502,159660.8,3,0,6,High Risk,Immediate Follow-up,1
France,Female,39,699,0.0,2,0,2,Low Risk,Normal Monitoring,0
Spain,Female,43,850,125510.82,1,1,1,Low Risk,Normal Monitoring,0
Spain,Male,44,645,113755.78,2,0,3,Medium Risk,Contact Customer,1
France,Male,50,822,0.0,2,1,1,Low Risk,Normal Monitoring,0
Germany,Female,29,376,115046.74,4,0,8,High Risk,Immediate Follow-up,1
France,Male,44,501,142051.07,2,1,1,Low Risk,Normal Monitoring,0
France,Male,27,684,134603.88,1,1,1,Low Risk,Normal Monitoring,0
France,Male,31,528,102016.72,2,0,3,Medium Risk,Contact Customer,0
Spain,Male,24,497,0.0,2,0,2,Low Risk,Normal Monitoring,0
France,Female,34,476,0.0,2,0,2,Low Risk,Normal Monitoring,0
France,Female,25,549,0.0,2,0,2,Low Risk,Normal Monitoring,0
Spain,Female,35,635,0.0,2,1,0,Low Risk,Normal Monitoring,0
Germany,Male,45,616,143129.41,2,1,4,Medium Risk,Contact Customer,0
Germany,Male,58,653,132602.88,1,0,6,High Risk,Immediate Follow-up,1
Spain,Female,24,549,0.0,2,1,0,Low Risk,Normal Monitoring,0
Spain,Male,45,587,0.0,1,0,3,Medium Risk,Contact Customer,0
France,Female,24,726,0.0,2,1,0,Low Risk,Normal Monitoring,0
France,Male,41,732,0.0,2,1,0,Low Risk,Normal Monitoring,0
Spain,Female,32,636,0.0,2,0,2,Low Risk,Normal Monitoring,0
Spain,Female,38,510,0.0,1,0,2,Low Risk,Normal Monitoring,1
France,Male,46,669,0.0,2,1,1,Low Risk,Normal Monitoring,0
France,Female,38,846,0.0,1,1,0,Low Risk,Normal Monitoring,0
France,Male,25,577,0.0,2,1,0,Low Risk,Normal Monitoring,0
Germany,Male,36,756,136815.64,1,1,3,Medium Risk,Contact Customer,0
France,Male,44,571,0.0,2,0,2,Low Risk,Normal Monitoring,0
Germany,Female,43,574,141349.43,1,1,3,Medium Risk,Contact Customer,0
France,Male,29,411,59697.17,2,1,0,Low Risk,Normal Monitoring,0
Spain,Female,39,591,0.0,3,0,5,High Risk,Immediate Follow-up,1
France,Male,36,533,85311.7,1,1,0,Low Risk,Normal Monitoring,0
Germany,Male,41,553,110112.54,2,0,5,High Risk,Immediate Follow-up,0
Spain,Female,42,520,0.0,2,1,0,Low Risk,Normal Monitoring,0
Spain,Female,29,722,0.0,2,1,0,Low Risk,Normal Monitoring,0
France,Female,45,475,134264.04,1,0,4,Medium Risk,Contact Customer,1
Spain,Male,31,490,145260.23,1,1,1,Low Risk,Normal Monitoring,0
Spain,Male,33,804,76548.6,1,1,0,Low Risk,Normal Monitoring,0
France,Male,36,850,0.0,1,1,0,Low Risk,Normal Monitoring,0
Germany,Male,41,582,70349.48,2,1,2,Low Risk,Normal Monitoring,0
Spain,Male,40,472,0.0,1,0,2,Low Risk,Normal Monitoring,0
France,Female,51,465,122522.32,1,0,4,Medium Risk,Contact Customer,1
France,Female,61,556,117419.35,1,1,2,Low Risk,Normal Monitoring,0
France,Female,49,834,131394.56,1,0,4,Medium Risk,Contact Customer,1
Spain,Female,61,660,155931.11,1,1,2,Low Risk,Normal Monitoring,0
Germany,Female,32,776,109421.13,2,1,3,Medium Risk,Contact Customer,0
Germany,Female,27,829,112045.67,1,1,3,Medium Risk,Contact Customer,1
Germany,Female,39,637,137843.8,1,1,3,Medium Risk,Contact Customer,1
Germany,Male,38,550,103391.38,1,1,3,Medium Risk,Contact Customer,0
Germany,Female,37,776,103769.22,2,0,5,High Risk,Immediate Follow-up,0
Germany,Male,44,698,116363.37,2,0,5,High Risk,Immediate Follow-up,0
Germany,Male,36,585,146050.97,2,0,5,High Risk,Immediate Follow-up,0
France,Female,33,788,0.0,2,0,2,Low Risk,Normal Monitoring,0
Germany,Male,41,655,125561.97,1,0,5,High Risk,Immediate Follow-up,1
Germany,Male,42,601,98495.72,1,0,5,High Risk,Immediate Follow-up,1
France,Male,43,619,125211.92,1,1,1,Low Risk,Normal Monitoring,0
France,Male,45,656,127864.4,1,0,4,Medium Risk,Contact Customer,0
Germany,Male,19,725,75888.2,1,0,4,Medium Risk,Contact Customer,0
Spain,Female,66,511,0.0,1,0,3,Medium Risk,Contact Customer,1
France,Male,51,614,40685.92,1,1,1,Low Risk,Normal Monitoring,0
Germany,Male,35,742,136857.0,1,0,5,High Risk,Immediate Follow-up,0
Germany,Female,27,687,152328.88,2,0,5,High Risk,Immediate Follow-up,0
Spain,Male,33,555,56084.69,2,0,2,Low Risk,Normal Monitoring,0
Spain,Male,56,684,78707.16,1,1,1,Low Risk,Normal Monitoring,0
Germany,Male,26,603,109166.37,1,1,3,Medium Risk,Contact Customer,0
Germany,Female,36,751,169831.46,2,1,3,Medium Risk,Contact Customer,0
Germany,Female,34,581,101633.04,1,0,5,High Risk,Immediate Follow-up,0
Germany,Male,43,735,123180.01,2,1,3,Medium Risk,Contact Customer,0
Germany,Female,35,661,150725.53,2,1,3,Medium Risk,Contact Customer,0
France,Female,21,675,98373.26,1,0,3,Medium Risk,Contact Customer,0
Germany,Male,58,738,133745.44,4,0,9,High Risk,Immediate Follow-up,1
France,Male,29,813,0.0,1,0,2,Low Risk,Normal Monitoring,0
Spain,Female,37,657,163607.18,1,1,1,Low Risk,Normal Monitoring,0
Germany,Female,25,604,157780.84,2,1,3,Medium Risk,Contact Customer,0
France,Male,36,519,0.0,2,1,0,Low Risk,Normal Monitoring,0
France,Female,21,735,178718.19,2,0,3,Medium Risk,Contact Customer,0
France,Male,55,664,0.0,2,1,1,Low Risk,Normal Monitoring,0
France,Female,32,678,0.0,1,1,0,Low Risk,Normal Monitoring,0
Spain,Male,33,757,77253.22,1,1,0,Low Risk,Normal Monitoring,0
Germany,Female,41,416,122189.66,2,0,5,High Risk,Immediate Follow-up,0
France,Female,34,665,96645.54,2,0,3,Medium Risk,Contact Customer,0
France,Female,32,777,0.0,1,0,2,Low Risk,Normal Monitoring,1
France,Female,36,543,0.0,2,0,2,Low Risk,Normal Monitoring,0
France,Female,34,506,90307.62,1,1,1,Low Risk,Normal Monitoring,0
France,Female,46,493,0.0,2,0,3,Medium Risk,Contact Customer,0
Spain,Female,75,652,0.0,2,1,1,Low Risk,Normal Monitoring,0
Spain,Male,22,750,121681.82,1,0,3,Medium Risk,Contact Customer,1
France,Male,30,729,0.0,2,0,2,Low Risk,Normal Monitoring,0
France,Female,46,646,0.0,3,0,6,High Risk,Immediate Follow-up,1
Germany,Female,28,635,81623.67,2,1,2,Low Risk,Normal Monitoring,0
Spain,Female,44,647,0.0,3,1,3,Medium Risk,Contact Customer,1
France,Male,45,808,118626.55,2,0,4,Medium Risk,Contact Customer,0
France,Female,36,524,0.0,2,0,2,Low Risk,Normal Monitoring,0
France,Male,29,769,0.0,2,1,0,Low Risk,Normal Monitoring,0
Spain,Male,42,730,0.0,2,1,0,Low Risk,Normal Monitoring,0
Spain,Male,35,515,176273.95,1,1,1,Low Risk,Normal Monitoring,0
Spain,Male,41,773,102827.44,1,1,1,Low Risk,Normal Monitoring,0
Germany,Male,29,814,97086.4,2,1,3,Medium Risk,Contact Customer,0
Spain,Male,22,710,0.0,2,0,2,Low Risk,Normal Monitoring,0
France,Male,34,413,0.0,2,0,2,Low Risk,Normal Monitoring,0
France,Female,40,665,0.0,1,1,0,Low Risk,Normal Monitoring,0
France,Female,44,623,0.0,2,0,2,Low Risk,Normal Monitoring,0
France,Male,31,738,82674.15,1,0,2,Low Risk,Normal Monitoring,0
Spain,Male,36,528,0.0,2,0,2,Low Risk,Normal Monitoring,0
Spain,Female,65,670,0.0,1,1,1,Low Risk,Normal Monitoring,1
Spain,Female,46,622,107073.27,2,1,2,Low Risk,Normal Monitoring,1
Germany,Male,32,582,88938.62,1,1,2,Low Risk,Normal Monitoring,0
Germany,Female,36,785,99806.85,1,1,3,Medium Risk,Contact Customer,0
Spain,Male,33,605,150092.8,1,0,3,Medium Risk,Contact Customer,0
Germany,Male,35,479,92833.89,1,0,5,High Risk,Immediate Follow-up,1
Germany,Male,30,685,90536.81,1,1,3,Medium Risk,Contact Customer,0
Germany,Male,39,538,108055.1,2,0,5,High Risk,Immediate Follow-up,0
France,Male,42,562,100238.35,1,0,3,Medium Risk,Contact Customer,0
Spain,Male,36,675,106190.55,1,1,1,Low Risk,Normal Monitoring,0
Germany,Male,28,721,154475.54,2,1,3,Medium Risk,Contact Customer,1
Germany,Female,30,628,132351.29,2,1,3,Medium Risk,Contact Customer,0
Germany,Female,37,668,167864.4,1,0,5,High Risk,Immediate Follow-up,0
France,Female,41,506,0.0,2,0,2,Low Risk,Normal Monitoring,0
Germany,Female,31,524,107818.63,1,0,5,High Risk,Immediate Follow-up,1
Germany,Male,34,699,185173.81,2,0,5,High Risk,Immediate Follow-up,0
France,Male,34,828,129433.34,2,0,3,Medium Risk,Contact Customer,0
Spain,Male,39,674,120193.42,1,0,3,Medium Risk,Contact Customer,0
France,Female,39,656,0.0,2,0,2,Low Risk,Normal Monitoring,0
Germany,Female,48,684,126384.42,1,1,4,Medium Risk,Contact Customer,0
France,Female,28,625,0.0,1,0,2,Low Risk,Normal Monitoring,0
France,Male,42,432,152603.45,1,0,3,Medium Risk,Contact Customer,1
France,Female,52,549,0.0,1,1,1,Low Risk,Normal Monitoring,1
Germany,Male,56,625,148507.24,1,0,6,High Risk,Immediate Follow-up,1
France,Female,41,828,0.0,2,0,2,Low Risk,Normal Monitoring,0
France,Male,24,770,101827.07,1,0,3,Medium Risk,Contact Customer,0
France,Female,34,758,0.0,2,1,0,Low Risk,Normal Monitoring,0
Germany,Female,33,795,130862.43,1,1,3,Medium Risk,Contact Customer,0
France,Male,38,687,122570.87,1,1,1,Low Risk,Normal Monitoring,0
France,Male,25,686,0.0,2,1,0,Low Risk,Normal Monitoring,0
Germany,Male,39,789,124828.46,2,1,3,Medium Risk,Contact Customer,0
Germany,Female,50,589,144895.05,2,1,4,Medium Risk,Contact Customer,0
Germany,Female,34,461,63663.93,1,1,2,Low Risk,Normal Monitoring,0
France,Male,40,637,133463.1,1,1,1,Low Risk,Normal Monitoring,0
Spain,Female,48,584,213146.2,1,0,4,Medium Risk,Contact Customer,1
Spain,Female,35,579,129490.36,2,1,1,Low Risk,Normal Monitoring,1
Germany,Male,44,756,137452.09,1,0,5,High Risk,Immediate Follow-up,0
France,Male,34,663,0.0,2,1,0,Low Risk,Normal Monitoring,0
France,Female,43,682,125851.93,1,1,1,Low Risk,Normal Monitoring,0
Spain,Male,52,793,0.0,1,0,3,Medium Risk,Contact Customer,1
France,Female,31,691,40915.55,1,0,2,Low Risk,Normal Monitoring,1
Spain,Female,21,485,113157.22,1,1,1,Low Risk,Normal Monitoring,0
Spain,Female,29,635,138296.94,2,0,3,Medium Risk,Contact Customer,0
France,Male,37,650,106967.18,1,0,3,Medium Risk,Contact Customer,0
France,Male,44,735,120681.63,1,0,3,Medium Risk,Contact Customer,0
France,Male,32,416,0.0,2,1,0,Low Risk,Normal Monitoring,0
Spain,Female,32,754,0.0,2,0,2,Low Risk,Normal Monitoring,0
France,Female,48,535,0.0,1,0,3,Medium Risk,Contact Customer,1
Spain,Male,42,716,0.0,2,0,2,Low Risk,Normal Monitoring,0
France,Male,37,539,127609.59,1,0,3,Medium Risk,Contact Customer,0
France,Female,43,614,0.0,2,1,0,Low Risk,Normal Monitoring,0
Spain,Male,57,706,0.0,1,0,3,Medium Risk,Contact Customer,1
France,Female,33,758,0.0,2,0,2,Low Risk,Normal Monitoring,0
Spain,Female,28,586,0.0,2,1,0,Low Risk,Normal Monitoring,0
France,Female,73,646,97259.25,1,1,2,Low Risk,Normal Monitoring,0
Germany,Female,33,631,123246.7,1,0,5,High Risk,Immediate Follow-up,0
Spain,Female,22,717,101060.25,1,1,1,Low Risk,Normal Monitoring,0
France,Male,30,684,0.0,2,0,2,Low Risk,Normal Monitoring,0
France,Female,49,800,108007.36,1,0,4,Medium Risk,Contact Customer,0
Spain,Female,36,721,0.0,2,1,0,Low Risk,Normal Monitoring,0
Spain,Male,29,683,133702.89,1,0,3,Medium Risk,Contact Customer,1
Germany,Male,31,660,125189.75,2,1,3,Medium Risk,Contact Customer,0
Germany,Female,24,704,113034.22,1,0,5,High Risk,Immediate Follow-up,1
Spain,Female,41,615,109013.23,1,0,3,Medium Risk,Contact Customer,0
Spain,Female,39,667,0.0,2,0,2,Low Risk,Normal Monitoring,1
Germany,Male,24,682,57929.81,2,0,4,Medium Risk,Contact Customer,0
France,Female,29,484,130114.39,1,0,3,Medium Risk,Contact Customer,0
Germany,Male,27,628,95826.49,2,0,5,High Risk,Immediate Follow-up,0
Germany,Male,44,480,129608.57,1,0,5,High Risk,Immediate Follow-up,1
France,Male,30,578,169462.09,1,0,3,Medium Risk,Contact Customer,0
France,Male,40,512,0.0,2,1,0,Low Risk,Normal Monitoring,0
Spain,Female,35,484,133868.21,1,1,1,Low Risk,Normal Monitoring,0
France,Female,30,510,0.0,2,1,0,Low Risk,Normal Monitoring,0
Germany,Male,36,606,190479.48,2,0,5,High Risk,Immediate Follow-up,0
Spain,Female,40,597,101993.12,1,1,1,Low Risk,Normal Monitoring,0
Germany,Female,55,754,161608.81,1,0,6,High Risk,Immediate Follow-up,1
Spain,Female,45,850,122311.21,1,1,2,Low Risk,Normal Monitoring,0
France,Male,65,510,0.0,2,1,1,Low Risk,Normal Monitoring,0
Germany,Female,45,778,162150.42,2,0,6,High Risk,Immediate Follow-up,0
France,Male,42,636,0.0,2,1,0,Low Risk,Normal Monitoring,0
France,Female,50,804,0.0,1,1,1,Low Risk,Normal Monitoring,1
France,Male,32,514,0.0,2,0,2,Low Risk,Normal Monitoring,0
France,Female,39,730,99010.67,1,0,3,Medium Risk,Contact Customer,0
Spain,Female,37,525,0.0,1,1,0,Low Risk,Normal Monitoring,0
Spain,Male,30,616,0.0,2,1,0,Low Risk,Normal Monitoring,0
Germany,Female,34,687,111388.18,2,0,5,High Risk,Immediate Follow-up,0
France,Female,41,715,56214.85,2,0,2,Low Risk,Normal Monitoring,1
France,Female,36,512,84327.77,2,0,2,Low Risk,Normal Monitoring,0
France,Male,40,479,0.0,2,0,2,Low Risk,Normal Monitoring,0
France,Male,32,601,93012.89,1,0,3,Medium Risk,Contact Customer,0
Spain,Male,29,580,61710.44,2,0,2,Low Risk,Normal Monitoring,0
France,Male,35,807,174790.15,1,1,1,Low Risk,Normal Monitoring,0
Spain,Female,32,616,0.0,2,1,0,Low Risk,Normal Monitoring,0
Germany,Male,37,721,107720.64,1,1,3,Medium Risk,Contact Customer,0
France,Male,57,501,0.0,2,1,1,Low Risk,Normal Monitoring,0
France,Male,35,521,96423.84,1,0,3,Medium Risk,Contact Customer,0
Spain,Male,30,850,141040.01,1,1,1,Low Risk,Normal Monitoring,0
France,Male,42,759,105420.18,1,1,1,Low Risk,Normal Monitoring,0
Spain,Male,50,516,0.0,1,1,1,Low Risk,Normal Monitoring,1
France,Female,38,711,129022.06,2,1,1,Low Risk,Normal Monitoring,1
Spain,Male,33,512,176666.62,1,0,3,Medium Risk,Contact Customer,0
France,Male,37,550,0.0,1,1,0,Low Risk,Normal Monitoring,0
Spain,Female,41,608,89763.84,1,0,2,Low Risk,Normal Monitoring,1
France,Male,34,618,134954.53,1,1,1,Low Risk,Normal Monitoring,0
France,Male,45,643,0.0,1,0,3,Medium Risk,Contact Customer,1
France,Male,45,671,106376.85,1,1,2,Low Risk,Normal Monitoring,0
Germany,Male,33,689,161814.64,2,0,5,High Risk,Immediate Follow-up,0
France,Male,31,603,0.0,2,1,0,Low Risk,Normal Monitoring,0
France,Female,41,620,0.0,2,0,2,Low Risk,Normal Monitoring,0
France,Female,34,676,63095.01,1,1,0,Low Risk,Normal Monitoring,0
Germany,Male,26,572,118287.01,2,0,5,High Risk,Immediate Follow-up,0
Germany,Male,47,668,106854.21,1,1,4,Medium Risk,Contact Customer,1
France,Male,46,695,49512.55,1,0,3,Medium Risk,Contact Customer,0
Spain,Female,33,730,0.0,2,0,2,Low Risk,Normal Monitoring,0
France,Male,43,807,105799.32,2,0,3,Medium Risk,Contact Customer,1
France,Male,54,592,0.0,1,1,1,Low Risk,Normal Monitoring,1
France,Female,31,726,114722.05,2,1,1,Low Risk,Normal Monitoring,0
Spain,Male,30,514,0.0,1,1,0,Low Risk,Normal Monitoring,0
France,Male,42,567,0.0,2,1,0,Low Risk,Normal Monitoring,0
France,Male,33,850,0.0,1,0,2,Low Risk,Normal Monitoring,1
Germany,Male,45,671,99564.22,1,1,4,Medium Risk,Contact Customer,1
France,Male,37,670,170557.91,2,0,3,Medium Risk,Contact Customer,0
France,Female,30,694,0.0,2,1,0,Low Risk,Normal Monitoring,0
Germany,Female,39,547,74596.15,3,1,5,High Risk,Immediate Follow-up,1
Germany,Male,50,751,96888.39,1,0,6,High Risk,Immediate Follow-up,1
Germany,Female,29,594,130830.22,1,0,5,High Risk,Immediate Follow-up,0
France,Male,72,673,0.0,2,1,1,Low Risk,Normal Monitoring,0
France,Male,40,610,0.0,2,0,2,Low Risk,Normal Monitoring,0
France,Female,37,512,0.0,2,1,0,Low Risk,Normal Monitoring,0
Germany,Male,20,767,119714.25,2,1,3,Medium Risk,Contact Customer,0
France,Female,67,585,113978.97,2,1,2,Low Risk,Normal Monitoring,0
Germany,Male,42,763,100160.75,1,0,5,High Risk,Immediate Follow-up,1
France,Female,29,712,0.0,1,1,0,Low Risk,Normal Monitoring,0
Germany,Female,43,539,116220.5,3,0,8,High Risk,Immediate Follow-up,1
France,Female,46,668,0.0,3,0,6,High Risk,Immediate Follow-up,1
France,Male,28,703,81173.83,2,1,0,Low Risk,Normal Monitoring,0
Spain,Male,38,662,0.0,2,0,2,Low Risk,Normal Monitoring,0
Germany,Female,39,725,116803.8,1,0,5,High Risk,Immediate Follow-up,0
France,Male,37,703,105961.68,2,1,1,Low Risk,Normal Monitoring,0
Germany,Male,67,659,117411.6,1,1,4,Medium Risk,Contact Customer,1
Spain,Male,34,523,0.0,2,0,2,Low Risk,Normal Monitoring,0
France,Female,40,635,123497.58,1,0,3,Medium Risk,Contact Customer,1
Germany,Male,26,772,152400.51,2,0,5,High Risk,Immediate Follow-up,0
France,Female,26,545,0.0,2,1,0,Low Risk,Normal Monitoring,0
Germany,Male,24,634,103097.85,1,1,3,Medium Risk,Contact Customer,0
Germany,Male,54,739,126418.14,1,0,6,High Risk,Immediate Follow-up,1
Germany,Female,36,771,77846.9,1,0,4,Medium Risk,Contact Customer,0
Spain,Female,34,587,0.0,2,1,0,Low Risk,Normal Monitoring,0
France,Female,79,681,0.0,2,1,1,Low Risk,Normal Monitoring,0
Germany,Male,37,544,79731.91,1,1,2,Low Risk,Normal Monitoring,0
Spain,Male,28,696,0.0,1,0,2,Low Risk,Normal Monitoring,0
Spain,Male,41,766,0.0,2,1,0,Low Risk,Normal Monitoring,0
France,Male,34,727,0.0,2,1,0,Low Risk,Normal Monitoring,0
Germany,Female,34,671,37266.67,2,0,4,Medium Risk,Contact Customer,0
France,Female,30,693,127992.25,1,1,1,Low Risk,Normal Monitoring,0
Germany,Male,38,850,54901.01,1,1,2,Low Risk,Normal Monitoring,0
Germany,Male,42,732,108748.08,2,1,3,Medium Risk,Contact Customer,0
Spain,Female,48,726,99906.19,1,0,4,Medium Risk,Contact Customer,0
France,Female,32,557,184686.41,2,0,3,Medium Risk,Contact Customer,0
France,Female,26,682,110654.02,1,1,1,Low Risk,Normal Monitoring,0
Spain,Male,31,738,79019.8,1,1,0,Low Risk,Normal Monitoring,0
Spain,Female,36,531,99240.51,1,0,3,Medium Risk,Contact Customer,0
France,Male,34,498,0.0,2,1,0,Low Risk,Normal Monitoring,0
France,Male,36,651,0.0,2,0,2,Low Risk,Normal Monitoring,0
Spain,Female,39,549,0.0,1,0,2,Low Risk,Normal Monitoring,1
Germany,Female,35,791,52436.2,1,0,4,Medium Risk,Contact Customer,0
Spain,Male,41,650,0.0,2,1,0,Low Risk,Normal Monitoring,0
Germany,Male,34,733,100337.96,3,0,8,High Risk,Immediate Follow-up,1
Germany,Female,34,811,149297.19,2,1,3,Medium Risk,Contact Customer,0
France,Male,30,707,0.0,2,0,2,Low Risk,Normal Monitoring,0
Germany,Male,28,712,145605.44,1,1,3,Medium Risk,Contact Customer,0
Spain,Female,37,706,0.0,2,1,0,Low Risk,Normal Monitoring,0
France,Male,62,756,0.0,1,1,1,Low Risk,Normal Monitoring,1
France,Female,53,777,0.0,2,0,3,Medium Risk,Contact Customer,0
France,Male,35,646,84026.86,1,1,0,Low Risk,Normal Monitoring,0
France,Male,46,714,0.0,1,0,3,Medium Risk,Contact Customer,1
France,Male,39,782,0.0,2,1,0,Low Risk,Normal Monitoring,0
Spain,Male,29,775,0.0,2,1,0,Low Risk,Normal Monitoring,0
Germany,Male,35,479,138718.92,1,1,3,Medium Risk,Contact Customer,1
France,Male,42,807,118274.71,1,1,1,Low Risk,Normal Monitoring,0
France,Female,22,799,174185.98,2,1,1,Low Risk,Normal Monitoring,0
France,Male,40,675,113208.86,2,0,3,Medium Risk,Contact Customer,0
Spain,Male,29,602,103907.28,1,0,3,Medium Risk,Contact Customer,0
France,Female,32,475,119023.28,1,0,3,Medium Risk,Contact Customer,0
Spain,Female,26,744,166297.89,1,1,1,Low Risk,Normal Monitoring,0
Spain,Male,34,588,0.0,2,0,2,Low Risk,Normal Monitoring,0
Germany,Male,42,703,63227.0,1,1,2,Low Risk,Normal Monitoring,0
Spain,Female,41,747,94521.17,2,0,3,Medium Risk,Contact Customer,0
France,Male,27,583,0.0,2,0,2,Low Risk,Normal Monitoring,0
Spain,Female,34,750,112822.26,1,0,3,Medium Risk,Contact Customer,1
France,Male,38,681,0.0,2,1,0,Low Risk,Normal Monitoring,0
France,Male,25,773,135903.33,1,0,3,Medium Risk,Contact Customer,0
France,Female,31,714,125169.26,1,1,1,Low Risk,Normal Monitoring,0
Spain,Female,44,687,0.0,3,0,5,High Risk,Immediate Follow-up,1
France,Male,58,511,149117.31,1,1,2,Low Risk,Normal Monitoring,0
France,Male,33,627,0.0,2,1,0,Low Risk,Normal Monitoring,0
France,Female,31,694,0.0,2,0,2,Low Risk,Normal Monitoring,0
Spain,Female,36,616,132311.71,1,0,3,Medium Risk,Contact Customer,0
France,Male,35,687,0.0,2,0,2,Low Risk,Normal Monitoring,0
France,Female,33,712,0.0,2,1,0,Low Risk,Normal Monitoring,0
France,Male,33,553,118082.89,1,0,3,Medium Risk,Contact Customer,0
France,Male,31,667,119266.69,1,1,1,Low Risk,Normal Monitoring,0
France,Male,43,731,0.0,1,1,0,Low Risk,Normal Monitoring,1
Germany,Male,35,629,156847.29,2,0,5,High Risk,Immediate Follow-up,0
France,Male,50,614,137104.47,1,0,4,Medium Risk,Contact Customer,1
Germany,Male,31,438,78398.69,1,0,4,Medium Risk,Contact Customer,0
France,Female,80,652,0.0,2,1,1,Low Risk,Normal Monitoring,0
Germany,Male,30,729,63669.42,1,0,4,Medium Risk,Contact Customer,0
France,Male,38,642,0.0,2,0,2,Low Risk,Normal Monitoring,0
Germany,Female,59,806,135296.33,1,0,6,High Risk,Immediate Follow-up,0
Spain,Male,36,744,153804.44,1,1,1,Low Risk,Normal Monitoring,0
Spain,Male,37,474,0.0,2,0,2,Low Risk,Normal Monitoring,0
France,Male,49,559,147069.78,1,0,4,Medium Risk,Contact Customer,1
Spain,Male,42,706,0.0,2,1,0,Low Risk,Normal Monitoring,0
Spain,Female,22,628,0.0,1,0,2,Low Risk,Normal Monitoring,0
France,Male,24,429,95741.75,1,0,3,Medium Risk,Contact Customer,0
Spain,Female,57,525,145965.33,1,1,2,Low Risk,Normal Monitoring,0
France,Female,30,680,141441.75,1,1,1,Low Risk,Normal Monitoring,0
France,Male,40,749,139290.41,1,0,3,Medium Risk,Contact Customer,1
France,Female,31,763,0.0,2,0,2,Low Risk,Normal Monitoring,0
France,Male,30,734,0.0,2,0,2,Low Risk,Normal Monitoring,0
France,Male,35,716,144428.87,1,0,3,Medium Risk,Contact Customer,0
France,Male,35,594,0.0,2,0,2,Low Risk,Normal Monitoring,0
France,Female,46,644,95441.27,1,0,4,Medium Risk,Contact Customer,1
Germany,Male,35,671,144848.74,1,1,3,Medium Risk,Contact Customer,0
Germany,Male,26,664,116244.14,2,1,3,Medium Risk,Contact Customer,0
France,Male,50,656,0.0,2,1,1,Low Risk,Normal Monitoring,0
Spain,Female,40,667,146502.07,1,0,3,Medium Risk,Contact Customer,0
Germany,Male,44,663,117028.6,2,1,3,Medium Risk,Contact Customer,0
Germany,Female,30,584,112013.81,1,0,5,High Risk,Immediate Follow-up,1
Spain,Female,37,626,108269.37,1,0,3,Medium Risk,Contact Customer,0
France,Male,29,485,182123.79,1,0,3,Medium Risk,Contact Customer,1
Germany,Female,32,659,150923.74,2,1,3,Medium Risk,Contact Customer,0
France,Male,33,649,0.0,2,0,2,Low Risk,Normal Monitoring,0
Spain,Female,39,805,165272.13,1,0,3,Medium Risk,Contact Customer,1
Germany,Female,39,716,115301.31,1,0,5,High Risk,Immediate Follow-up,1
Germany,Female,40,642,129502.49,2,1,3,Medium Risk,Contact Customer,1
France,Male,31,659,118342.26,1,0,3,Medium Risk,Contact Customer,0
Spain,Female,47,545,0.0,2,1,1,Low Risk,Normal Monitoring,0
France,Male,22,543,0.0,2,0,2,Low Risk,Normal Monitoring,0
France,Female,25,718,0.0,2,0,2,Low Risk,Normal Monitoring,0
France,Female,43,840,0.0,2,0,2,Low Risk,Normal Monitoring,0
Germany,Female,34,630,106937.05,2,0,5,High Risk,Immediate Follow-up,0
Germany,Male,59,643,170331.37,1,1,4,Medium Risk,Contact Customer,0
Germany,Female,32,654,114510.85,1,1,3,Medium Risk,Contact Customer,0
France,Male,39,582,0.0,2,1,0,Low Risk,Normal Monitoring,0
Spain,Male,32,659,107594.11,2,1,1,Low Risk,Normal Monitoring,0
Spain,Male,39,762,81273.13,1,1,0,Low Risk,Normal Monitoring,0
Spain,Female,32,568,169399.6,1,0,3,Medium Risk,Contact Customer,0
Spain,Male,25,670,0.0,2,1,0,Low Risk,Normal Monitoring,0
France,Female,45,613,187841.99,2,1,2,Low Risk,Normal Monitoring,0
France,Male,30,539,0.0,2,0,2,Low Risk,Normal Monitoring,0
Spain,Female,57,850,126776.3,2,1,2,Low Risk,Normal Monitoring,0
Spain,Male,34,522,126436.29,1,0,3,Medium Risk,Contact Customer,1
France,Male,41,737,101960.74,1,1,1,Low Risk,Normal Monitoring,0
France,Male,58,520,0.0,2,1,1,Low Risk,Normal Monitoring,0
Spain,Male,28,706,0.0,2,1,0,Low Risk,Normal Monitoring,0
Germany,Female,45,643,150842.93,1,1,4,Medium Risk,Contact Customer,1
France,Female,50,648,102535.57,1,1,2,Low Risk,Normal Monitoring,0
Germany,Female,29,443,99027.61,2,0,5,High Risk,Immediate Follow-up,0
France,Male,68,640,0.0,2,1,1,Low Risk,Normal Monitoring,0
Spain,Female,33,628,0.0,1,1,0,Low Risk,Normal Monitoring,0
Germany,Female,42,540,87271.41,2,0,4,Medium Risk,Contact Customer,0
Germany,Female,35,460,102742.91,2,1,3,Medium Risk,Contact Customer,0
Germany,Male,34,636,40105.51,2,1,2,Low Risk,Normal Monitoring,0
France,Female,29,593,152265.43,1,0,3,Medium Risk,Contact Customer,0
Spain,Male,42,801,141947.67,1,1,1,Low Risk,Normal Monitoring,0
Germany,Female,75,640,106307.91,2,1,4,Medium Risk,Contact Customer,0
Germany,Male,31,611,107884.81,2,1,3,Medium Risk,Contact Customer,0
Germany,Male,31,802,125013.72,1,1,3,Medium Risk,Contact Customer,0
Germany,Male,35,717,58469.37,2,1,2,Low Risk,Normal Monitoring,0
France,Female,39,769,0.0,1,1,0,Low Risk,Normal Monitoring,0
Germany,Male,45,745,117231.63,3,1,7,High Risk,Immediate Follow-up,1
Spain,Male,35,572,152390.26,1,0,3,Medium Risk,Contact Customer,0
Spain,Female,30,629,34013.63,1,0,2,Low Risk,Normal Monitoring,0
Spain,Female,39,687,0.0,3,0,5,High Risk,Immediate Follow-up,1
France,Female,50,483,0.0,2,1,1,Low Risk,Normal Monitoring,0
France,Male,36,690,101583.11,2,0,3,Medium Risk,Contact Customer,0
Germany,Female,30,492,77168.87,2,1,2,Low Risk,Normal Monitoring,0
Germany,Male,28,709,124695.72,2,0,5,High Risk,Immediate Follow-up,0
Germany,Male,44,705,105934.96,1,0,5,High Risk,Immediate Follow-up,0
France,Female,66,560,0.0,1,1,1,Low Risk,Normal Monitoring,0
Spain,Male,46,611,0.0,2,0,3,Medium Risk,Contact Customer,0
Spain,Male,62,730,0.0,2,1,1,Low Risk,Normal Monitoring,0
Spain,Female,45,709,0.0,2,1,1,Low Risk,Normal Monitoring,0
France,Female,21,544,161525.96,2,0,3,Medium Risk,Contact Customer,0
Germany,Female,29,712,147199.07,1,1,3,Medium Risk,Contact Customer,0
Germany,Male,38,752,183102.29,1,1,3,Medium Risk,Contact Customer,0
Spain,Male,46,648,127209.0,2,0,4,Medium Risk,Contact Customer,1
Spain,Male,38,556,0.0,2,0,2,Low Risk,Normal Monitoring,1
Spain,Female,24,594,97378.54,1,1,1,Low Risk,Normal Monitoring,0
Germany,Female,37,645,136925.09,2,1,3,Medium Risk,Contact Customer,0
France,Male,33,557,54503.55,1,1,0,Low Risk,Normal Monitoring,0
Germany,Male,32,547,155726.85,1,0,5,High Risk,Immediate Follow-up,0
France,Female,39,701,0.0,2,1,0,Low Risk,Normal Monitoring,0
France,Female,66,616,135842.41,1,0,4,Medium Risk,Contact Customer,1
France,Male,52,605,63349.75,1,0,3,Medium Risk,Contact Customer,0
Germany,Female,38,593,129499.42,1,1,3,Medium Risk,Contact Customer,0
Spain,Male,52,751,0.0,2,1,1,Low Risk,Normal Monitoring,0
Spain,Male,36,443,70438.01,2,1,0,Low Risk,Normal Monitoring,0
France,Male,23,685,0.0,2,1,0,Low Risk,Normal Monitoring,0
France,Male,36,718,0.0,1,0,2,Low Risk,Normal Monitoring,0
Spain,Female,49,538,141434.04,1,0,4,Medium Risk,Contact Customer,1
Spain,Female,37,611,0.0,2,0,2,Low Risk,Normal Monitoring,0
Germany,Male,37,668,152958.29,2,1,3,Medium Risk,Contact Customer,0
Germany,Female,41,537,138306.34,1,0,5,High Risk,Immediate Follow-up,0
Spain,Male,23,709,0.0,2,0,2,Low Risk,Normal Monitoring,0
France,Male,38,850,0.0,2,1,0,Low Risk,Normal Monitoring,0
Spain,Female,31,745,124328.84,1,1,1,Low Risk,Normal Monitoring,0
Germany,Female,41,693,181461.48,3,1,6,High Risk,Immediate Follow-up,1
Spain,Male,35,795,0.0,2,0,2,Low Risk,Normal Monitoring,0
Spain,Male,26,626,0.0,2,0,2,Low Risk,Normal Monitoring,0
Germany,Female,61,487,110368.03,1,0,6,High Risk,Immediate Follow-up,1
France,Female,39,556,89588.35,1,1,0,Low Risk,Normal Monitoring,0
France,Female,46,643,0.0,2,0,3,Medium Risk,Contact Customer,0
France,Female,28,605,0.0,2,0,2,Low Risk,Normal Monitoring,0
Germany,Female,60,756,115924.89,1,0,6,High Risk,Immediate Follow-up,1
France,Female,38,586,0.0,2,0,2,Low Risk,Normal Monitoring,0
Germany,Male,40,535,111756.5,1,0,5,High Risk,Immediate Follow-up,1
France,Female,35,678,0.0,1,0,2,Low Risk,Normal Monitoring,0
France,Male,39,596,0.0,1,0,2,Low Risk,Normal Monitoring,0
France,Male,26,648,162923.85,1,0,3,Medium Risk,Contact Customer,0
Germany,Male,39,492,124576.65,2,0,5,High Risk,Immediate Follow-up,0
France,Male,45,702,80793.58,1,1,1,Low Risk,Normal Monitoring,0
Germany,Female,40,486,71340.09,1,0,4,Medium Risk,Contact Customer,0
Germany,Male,40,568,99282.63,1,0,5,High Risk,Immediate Follow-up,1
Germany,Male,57,619,137946.39,1,1,4,Medium Risk,Contact Customer,1
Germany,Male,41,724,127892.57,2,1,3,Medium Risk,Contact Customer,0
Germany,Female,33,548,101084.36,1,0,5,High Risk,Immediate Follow-up,0
Germany,Female,37,545,114754.08,1,0,5,High Risk,Immediate Follow-up,1
France,Male,33,683,0.0,1,0,2,Low Risk,Normal Monitoring,0
France,Female,51,762,99286.98,1,1,2,Low Risk,Normal Monitoring,0
Germany,Female,30,627,79871.02,2,0,4,Medium Risk,Contact Customer,0
France,Male,35,516,104088.59,2,0,3,Medium Risk,Contact Customer,0
France,Female,38,800,168190.33,2,0,3,Medium Risk,Contact Customer,0
Germany,Female,42,464,85679.25,1,1,2,Low Risk,Normal Monitoring,0
France,Female,35,626,0.0,1,0,2,Low Risk,Normal Monitoring,0
France,Female,31,790,0.0,2,0,2,Low Risk,Normal Monitoring,0
France,Female,34,534,121551.58,2,1,1,Low Risk,Normal Monitoring,0
France,Male,46,745,122220.19,1,1,2,Low Risk,Normal Monitoring,0
Spain,Male,47,553,116528.15,1,0,4,Medium Risk,Contact Customer,1
France,Female,26,748,77780.29,1,1,0,Low Risk,Normal Monitoring,0
France,Male,37,722,0.0,1,0,2,Low Risk,Normal Monitoring,0
France,Male,40,501,125832.2,1,1,1,Low Risk,Normal Monitoring,0
France,Female,38,675,68065.8,1,0,2,Low Risk,Normal Monitoring,1
Spain,Female,47,778,127299.34,2,0,4,Medium Risk,Contact Customer,0
Germany,Female,38,494,174937.64,1,0,5,High Risk,Immediate Follow-up,0
France,Male,40,850,0.0,2,1,0,Low Risk,Normal Monitoring,0
Spain,Male,31,592,110071.1,1,0,3,Medium Risk,Contact Customer,0
Spain,Female,44,590,139432.37,1,0,3,Medium Risk,Contact Customer,0
France,Female,39,758,127357.76,1,1,1,Low Risk,Normal Monitoring,0
France,Male,36,506,0.0,2,0,2,Low Risk,Normal Monitoring,0
France,Male,33,733,0.0,1,1,0,Low Risk,Normal Monitoring,0
France,Male,38,711,0.0,2,0,2,Low Risk,Normal Monitoring,0
Germany,Male,43,514,95556.31,1,1,3,Medium Risk,Contact Customer,1
Spain,Male,37,637,0.0,1,1,0,Low Risk,Normal Monitoring,0
Germany,Male,29,468,111681.98,2,1,3,Medium Risk,Contact Customer,0
France,Male,39,539,0.0,2,0,2,Low Risk,Normal Monitoring,0
Spain,Female,25,509,108738.71,2,0,3,Medium Risk,Contact Customer,0
France,Female,32,662,133950.37,1,1,1,Low Risk,Normal Monitoring,1
Spain,Male,26,818,0.0,2,1,0,Low Risk,Normal Monitoring,0
France,Male,33,608,89968.69,1,0,2,Low Risk,Normal Monitoring,0
Spain,Female,32,850,0.0,2,1,0,Low Risk,Normal Monitoring,0
Germany,Female,38,816,130878.75,3,0,8,High Risk,Immediate Follow-up,1
France,Male,35,536,0.0,2,0,2,Low Risk,Normal Monitoring,0
France,Male,35,753,0.0,2,1,0,Low Risk,Normal Monitoring,0
Spain,Male,27,631,134169.62,1,1,1,Low Risk,Normal Monitoring,0
France,Male,37,703,149762.08,1,0,3,Medium Risk,Contact Customer,1
France,Male,26,774,93844.69,1,0,3,Medium Risk,Contact Customer,0
France,Male,28,785,0.0,2,0,2,Low Risk,Normal Monitoring,0
France,Female,33,571,0.0,2,0,2,Low Risk,Normal Monitoring,0
Germany,Male,46,621,141078.37,1,0,6,High Risk,Immediate Follow-up,1
Germany,Female,31,605,117992.59,1,1,3,Medium Risk,Contact Customer,0
France,Female,40,611,100812.33,2,0,3,Medium Risk,Contact Customer,0
France,Male,38,569,0.0,1,1,0,Low Risk,Normal Monitoring,0
France,Male,29,658,80262.6,1,1,0,Low Risk,Normal Monitoring,0
Spain,Male,34,788,156478.62,1,1,1,Low Risk,Normal Monitoring,0
France,Female,23,525,0.0,2,0,2,Low Risk,Normal Monitoring,0
France,Male,37,798,0.0,3,0,5,High Risk,Immediate Follow-up,0
Germany,Male,37,486,115217.99,2,0,5,High Risk,Immediate Follow-up,0
Spain,Male,61,615,0.0,2,0,3,Medium Risk,Contact Customer,1
France,Female,35,730,155470.55,1,1,1,Low Risk,Normal Monitoring,0
France,Male,37,641,0.0,2,0,2,Low Risk,Normal Monitoring,0
France,Male,39,542,135096.77,1,1,1,Low Risk,Normal Monitoring,1
France,Male,30,692,0.0,2,1,0,Low Risk,Normal Monitoring,0
Germany,Female,55,714,180075.22,1,1,4,Medium Risk,Contact Customer,0
Spain,Male,29,591,97541.24,1,1,1,Low Risk,Normal Monitoring,0
France,Female,41,710,156067.05,1,1,1,Low Risk,Normal Monitoring,0
France,Female,38,639,81550.94,2,1,0,Low Risk,Normal Monitoring,0
France,Female,47,531,0.0,1,0,3,Medium Risk,Contact Customer,1
France,Female,38,673,170061.92,2,0,3,Medium Risk,Contact Customer,1
Germany,Male,36,765,92310.54,2,1,3,Medium Risk,Contact Customer,0
France,Female,32,622,169089.38,2,0,3,Medium Risk,Contact Customer,0
France,Male,40,806,80613.93,1,1,0,Low Risk,Normal Monitoring,0
Germany,Male,26,757,121581.56,2,1,3,Medium Risk,Contact Customer,0
France,Female,58,570,0.0,1,1,1,Low Risk,Normal Monitoring,1
Spain,Male,32,555,0.0,2,1,0,Low Risk,Normal Monitoring,0
France,Male,54,692,0.0,2,1,1,Low Risk,Normal Monitoring,0
France,Male,60,774,85891.55,1,0,3,Medium Risk,Contact Customer,1
Spain,Male,44,638,77637.35,2,1,0,Low Risk,Normal Monitoring,0
Spain,Female,41,543,0.0,1,0,2,Low Risk,Normal Monitoring,0
France,Male,31,584,0.0,2,0,2,Low Risk,Normal Monitoring,0
Germany,Male,30,691,116927.89,1,0,5,High Risk,Immediate Follow-up,0
Germany,Female,40,684,137326.65,1,0,5,High Risk,Immediate Follow-up,0
France,Male,22,733,0.0,2,1,0,Low Risk,Normal Monitoring,0
Spain,Female,37,599,0.0,2,1,0,Low Risk,Normal Monitoring,0
Germany,Female,31,524,67238.98,2,1,2,Low Risk,Normal Monitoring,0
Germany,Female,38,632,86569.76,2,0,4,Medium Risk,Contact Customer,0
Spain,Male,34,735,0.0,2,0,2,Low Risk,Normal Monitoring,0
France,Male,34,734,133598.4,1,1,1,Low Risk,Normal Monitoring,0
France,Female,51,605,136188.78,1,1,2,Low Risk,Normal Monitoring,1
Spain,Male,38,793,0.0,2,0,2,Low Risk,Normal Monitoring,0
France,Female,56,468,0.0,3,1,4,Medium Risk,Contact Customer,1
Germany,Male,37,779,120092.52,2,0,5,High Risk,Immediate Follow-up,0
France,Male,48,698,101238.24,2,1,2,Low Risk,Normal Monitoring,1
France,Male,58,707,89685.92,1,1,1,Low Risk,Normal Monitoring,0
France,Female,35,850,211774.31,1,0,3,Medium Risk,Contact Customer,1
France,Male,56,850,131317.48,1,1,2,Low Risk,Normal Monitoring,0
Spain,Male,37,527,93722.73,2,1,1,Low Risk,Normal Monitoring,0
Germany,Male,32,696,101160.99,1,1,3,Medium Risk,Contact Customer,0
France,Male,48,661,120320.54,1,0,4,Medium Risk,Contact Customer,0
France,Female,31,776,0.0,2,1,0,Low Risk,Normal Monitoring,0
France,Male,43,701,0.0,2,1,0,Low Risk,Normal Monitoring,0
France,Male,26,610,0.0,2,0,2,Low Risk,Normal Monitoring,0
Germany,Female,48,572,152827.99,1,0,6,High Risk,Immediate Follow-up,1
France,Male,30,673,64097.75,1,1,0,Low Risk,Normal Monitoring,0
Spain,Female,57,519,119035.35,2,1,2,Low Risk,Normal Monitoring,0
Spain,Female,26,702,135219.57,1,1,1,Low Risk,Normal Monitoring,0
France,Male,32,729,93694.42,1,1,1,Low Risk,Normal Monitoring,0
Spain,Male,35,543,59408.63,1,0,2,Low Risk,Normal Monitoring,0
France,Female,40,550,114354.95,1,0,3,Medium Risk,Contact Customer,0
France,Male,59,608,0.0,1,0,3,Medium Risk,Contact Customer,1
Germany,Male,35,639,128173.9,2,0,5,High Risk,Immediate Follow-up,0
Spain,Male,34,686,0.0,2,0,2,Low Risk,Normal Monitoring,0
Germany,Female,62,564,114931.35,3,1,7,High Risk,Immediate Follow-up,1
Germany,Female,28,745,111071.36,1,0,5,High Risk,Immediate Follow-up,1
France,Male,37,833,151226.18,2,1,1,Low Risk,Normal Monitoring,0
France,Male,26,622,0.0,2,1,0,Low Risk,Normal Monitoring,0
France,Female,42,597,64740.12,1,1,0,Low Risk,Normal Monitoring,0
Spain,Male,51,721,169312.13,1,0,4,Medium Risk,Contact Customer,1
France,Female,49,504,0.0,3,1,4,Medium Risk,Contact Customer,1
Spain,Female,44,842,112652.08,2,0,3,Medium Risk,Contact Customer,0
France,Male,38,587,0.0,2,0,2,Low Risk,Normal Monitoring,0
Germany,Female,30,479,143964.36,2,0,5,High Risk,Immediate Follow-up,0
France,Male,49,508,122451.46,2,1,2,Low Risk,Normal Monitoring,0
France,Male,24,749,0.0,3,1,3,Medium Risk,Contact Customer,0
Germany,Female,36,721,65253.07,2,0,4,Medium Risk,Contact Customer,0
Germany,Male,47,674,106901.94,1,1,4,Medium Risk,Contact Customer,1
Spain,Female,25,685,128509.63,1,0,3,Medium Risk,Contact Customer,0
France,Male,34,417,0.0,2,0,2,Low Risk,Normal Monitoring,0
Germany,Male,33,574,129834.67,1,0,5,High Risk,Immediate Follow-up,0
Spain,Female,51,590,154962.99,3,1,5,High Risk,Immediate Follow-up,1
Germany,Male,40,587,138241.9,2,0,5,High Risk,Immediate Follow-up,0
Germany,Male,41,598,91536.93,1,0,5,High Risk,Immediate Follow-up,1
Spain,Male,53,741,0.0,2,1,1,Low Risk,Normal Monitoring,0
Spain,Female,70,850,0.0,1,1,1,Low Risk,Normal Monitoring,0
Germany,Female,29,584,105204.01,1,1,3,Medium Risk,Contact Customer,0
Spain,Male,61,650,152968.73,1,1,2,Low Risk,Normal Monitoring,0
Spain,Male,36,607,158261.68,1,1,1,Low Risk,Normal Monitoring,0
France,Female,46,509,0.0,1,0,3,Medium Risk,Contact Customer,1
Spain,Female,38,689,121021.05,1,1,1,Low Risk,Normal Monitoring,0
France,Male,36,543,0.0,2,1,0,Low Risk,Normal Monitoring,0
Spain,Female,54,438,0.0,1,0,3,Medium Risk,Contact Customer,1
Spain,Female,63,687,137715.66,1,1,2,Low Risk,Normal Monitoring,0
Germany,Male,31,737,121192.22,2,1,3,Medium Risk,Contact Customer,0
France,Male,31,761,0.0,3,1,3,Medium Risk,Contact Customer,0
France,Male,44,601,100486.18,2,1,1,Low Risk,Normal Monitoring,0
France,Male,45,651,0.0,1,0,3,Medium Risk,Contact Customer,1
France,Male,35,745,92566.53,2,0,3,Medium Risk,Contact Customer,0
Spain,Female,49,648,0.0,2,1,1,Low Risk,Normal Monitoring,1
Spain,Male,40,848,110929.96,1,1,1,Low Risk,Normal Monitoring,0
France,Female,27,546,0.0,2,1,0,Low Risk,Normal Monitoring,0
Spain,Female,32,439,138901.61,1,0,3,Medium Risk,Contact Customer,0
France,Male,30,755,123217.66,2,1,1,Low Risk,Normal Monitoring,0
France,Female,41,593,0.0,1,0,2,Low Risk,Normal Monitoring,0
France,Male,39,701,0.0,2,1,0,Low Risk,Normal Monitoring,0
Spain,Male,36,701,0.0,2,0,2,Low Risk,Normal Monitoring,0
Spain,Female,33,607,108431.87,2,1,1,Low Risk,Normal Monitoring,1
Spain,Female,57,586,0.0,2,1,1,Low Risk,Normal Monitoring,0
Germany,Female,30,547,72392.41,1,0,4,Medium Risk,Contact Customer,0
Germany,Female,51,647,119741.77,2,0,6,High Risk,Immediate Follow-up,1
France,Female,51,760,100946.71,1,0,4,Medium Risk,Contact Customer,1
Spain,Male,53,621,170491.84,1,0,4,Medium Risk,Contact Customer,1
France,Male,44,725,0.0,1,1,0,Low Risk,Normal Monitoring,0
France,Male,36,526,0.0,1,0,2,Low Risk,Normal Monitoring,0
Spain,Female,47,519,157296.02,2,0,4,Medium Risk,Contact Customer,1
Germany,Female,38,713,144606.22,1,1,3,Medium Risk,Contact Customer,1
France,Male,38,700,134811.3,1,0,3,Medium Risk,Contact Customer,0
France,Female,34,666,115897.12,1,1,1,Low Risk,Normal Monitoring,0
Spain,Male,32,630,82034.0,1,0,2,Low Risk,Normal Monitoring,0
Spain,Female,26,779,174318.13,2,1,1,Low Risk,Normal Monitoring,0
Germany,Female,41,611,114206.84,1,0,5,High Risk,Immediate Follow-up,0
Spain,Male,43,685,0.0,2,0,2,Low Risk,Normal Monitoring,0
Germany,Male,39,646,111574.41,1,1,3,Medium Risk,Contact Customer,0
Germany,Female,57,683,162448.69,1,0,6,High Risk,Immediate Follow-up,1
Germany,Female,34,484,148249.54,1,1,3,Medium Risk,Contact Customer,0
France,Female,43,601,0.0,3,1,3,Medium Risk,Contact Customer,1
Spain,Female,26,762,123709.46,2,1,1,Low Risk,Normal Monitoring,0
France,Female,72,687,0.0,1,1,1,Low Risk,Normal Monitoring,0
France,Male,30,566,0.0,1,0,2,Low Risk,Normal Monitoring,1
France,Male,37,702,150525.8,1,1,1,Low Risk,Normal Monitoring,0
France,Male,29,601,0.0,1,1,0,Low Risk,Normal Monitoring,0
France,Male,53,699,0.0,2,1,1,Low Risk,Normal Monitoring,0
France,Male,28,584,0.0,2,0,2,Low Risk,Normal Monitoring,0
France,Male,35,699,0.0,2,1,0,Low Risk,Normal Monitoring,0
Germany,Female,51,698,111018.98,1,0,6,High Risk,Immediate Follow-up,0
France,Male,30,495,129755.99,1,0,3,Medium Risk,Contact Customer,0
France,Female,27,650,0.0,2,0,2,Low Risk,Normal Monitoring,0
France,Female,64,605,129555.7,1,1,2,Low Risk,Normal Monitoring,0
Spain,Male,38,667,87202.38,1,1,0,Low Risk,Normal Monitoring,0
Germany,Male,26,688,146133.39,1,1,3,Medium Risk,Contact Customer,0
Spain,Female,31,727,0.0,1,0,2,Low Risk,Normal Monitoring,1
Spain,Male,39,754,170184.99,2,0,3,Medium Risk,Contact Customer,0
Germany,Female,62,612,140745.33,1,0,6,High Risk,Immediate Follow-up,1
Spain,Male,42,546,139070.51,1,1,1,Low Risk,Normal Monitoring,0
Spain,Female,37,673,0.0,2,1,0,Low Risk,Normal Monitoring,0
France,Male,35,593,114193.24,1,0,3,Medium Risk,Contact Customer,0
Spain,Female,40,656,167878.5,1,1,1,Low Risk,Normal Monitoring,0
Germany,Female,53,535,141616.55,2,1,4,Medium Risk,Contact Customer,0
Germany,Male,36,678,145747.67,2,1,3,Medium Risk,Contact Customer,0
Spain,Female,48,477,129120.64,1,1,2,Low Risk,Normal Monitoring,0
Spain,Male,35,850,110349.82,1,0,3,Medium Risk,Contact Customer,0
France,Male,29,427,141325.56,1,1,1,Low Risk,Normal Monitoring,0
France,Male,49,752,78653.84,1,0,3,Medium Risk,Contact Customer,0
France,Male,47,649,0.0,2,1,1,Low Risk,Normal Monitoring,0
Spain,Female,28,799,142253.65,1,0,3,Medium Risk,Contact Customer,0
France,Female,61,589,0.0,1,0,3,Medium Risk,Contact Customer,1
Germany,Female,54,583,115988.86,1,0,6,High Risk,Immediate Follow-up,1
Spain,Female,33,839,75592.43,1,0,2,Low Risk,Normal Monitoring,0
Germany,Male,44,540,164113.04,2,1,3,Medium Risk,Contact Customer,0
France,Male,31,850,67996.23,2,0,2,Low Risk,Normal Monitoring,1
Spain,Female,51,696,0.0,2,0,3,Medium Risk,Contact Customer,0
Spain,Female,33,660,0.0,2,0,2,Low Risk,Normal Monitoring,0
France,Male,48,682,138778.15,1,1,2,Low Risk,Normal Monitoring,0
France,Female,43,744,147832.15,1,1,1,Low Risk,Normal Monitoring,0
France,Female,36,785,135438.4,1,0,3,Medium Risk,Contact Customer,0
Spain,Male,48,752,116060.08,1,0,4,Medium Risk,Contact Customer,1
France,Female,29,706,112564.62,1,0,3,Medium Risk,Contact Customer,0
France,Female,27,583,125406.58,1,1,1,Low Risk,Normal Monitoring,0
Germany,Female,39,660,135134.99,1,0,5,High Risk,Immediate Follow-up,1
France,Female,39,819,133102.92,1,0,3,Medium Risk,Contact Customer,1
France,Female,34,673,42157.08,1,0,2,Low Risk,Normal Monitoring,1
France,Female,30,752,0.0,2,1,0,Low Risk,Normal Monitoring,0
France,Male,38,578,82259.29,1,0,2,Low Risk,Normal Monitoring,0
France,Female,36,438,0.0,2,0,2,Low Risk,Normal Monitoring,0
France,Male,38,652,0.0,2,1,0,Low Risk,Normal Monitoring,0
France,Female,49,629,0.0,2,1,1,Low Risk,Normal Monitoring,0
France,Male,52,720,0.0,1,1,1,Low Risk,Normal Monitoring,0
France,Male,42,668,150461.07,1,0,3,Medium Risk,Contact Customer,0
Germany,Male,48,459,133994.52,1,1,4,Medium Risk,Contact Customer,1
Spain,Male,31,729,164870.81,2,1,1,Low Risk,Normal Monitoring,0
Germany,Male,25,498,121702.73,1,1,3,Medium Risk,Contact Customer,0
Spain,Male,25,549,193858.2,1,1,1,Low Risk,Normal Monitoring,0
Germany,Female,54,601,131039.97,2,1,4,Medium Risk,Contact Customer,0
France,Male,64,544,113829.45,1,1,2,Low Risk,Normal Monitoring,0
France,Female,30,751,0.0,2,0,2,Low Risk,Normal Monitoring,0
Germany,Female,41,632,81877.38,1,1,2,Low Risk,Normal Monitoring,0
Spain,Male,57,694,116326.07,1,1,2,Low Risk,Normal Monitoring,0
France,Male,31,678,0.0,2,1,0,Low Risk,Normal Monitoring,0
France,Male,46,695,0.0,2,1,1,Low Risk,Normal Monitoring,0
France,Female,41,661,0.0,2,1,0,Low Risk,Normal Monitoring,0
France,Male,33,661,0.0,2,1,0,Low Risk,Normal Monitoring,0
France,Female,31,559,127070.73,1,1,1,Low Risk,Normal Monitoring,0
France,Male,29,503,0.0,2,1,0,Low Risk,Normal Monitoring,0
Spain,Male,46,695,122549.64,1,1,2,Low Risk,Normal Monitoring,0
France,Female,42,640,176099.13,1,1,1,Low Risk,Normal Monitoring,0
Germany,Female,48,624,122388.38,2,0,6,High Risk,Immediate Follow-up,0
France,Male,42,667,0.0,2,1,0,Low Risk,Normal Monitoring,0
France,Male,26,642,0.0,1,0,2,Low Risk,Normal Monitoring,0
Spain,Female,32,640,118879.35,2,1,1,Low Risk,Normal Monitoring,0
Spain,Male,35,529,0.0,2,1,0,Low Risk,Normal Monitoring,0
France,Female,39,563,0.0,2,1,0,Low Risk,Normal Monitoring,0
Spain,Female,38,593,88736.44,2,0,2,Low Risk,Normal Monitoring,0
Germany,Male,45,739,102703.62,1,1,4,Medium Risk,Contact Customer,1
Spain,Female,70,788,0.0,2,1,1,Low Risk,Normal Monitoring,0
Spain,Female,38,684,0.0,2,0,2,Low Risk,Normal Monitoring,0
France,Male,55,482,97318.25,1,1,2,Low Risk,Normal Monitoring,0
Spain,Male,58,591,128468.69,1,1,2,Low Risk,Normal Monitoring,0
Germany,Female,41,651,133432.59,1,1,3,Medium Risk,Contact Customer,0
Germany,Female,40,749,141782.57,2,0,5,High Risk,Immediate Follow-up,0
France,Male,24,583,135125.28,1,0,3,Medium Risk,Contact Customer,0
Spain,Male,42,661,178820.91,1,0,3,Medium Risk,Contact Customer,1
France,Female,31,715,112212.14,2,1,1,Low Risk,Normal Monitoring,0
Germany,Female,45,769,126674.81,1,0,6,High Risk,Immediate Follow-up,1
France,Female,51,625,136294.97,1,0,4,Medium Risk,Contact Customer,1
France,Female,36,641,66392.64,1,0,2,Low Risk,Normal Monitoring,0
Germany,Male,27,716,122552.34,2,0,5,High Risk,Immediate Follow-up,0
France,Male,43,767,76408.85,2,0,2,Low Risk,Normal Monitoring,0
Germany,Male,36,745,145071.24,1,0,5,High Risk,Immediate Follow-up,0
France,Male,34,589,0.0,2,1,0,Low Risk,Normal Monitoring,0
France,Female,45,796,109730.22,1,1,2,Low Risk,Normal Monitoring,0
France,Male,57,664,0.0,2,1,1,Low Risk,Normal Monitoring,0
Spain,Male,62,445,64119.38,1,1,1,Low Risk,Normal Monitoring,1
Germany,Female,57,543,106138.33,2,1,4,Medium Risk,Contact Customer,1
Spain,Male,36,746,0.0,2,1,0,Low Risk,Normal Monitoring,0
Germany,Male,33,742,181656.51,1,1,3,Medium Risk,Contact Customer,0
France,Female,32,750,0.0,2,0,2,Low Risk,Normal Monitoring,0
France,Male,30,669,95128.86,1,0,3,Medium Risk,Contact Customer,0
Spain,Female,49,594,126615.94,2,1,2,Low Risk,Normal Monitoring,0
Spain,Male,36,574,0.0,2,1,0,Low Risk,Normal Monitoring,0
Germany,Male,36,659,76190.48,2,1,2,Low Risk,Normal Monitoring,0
Germany,Male,40,750,168286.81,3,0,8,High Risk,Immediate Follow-up,1
Germany,Male,35,626,88109.81,1,1,2,Low Risk,Normal Monitoring,0
France,Male,42,620,0.0,2,0,2,Low Risk,Normal Monitoring,0
France,Female,35,580,0.0,2,1,0,Low Risk,Normal Monitoring,0
France,Female,34,686,123971.51,2,0,3,Medium Risk,Contact Customer,0
France,Male,48,540,148116.48,1,0,4,Medium Risk,Contact Customer,0
Germany,Male,35,634,116269.01,1,0,5,High Risk,Immediate Follow-up,0
Spain,Male,38,632,120599.21,1,0,3,Medium Risk,Contact Customer,0
France,Female,41,501,144260.5,1,0,3,Medium Risk,Contact Customer,0
Spain,Female,25,650,86605.5,3,0,5,High Risk,Immediate Follow-up,1
France,Male,34,786,0.0,2,0,2,Low Risk,Normal Monitoring,0
Germany,Female,37,554,58629.97,1,0,4,Medium Risk,Contact Customer,0
Spain,Female,42,701,0.0,2,0,2,Low Risk,Normal Monitoring,0
France,Male,45,474,0.0,2,0,3,Medium Risk,Contact Customer,0
France,Female,43,621,0.0,1,1,0,Low Risk,Normal Monitoring,0
Spain,Female,56,672,209767.31,2,1,2,Low Risk,Normal Monitoring,1
Spain,Female,42,459,129634.25,2,1,1,Low Risk,Normal Monitoring,1
France,Male,23,669,0.0,2,0,2,Low Risk,Normal Monitoring,0
France,Female,38,776,169824.46,1,0,3,Medium Risk,Contact Customer,0
France,Male,36,694,97530.25,1,1,1,Low Risk,Normal Monitoring,0
France,Female,42,787,145988.65,2,1,1,Low Risk,Normal Monitoring,0
France,Male,37,580,0.0,2,1,0,Low Risk,Normal Monitoring,0
France,Female,25,711,0.0,3,1,3,Medium Risk,Contact Customer,0
France,Female,40,673,137494.28,1,0,3,Medium Risk,Contact Customer,0
France,Female,57,499,0.0,1,0,3,Medium Risk,Contact Customer,1
France,Male,24,591,147360.0,1,1,1,Low Risk,Normal Monitoring,0
France,Female,25,769,0.0,2,0,2,Low Risk,Normal Monitoring,0
Spain,Male,31,657,125167.02,1,0,3,Medium Risk,Contact Customer,0
Germany,Male,43,738,121152.05,2,0,5,High Risk,Immediate Follow-up,1
Germany,Female,60,545,128981.07,1,1,4,Medium Risk,Contact Customer,1
France,Male,47,497,0.0,1,1,1,Low Risk,Normal Monitoring,0
Spain,Male,67,816,151858.98,1,1,2,Low Risk,Normal Monitoring,0
France,Male,36,525,114628.4,1,1,1,Low Risk,Normal Monitoring,0
France,Male,46,725,0.0,2,0,3,Medium Risk,Contact Customer,0
France,Female,28,692,95059.02,2,0,3,Medium Risk,Contact Customer,0
France,Female,24,618,128736.39,1,1,1,Low Risk,Normal Monitoring,0
France,Male,24,546,156325.38,1,1,1,Low Risk,Normal Monitoring,0
France,Male,29,635,105405.97,1,1,1,Low Risk,Normal Monitoring,0
France,Female,49,611,88915.37,3,0,6,High Risk,Immediate Follow-up,1
France,Male,60,650,0.0,2,1,1,Low Risk,Normal Monitoring,0
France,Male,40,606,0.0,2,1,0,Low Risk,Normal Monitoring,0
France,Male,18,844,160980.03,1,0,3,Medium Risk,Contact Customer,0
Spain,Female,46,450,177619.71,1,0,4,Medium Risk,Contact Customer,0
Spain,Male,38,727,62276.99,1,1,0,Low Risk,Normal Monitoring,0
Germany,Male,46,460,127559.97,2,1,4,Medium Risk,Contact Customer,0
France,Male,41,649,0.0,2,1,0,Low Risk,Normal Monitoring,0
Germany,Female,47,758,95523.16,1,0,6,High Risk,Immediate Follow-up,0
France,Female,35,490,107749.03,1,1,1,Low Risk,Normal Monitoring,0
Germany,Male,37,815,110777.26,2,0,5,High Risk,Immediate Follow-up,0
Spain,Female,39,838,166733.92,2,0,3,Medium Risk,Contact Customer,0
France,Male,31,803,157120.86,2,0,3,Medium Risk,Contact Customer,0
Germany,Female,36,664,127160.78,2,0,5,High Risk,Immediate Follow-up,0
Spain,Female,28,736,0.0,2,1,0,Low Risk,Normal Monitoring,0
France,Female,37,633,156091.97,1,0,3,Medium Risk,Contact Customer,0
France,Male,58,664,98668.18,1,1,2,Low Risk,Normal Monitoring,0
France,Female,43,600,134022.06,1,0,3,Medium Risk,Contact Customer,0
France,Female,35,693,124151.09,1,0,3,Medium Risk,Contact Customer,1
Germany,Female,36,663,77253.5,1,0,4,Medium Risk,Contact Customer,1
Germany,Female,21,742,114292.48,1,0,5,High Risk,Immediate Follow-up,0
Germany,Male,43,710,140080.32,3,1,6,High Risk,Immediate Follow-up,1
Spain,Female,27,710,135277.96,1,0,3,Medium Risk,Contact Customer,0
France,Female,82,700,0.0,2,1,1,Low Risk,Normal Monitoring,0
Germany,Male,60,720,115920.62,2,0,6,High Risk,Immediate Follow-up,1
Spain,Male,41,684,119782.72,2,0,3,Medium Risk,Contact Customer,0
France,Female,63,531,114715.71,1,1,2,Low Risk,Normal Monitoring,1
Germany,Female,36,742,129748.54,2,0,5,High Risk,Immediate Follow-up,1
France,Male,31,717,129722.57,1,0,3,Medium Risk,Contact Customer,0
France,Male,32,589,0.0,2,1,0,Low Risk,Normal Monitoring,0
France,Male,36,767,139180.2,1,0,3,Medium Risk,Contact Customer,0
Germany,Male,49,636,113599.74,2,0,6,High Risk,Immediate Follow-up,1
France,Male,33,648,134944.0,1,1,1,Low Risk,Normal Monitoring,0
Germany,Female,58,622,116922.25,1,0,6,High Risk,Immediate Follow-up,1
Spain,Male,28,692,118945.09,1,0,3,Medium Risk,Contact Customer,1
France,Male,28,754,0.0,2,1,0,Low Risk,Normal Monitoring,0
Spain,Female,35,679,119182.73,1,0,3,Medium Risk,Contact Customer,0
France,Male,27,639,0.0,2,0,2,Low Risk,Normal Monitoring,0
France,Female,28,774,71264.02,2,1,0,Low Risk,Normal Monitoring,0
France,Male,41,517,0.0,2,1,0,Low Risk,Normal Monitoring,0
France,Female,35,571,0.0,2,0,2,Low Risk,Normal Monitoring,0
Germany,Male,58,747,116313.57,1,1,4,Medium Risk,Contact Customer,1
Spain,Male,36,792,92140.15,1,1,1,Low Risk,Normal Monitoring,0
France,Male,26,688,0.0,2,1,0,Low Risk,Normal Monitoring,0
Germany,Male,42,714,177640.09,1,1,3,Medium Risk,Contact Customer,0
Spain,Female,35,562,0.0,2,0,2,Low Risk,Normal Monitoring,0
Spain,Male,48,704,167997.6,1,1,2,Low Risk,Normal Monitoring,0
France,Male,36,698,82275.35,2,1,0,Low Risk,Normal Monitoring,0
France,Male,49,611,0.0,2,1,1,Low Risk,Normal Monitoring,0
Germany,Female,48,850,111962.99,1,0,6,High Risk,Immediate Follow-up,0
Germany,Female,34,743,131736.88,1,1,3,Medium Risk,Contact Customer,0
France,Male,29,654,0.0,1,0,2,Low Risk,Normal Monitoring,0
Germany,Male,36,761,108239.11,2,0,5,High Risk,Immediate Follow-up,0
France,Female,46,702,98444.19,1,1,2,Low Risk,Normal Monitoring,0
Germany,Male,32,488,114540.38,1,0,5,High Risk,Immediate Follow-up,0
France,Female,35,683,187530.66,2,1,1,Low Risk,Normal Monitoring,0
Germany,Female,42,601,133636.16,1,1,3,Medium Risk,Contact Customer,0
France,Male,52,605,0.0,2,1,1,Low Risk,Normal Monitoring,0
Germany,Female,44,671,84745.03,2,1,2,Low Risk,Normal Monitoring,0
Germany,Female,31,614,120599.38,2,1,3,Medium Risk,Contact Customer,0
Spain,Female,29,511,0.0,2,1,0,Low Risk,Normal Monitoring,0
France,Male,39,850,127771.35,2,1,1,Low Risk,Normal Monitoring,0
Spain,Female,46,790,0.0,1,0,3,Medium Risk,Contact Customer,1
France,Female,33,793,0.0,1,0,2,Low Risk,Normal Monitoring,0
France,Male,69,628,0.0,2,1,1,Low Risk,Normal Monitoring,0
Germany,Male,53,598,167772.96,1,1,4,Medium Risk,Contact Customer,0
France,Female,37,657,95845.6,1,0,3,Medium Risk,Contact Customer,0
France,Female,35,618,0.0,2,0,2,Low Risk,Normal Monitoring,0
Spain,Male,65,681,134714.7,2,1,2,Low Risk,Normal Monitoring,0
Spain,Female,33,516,0.0,2,1,0,Low Risk,Normal Monitoring,0
Germany,Male,28,421,122384.22,3,1,6,High Risk,Immediate Follow-up,1
France,Female,26,700,0.0,2,0,2,Low Risk,Normal Monitoring,0
France,Male,25,745,157993.15,2,0,3,Medium Risk,Contact Customer,0
France,Male,29,696,0.0,2,0,2,Low Risk,Normal Monitoring,0
Germany,Female,42,580,123331.36,1,0,5,High Risk,Immediate Follow-up,1
Spain,Male,27,497,75263.16,1,1,0,Low Risk,Normal Monitoring,0
France,Female,43,720,137824.03,2,0,3,Medium Risk,Contact Customer,0
Germany,Male,36,659,132578.92,2,0,5,High Risk,Immediate Follow-up,0
France,Female,36,841,156021.31,1,0,3,Medium Risk,Contact Customer,0
Spain,Male,34,642,0.0,1,0,2,Low Risk,Normal Monitoring,0
Spain,Female,69,732,137453.43,1,1,2,Low Risk,Normal Monitoring,1
Spain,Male,36,600,0.0,2,0,2,Low Risk,Normal Monitoring,0
Germany,Male,33,464,164284.72,2,1,3,Medium Risk,Contact Customer,0
France,Female,47,680,0.0,2,1,1,Low Risk,Normal Monitoring,0
Spain,Male,56,758,0.0,2,1,1,Low Risk,Normal Monitoring,0
Germany,Female,31,630,112373.49,2,1,3,Medium Risk,Contact Customer,0
France,Female,39,577,0.0,2,0,2,Low Risk,Normal Monitoring,0
France,Female,34,684,0.0,2,1,0,Low Risk,Normal Monitoring,0
Spain,Female,41,708,0.0,1,1,0,Low Risk,Normal Monitoring,0
Germany,Female,29,732,154333.82,1,1,3,Medium Risk,Contact Customer,0
Germany,Male,37,634,111432.77,2,1,3,Medium Risk,Contact Customer,0
France,Female,30,633,0.0,2,0,2,Low Risk,Normal Monitoring,0
France,Male,34,559,137390.11,2,0,3,Medium Risk,Contact Customer,0
Spain,Female,37,694,0.0,2,1,0,Low Risk,Normal Monitoring,0
Germany,Female,56,686,111642.08,1,1,4,Medium Risk,Contact Customer,0
Spain,Female,48,553,0.0,1,1,1,Low Risk,Normal Monitoring,1
France,Male,36,507,83543.37,1,0,2,Low Risk,Normal Monitoring,0
Germany,Male,50,732,145338.76,1,0,6,High Risk,Immediate Follow-up,1
France,Female,31,818,186796.37,1,0,3,Medium Risk,Contact Customer,0
Germany,Male,35,660,58641.43,1,1,2,Low Risk,Normal Monitoring,0
Spain,Female,41,773,0.0,1,0,2,Low Risk,Normal Monitoring,1
France,Male,44,640,137148.68,1,0,3,Medium Risk,Contact Customer,0
France,Male,49,505,80001.23,1,0,3,Medium Risk,Contact Customer,0
Germany,Male,21,714,86402.52,2,0,4,Medium Risk,Contact Customer,0
France,Female,42,468,0.0,2,0,2,Low Risk,Normal Monitoring,0
Spain,Male,51,611,122874.74,1,1,2,Low Risk,Normal Monitoring,0
France,Male,25,705,97544.29,1,1,1,Low Risk,Normal Monitoring,0
Germany,Male,46,646,170826.55,2,0,6,High Risk,Immediate Follow-up,0
Germany,Female,48,667,97133.92,2,0,6,High Risk,Immediate Follow-up,1
Germany,Female,41,511,153895.65,1,1,3,Medium Risk,Contact Customer,0
France,Female,43,653,0.0,2,1,0,Low Risk,Normal Monitoring,0
France,Female,57,675,0.0,2,1,1,Low Risk,Normal Monitoring,0
Spain,Male,32,523,0.0,2,0,2,Low Risk,Normal Monitoring,0
Germany,Female,49,567,134956.02,1,0,6,High Risk,Immediate Follow-up,1
Spain,Male,39,741,143637.58,2,1,1,Low Risk,Normal Monitoring,0
Spain,Male,32,456,147506.25,1,1,1,Low Risk,Normal Monitoring,0
France,Male,64,598,0.0,2,0,3,Medium Risk,Contact Customer,1
France,Male,43,667,190227.46,1,0,3,Medium Risk,Contact Customer,1
France,Female,32,548,172448.77,1,0,3,Medium Risk,Contact Customer,1
France,Male,41,725,113980.21,1,1,1,Low Risk,Normal Monitoring,0
France,Male,53,717,0.0,2,1,1,Low Risk,Normal Monitoring,0
France,Male,38,594,0.0,2,0,2,Low Risk,Normal Monitoring,0
Germany,Female,25,678,76968.12,2,1,2,Low Risk,Normal Monitoring,0
France,Male,38,545,88293.13,2,1,0,Low Risk,Normal Monitoring,0
France,Female,48,636,170833.46,1,0,4,Medium Risk,Contact Customer,1
Germany,Male,44,603,108122.39,2,0,5,High Risk,Immediate Follow-up,1
France,Male,36,435,0.0,1,1,0,Low Risk,Normal Monitoring,0
France,Female,40,535,0.0,1,1,0,Low Risk,Normal Monitoring,0
Germany,Female,45,629,129818.39,3,0,9,High Risk,Immediate Follow-up,1
France,Female,35,722,163943.89,2,1,1,Low Risk,Normal Monitoring,0
France,Male,28,561,0.0,2,0,2,Low Risk,Normal Monitoring,0
France,Female,38,645,101430.3,2,1,1,Low Risk,Normal Monitoring,0
France,Female,39,501,117301.66,1,0,3,Medium Risk,Contact Customer,0
Germany,Female,32,502,173340.83,1,1,3,Medium Risk,Contact Customer,0
Spain,Female,42,652,0.0,2,1,0,Low Risk,Normal Monitoring,0
France,Female,33,574,134348.57,1,0,3,Medium Risk,Contact Customer,0
France,Female,45,518,105525.65,2,1,2,Low Risk,Normal Monitoring,0
France,Female,60,749,0.0,1,0,3,Medium Risk,Contact Customer,1
France,Female,43,679,0.0,3,0,5,High Risk,Immediate Follow-up,1
France,Male,36,565,106192.1,1,0,3,Medium Risk,Contact Customer,0
France,Female,45,643,45144.43,1,0,3,Medium Risk,Contact Customer,1
France,Male,65,515,92113.61,1,1,2,Low Risk,Normal Monitoring,0
France,Male,25,521,0.0,2,1,0,Low Risk,Normal Monitoring,0
Spain,Male,38,739,128366.44,1,0,3,Medium Risk,Contact Customer,0
France,Male,42,585,0.0,2,1,0,Low Risk,Normal Monitoring,0
Germany,Male,74,733,106545.53,1,1,4,Medium Risk,Contact Customer,0
France,Female,43,542,145618.37,1,1,1,Low Risk,Normal Monitoring,0
Spain,Male,37,788,141541.25,1,0,3,Medium Risk,Contact Customer,0
Germany,Male,32,435,57017.06,2,1,2,Low Risk,Normal Monitoring,0
France,Male,42,577,0.0,1,0,2,Low Risk,Normal Monitoring,0
France,Female,51,703,0.0,3,1,4,Medium Risk,Contact Customer,1
Germany,Female,35,728,125884.95,2,0,5,High Risk,Immediate Follow-up,1
Germany,Male,32,728,61825.5,1,1,2,Low Risk,Normal Monitoring,0
France,Male,35,718,0.0,2,0,2,Low Risk,Normal Monitoring,0
France,Female,40,621,0.0,1,0,2,Low Risk,Normal Monitoring,0
France,Female,40,523,102967.41,1,0,3,Medium Risk,Contact Customer,1
Germany,Male,25,657,171770.55,1,0,5,High Risk,Immediate Follow-up,0
Germany,Male,40,727,93051.64,2,0,5,High Risk,Immediate Follow-up,1
France,Male,36,643,161064.64,2,1,1,Low Risk,Normal Monitoring,0
France,Female,48,645,90612.34,1,1,2,Low Risk,Normal Monitoring,0
France,Male,28,568,145105.64,2,0,3,Medium Risk,Contact Customer,0
France,Male,58,599,0.0,1,0,3,Medium Risk,Contact Customer,1
France,Female,45,672,0.0,1,1,1,Low Risk,Normal Monitoring,1
France,Male,33,685,174912.72,1,1,1,Low Risk,Normal Monitoring,0
France,Female,46,516,104947.72,1,0,4,Medium Risk,Contact Customer,1
Spain,Male,31,685,135213.71,1,1,1,Low Risk,Normal Monitoring,0
Spain,Male,25,806,0.0,2,0,2,Low Risk,Normal Monitoring,0
France,Male,36,604,116229.85,2,1,1,Low Risk,Normal Monitoring,0
Spain,Female,53,648,111201.41,1,1,2,Low Risk,Normal Monitoring,0
Spain,Female,32,545,0.0,1,0,2,Low Risk,Normal Monitoring,0
Germany,Male,27,756,131899.0,1,0,5,High Risk,Immediate Follow-up,0
France,Male,35,569,124525.52,1,1,1,Low Risk,Normal Monitoring,0
France,Male,47,596,0.0,1,0,3,Medium Risk,Contact Customer,0
France,Male,39,475,0.0,1,1,0,Low Risk,Normal Monitoring,1
France,Female,45,646,47134.75,1,1,1,Low Risk,Normal Monitoring,0
Spain,Male,35,784,0.0,2,0,2,Low Risk,Normal Monitoring,0
Spain,Male,45,552,0.0,2,0,3,Medium Risk,Contact Customer,0
France,Male,44,729,0.0,2,1,0,Low Risk,Normal Monitoring,0
Spain,Male,61,609,0.0,1,0,3,Medium Risk,Contact Customer,1
France,Male,51,555,0.0,3,0,6,High Risk,Immediate Follow-up,1
Germany,Female,19,572,138657.08,1,1,3,Medium Risk,Contact Customer,0
France,Female,34,785,70302.48,1,1,0,Low Risk,Normal Monitoring,0
Germany,Female,36,714,101609.01,2,1,3,Medium Risk,Contact Customer,0
Spain,Male,35,738,0.0,1,1,0,Low Risk,Normal Monitoring,0
Germany,Male,38,639,130170.82,1,1,3,Medium Risk,Contact Customer,0
Germany,Male,61,520,133802.29,2,1,4,Medium Risk,Contact Customer,0
France,Female,24,764,106234.02,1,0,3,Medium Risk,Contact Customer,0
Spain,Male,39,661,132628.98,1,0,3,Medium Risk,Contact Customer,0
Germany,Male,41,564,103522.75,2,1,3,Medium Risk,Contact Customer,0
Germany,Female,42,708,192390.52,2,0,5,High Risk,Immediate Follow-up,0
Spain,Male,36,512,0.0,1,1,0,Low Risk,Normal Monitoring,1
Spain,Male,37,592,0.0,3,1,3,Medium Risk,Contact Customer,0
France,Female,38,619,0.0,2,1,0,Low Risk,Normal Monitoring,0
France,Male,52,775,109922.61,1,1,2,Low Risk,Normal Monitoring,1
Germany,Female,44,850,128605.32,1,1,3,Medium Risk,Contact Customer,0
France,Female,37,577,0.0,1,1,0,Low Risk,Normal Monitoring,0
France,Female,37,724,68598.56,1,0,2,Low Risk,Normal Monitoring,0
Spain,Male,35,710,106518.52,1,1,1,Low Risk,Normal Monitoring,0
France,Female,31,696,0.0,2,0,2,Low Risk,Normal Monitoring,0
France,Female,46,376,0.0,1,0,3,Medium Risk,Contact Customer,1
Germany,Female,29,675,121326.42,1,0,5,High Risk,Immediate Follow-up,0
France,Male,36,745,67226.37,1,0,2,Low Risk,Normal Monitoring,0
Spain,Female,25,697,82931.85,2,1,0,Low Risk,Normal Monitoring,0
Spain,Female,39,599,0.0,1,0,2,Low Risk,Normal Monitoring,1
France,Female,38,715,118590.41,1,1,1,Low Risk,Normal Monitoring,1
France,Male,67,659,145981.87,1,1,2,Low Risk,Normal Monitoring,0
France,Female,48,684,73309.38,1,0,3,Medium Risk,Contact Customer,1
France,Female,48,635,130796.33,2,1,2,Low Risk,Normal Monitoring,0
Germany,Male,33,789,151607.56,1,0,5,High Risk,Immediate Follow-up,0
Germany,Female,66,571,111577.01,1,1,4,Medium Risk,Contact Customer,0
Spain,Male,39,694,107042.74,1,1,1,Low Risk,Normal Monitoring,0
Spain,Female,42,665,156371.61,2,1,1,Low Risk,Normal Monitoring,1
France,Female,44,706,129605.99,1,0,3,Medium Risk,Contact Customer,0
Spain,Female,43,807,0.0,2,1,0,Low Risk,Normal Monitoring,0
Spain,Female,67,771,0.0,2,1,1,Low Risk,Normal Monitoring,0
Spain,Male,27,531,132576.25,1,0,3,Medium Risk,Contact Customer,0
France,Female,37,629,129101.3,1,1,1,Low Risk,Normal Monitoring,0
Germany,Female,31,850,108822.4,1,1,3,Medium Risk,Contact Customer,0
Spain,Male,35,685,137948.51,1,0,3,Medium Risk,Contact Customer,0
Spain,Male,32,642,100433.8,1,1,1,Low Risk,Normal Monitoring,0
Spain,Male,63,529,96134.11,3,0,7,High Risk,Immediate Follow-up,1
Germany,Female,43,683,115888.04,1,1,3,Medium Risk,Contact Customer,1
France,Female,42,663,124626.07,1,1,1,Low Risk,Normal Monitoring,0
France,Female,34,563,139810.34,1,1,1,Low Risk,Normal Monitoring,0
Spain,Female,34,637,0.0,2,0,2,Low Risk,Normal Monitoring,0
France,Male,37,544,84496.71,1,0,2,Low Risk,Normal Monitoring,0
Germany,Male,70,649,116854.71,2,1,4,Medium Risk,Contact Customer,0
France,Female,48,638,138333.03,1,1,2,Low Risk,Normal Monitoring,0
France,Male,25,723,0.0,2,1,0,Low Risk,Normal Monitoring,0
Germany,Male,43,635,78992.75,2,0,4,Medium Risk,Contact Customer,0
Spain,Female,38,750,97257.41,2,1,1,Low Risk,Normal Monitoring,0
France,Male,34,730,122453.37,2,0,3,Medium Risk,Contact Customer,0
Spain,Female,36,750,112940.07,1,1,1,Low Risk,Normal Monitoring,0
France,Female,43,586,132558.26,1,0,3,Medium Risk,Contact Customer,1
France,Female,38,520,0.0,2,0,2,Low Risk,Normal Monitoring,0
France,Female,48,652,133297.24,1,0,4,Medium Risk,Contact Customer,0
France,Female,46,550,0.0,2,0,3,Medium Risk,Contact Customer,0
France,Male,27,594,197041.8,1,0,3,Medium Risk,Contact Customer,0
Germany,Female,44,749,71497.79,2,0,4,Medium Risk,Contact Customer,0
France,Male,32,668,0.0,2,1,0,Low Risk,Normal Monitoring,0
Germany,Female,35,614,128100.28,1,0,5,High Risk,Immediate Follow-up,1
France,Male,25,773,124532.78,2,1,1,Low Risk,Normal Monitoring,0
Germany,Male,31,551,82293.82,2,1,2,Low Risk,Normal Monitoring,0
France,Male,36,566,142120.91,1,0,3,Medium Risk,Contact Customer,0
Spain,Male,34,569,151839.26,1,0,3,Medium Risk,Contact Customer,1
Spain,Male,31,659,149620.88,2,1,1,Low Risk,Normal Monitoring,0
France,Female,49,722,168197.66,1,0,4,Medium Risk,Contact Customer,1
France,Male,37,655,93147.0,2,0,3,Medium Risk,Contact Customer,0
France,Female,35,615,97440.02,2,1,1,Low Risk,Normal Monitoring,0
Germany,Female,42,752,65046.08,2,1,2,Low Risk,Normal Monitoring,0
Spain,Female,28,661,95357.49,1,0,3,Medium Risk,Contact Customer,0
Spain,Male,43,838,123105.88,2,0,3,Medium Risk,Contact Customer,0
Spain,Male,29,610,0.0,3,1,3,Medium Risk,Contact Customer,0
Spain,Male,44,811,0.0,2,1,0,Low Risk,Normal Monitoring,0
Spain,Male,62,587,121286.27,1,1,2,Low Risk,Normal Monitoring,0
Germany,Female,28,811,167738.82,2,1,3,Medium Risk,Contact Customer,0
France,Female,38,759,104091.29,1,0,3,Medium Risk,Contact Customer,0
Germany,Female,42,648,121980.56,2,0,5,High Risk,Immediate Follow-up,0
France,Female,43,788,0.0,2,1,0,Low Risk,Normal Monitoring,0
Germany,Male,39,725,50880.98,2,1,2,Low Risk,Normal Monitoring,0
France,Female,42,646,175159.9,2,0,3,Medium Risk,Contact Customer,1
Germany,Female,26,601,105514.69,2,0,5,High Risk,Immediate Follow-up,0
Germany,Male,52,521,116497.31,3,0,9,High Risk,Immediate Follow-up,1
Spain,Female,33,561,0.0,2,0,2,Low Risk,Normal Monitoring,0
France,Male,42,564,99824.45,1,1,1,Low Risk,Normal Monitoring,0
France,Male,45,444,0.0,1,0,3,Medium Risk,Contact Customer,1
Spain,Male,71,650,0.0,1,1,1,Low Risk,Normal Monitoring,0
France,Male,40,724,0.0,1,0,2,Low Risk,Normal Monitoring,1
Spain,Male,35,719,122964.88,1,1,1,Low Risk,Normal Monitoring,0
France,Female,29,548,0.0,2,1,0,Low Risk,Normal Monitoring,0
Spain,Male,24,635,0.0,2,1,0,Low Risk,Normal Monitoring,0
Spain,Female,43,496,0.0,2,1,0,Low Risk,Normal Monitoring,0
France,Female,37,676,89634.69,1,1,0,Low Risk,Normal Monitoring,1
Germany,Male,40,541,95710.11,2,0,5,High Risk,Immediate Follow-up,0
Germany,Male,41,778,139706.31,1,0,5,High Risk,Immediate Follow-up,0
Germany,Female,45,850,103909.86,1,0,6,High Risk,Immediate Follow-up,1
France,Male,31,633,0.0,1,0,2,Low Risk,Normal Monitoring,0
France,Male,49,625,173434.9,1,0,4,Medium Risk,Contact Customer,1
Spain,Male,32,485,102238.01,2,1,1,Low Risk,Normal Monitoring,0
France,Female,48,547,179380.74,2,1,2,Low Risk,Normal Monitoring,0
France,Male,32,642,0.0,2,1,0,Low Risk,Normal Monitoring,0
France,Female,25,718,108691.95,1,0,3,Medium Risk,Contact Customer,0
France,Female,32,582,0.0,2,0,2,Low Risk,Normal Monitoring,0
France,Male,33,628,0.0,2,0,2,Low Risk,Normal Monitoring,0
Germany,Male,35,737,133377.8,1,1,3,Medium Risk,Contact Customer,0
Spain,Male,34,828,0.0,2,1,0,Low Risk,Normal Monitoring,0
Spain,Male,53,609,0.0,1,1,1,Low Risk,Normal Monitoring,0
France,Male,39,730,116537.6,1,0,3,Medium Risk,Contact Customer,0
France,Female,22,631,0.0,2,0,2,Low Risk,Normal Monitoring,0
Spain,Male,40,830,0.0,2,1,0,Low Risk,Normal Monitoring,0
France,Male,29,645,130131.08,2,1,1,Low Risk,Normal Monitoring,0
France,Male,46,663,0.0,2,1,1,Low Risk,Normal Monitoring,0
Spain,Male,30,678,0.0,1,0,2,Low Risk,Normal Monitoring,0
France,Male,30,521,107316.09,1,0,3,Medium Risk,Contact Customer,0
France,Female,24,625,0.0,2,1,0,Low Risk,Normal Monitoring,0
France,Male,30,523,83181.29,1,1,0,Low Risk,Normal Monitoring,0
France,Female,72,714,0.0,1,1,1,Low Risk,Normal Monitoring,0
Spain,Male,67,580,153946.14,1,1,2,Low Risk,Normal Monitoring,0
France,Male,30,722,0.0,2,0,2,Low Risk,Normal Monitoring,0
Spain,Female,39,630,135483.17,1,0,3,Medium Risk,Contact Customer,1
France,Male,35,579,0.0,2,0,2,Low Risk,Normal Monitoring,0
France,Female,38,670,119624.54,2,1,1,Low Risk,Normal Monitoring,0
Spain,Male,34,588,121132.26,2,0,3,Medium Risk,Contact Customer,0
Spain,Female,42,807,0.0,1,0,2,Low Risk,Normal Monitoring,1
France,Female,48,726,0.0,1,0,3,Medium Risk,Contact Customer,1
Germany,Male,25,812,54817.55,1,0,4,Medium Risk,Contact Customer,0
Germany,Male,40,631,107949.45,1,0,5,High Risk,Immediate Follow-up,1
France,Male,30,682,0.0,1,1,0,Low Risk,Normal Monitoring,0
Spain,Female,49,625,80816.45,1,1,1,Low Risk,Normal Monitoring,0
Germany,Male,38,607,98205.77,1,0,5,High Risk,Immediate Follow-up,0
Spain,Female,50,600,94684.27,1,1,2,Low Risk,Normal Monitoring,0
Spain,Female,22,602,141604.76,1,0,3,Medium Risk,Contact Customer,0
Spain,Female,74,545,0.0,2,1,1,Low Risk,Normal Monitoring,0
Spain,Male,33,675,0.0,2,0,2,Low Risk,Normal Monitoring,0
France,Female,47,581,122949.14,1,0,4,Medium Risk,Contact Customer,1
Germany,Male,33,640,81677.22,2,0,4,Medium Risk,Contact Customer,0
France,Male,38,850,80293.98,1,0,2,Low Risk,Normal Monitoring,0
Spain,Female,48,490,155413.06,1,0,4,Medium Risk,Contact Customer,0
Spain,Female,38,710,0.0,2,1,0,Low Risk,Normal Monitoring,0
Germany,Male,38,613,67111.65,1,0,4,Medium Risk,Contact Customer,1
France,Male,34,812,103818.43,1,1,1,Low Risk,Normal Monitoring,0
France,Female,20,723,0.0,2,1,0,Low Risk,Normal Monitoring,0
France,Male,36,512,152169.12,2,0,3,Medium Risk,Contact Customer,1
France,Female,52,731,0.0,1,1,1,Low Risk,Normal Monitoring,1
Germany,Male,26,650,214346.96,2,0,5,High Risk,Immediate Follow-up,0
France,Male,57,594,0.0,1,0,3,Medium Risk,Contact Customer,1
France,Male,40,844,113348.14,1,0,3,Medium Risk,Contact Customer,1
Germany,Female,47,686,170935.94,1,0,6,High Risk,Immediate Follow-up,1
Germany,Male,52,695,103023.26,1,1,4,Medium Risk,Contact Customer,0
Spain,Female,23,624,0.0,2,1,0,Low Risk,Normal Monitoring,0
Spain,Male,37,503,0.0,2,0,2,Low Risk,Normal Monitoring,0
France,Female,31,535,111855.04,2,1,1,Low Risk,Normal Monitoring,0
Germany,Female,32,743,140348.56,2,1,3,Medium Risk,Contact Customer,0
Spain,Male,39,702,0.0,2,0,2,Low Risk,Normal Monitoring,0
France,Male,29,658,145512.84,1,0,3,Medium Risk,Contact Customer,0
Germany,Female,41,677,146720.98,2,1,3,Medium Risk,Contact Customer,0
France,Male,32,664,107209.73,1,1,1,Low Risk,Normal Monitoring,0
Germany,Female,38,766,130933.74,1,1,3,Medium Risk,Contact Customer,0
Spain,Female,35,461,0.0,1,0,2,Low Risk,Normal Monitoring,0
Spain,Male,36,688,89772.3,1,0,2,Low Risk,Normal Monitoring,1
France,Female,32,678,0.0,2,0,2,Low Risk,Normal Monitoring,0
France,Male,24,796,0.0,2,0,2,Low Risk,Normal Monitoring,0
France,Male,42,803,0.0,1,0,2,Low Risk,Normal Monitoring,1
France,Male,36,712,100749.5,3,0,6,High Risk,Immediate Follow-up,1
France,Female,31,498,0.0,2,0,2,Low Risk,Normal Monitoring,0
Spain,Male,22,850,0.0,2,1,0,Low Risk,Normal Monitoring,0
France,Female,51,628,123981.31,2,1,2,Low Risk,Normal Monitoring,0
Germany,Female,34,539,91622.42,1,1,3,Medium Risk,Contact Customer,0
France,Male,36,732,126195.81,1,1,1,Low Risk,Normal Monitoring,0
France,Male,41,715,94267.9,1,1,1,Low Risk,Normal Monitoring,1
France,Male,40,651,0.0,2,1,0,Low Risk,Normal Monitoring,0
France,Male,34,813,0.0,2,0,2,Low Risk,Normal Monitoring,0
France,Male,29,692,0.0,1,0,2,Low Risk,Normal Monitoring,1
Germany,Female,39,756,100717.85,3,1,6,High Risk,Immediate Follow-up,1
France,Male,36,543,0.0,2,0,2,Low Risk,Normal Monitoring,0
France,Female,26,790,141581.71,2,0,3,Medium Risk,Contact Customer,0
Spain,Male,38,494,0.0,2,1,0,Low Risk,Normal Monitoring,0
France,Female,39,850,148586.64,1,1,1,Low Risk,Normal Monitoring,0
Spain,Male,29,703,0.0,2,0,2,Low Risk,Normal Monitoring,0
Spain,Male,38,432,0.0,2,0,2,Low Risk,Normal Monitoring,0
Germany,Female,32,512,123403.85,2,0,5,High Risk,Immediate Follow-up,0
France,Male,28,589,0.0,2,0,2,Low Risk,Normal Monitoring,0
France,Female,46,514,106511.85,1,0,4,Medium Risk,Contact Customer,0
France,Female,38,678,0.0,2,0,2,Low Risk,Normal Monitoring,0
Germany,Female,34,420,135549.9,1,0,5,High Risk,Immediate Follow-up,1
Germany,Male,38,679,110555.37,2,0,5,High Risk,Immediate Follow-up,0
France,Male,31,595,0.0,2,0,2,Low Risk,Normal Monitoring,0
France,Female,52,713,185891.54,1,1,2,Low Risk,Normal Monitoring,1
Germany,Male,59,833,130854.59,1,1,4,Medium Risk,Contact Customer,1
France,Female,42,690,92578.14,2,0,3,Medium Risk,Contact Customer,0
Germany,Female,21,731,132312.06,1,0,5,High Risk,Immediate Follow-up,1
France,Female,62,608,144976.5,1,0,4,Medium Risk,Contact Customer,1
Spain,Male,48,479,87070.23,1,1,1,Low Risk,Normal Monitoring,0
France,Male,42,519,0.0,2,1,0,Low Risk,Normal Monitoring,0
France,Female,47,731,115414.19,3,0,7,High Risk,Immediate Follow-up,1
Spain,Male,61,617,91070.43,1,1,2,Low Risk,Normal Monitoring,0
Spain,Male,29,756,117412.19,2,0,3,Medium Risk,Contact Customer,0
Germany,Male,31,848,90018.45,2,0,5,High Risk,Immediate Follow-up,0
France,Female,24,809,0.0,2,0,2,Low Risk,Normal Monitoring,0
Germany,Male,56,698,112414.81,2,0,6,High Risk,Immediate Follow-up,1
Germany,Male,33,779,158456.76,1,1,3,Medium Risk,Contact Customer,1
Spain,Male,35,606,0.0,1,0,2,Low Risk,Normal Monitoring,1
Germany,Female,58,612,149641.53,1,1,4,Medium Risk,Contact Customer,0
Spain,Female,33,663,122528.18,1,0,3,Medium Risk,Contact Customer,0
Germany,Female,45,549,143734.01,2,1,4,Medium Risk,Contact Customer,0
France,Female,32,675,155663.31,1,0,3,Medium Risk,Contact Customer,0
France,Female,35,669,0.0,1,1,0,Low Risk,Normal Monitoring,1
Germany,Female,34,571,101736.66,1,1,3,Medium Risk,Contact Customer,0
Spain,Male,37,500,125822.21,1,0,3,Medium Risk,Contact Customer,0
France,Male,37,628,0.0,2,1,0,Low Risk,Normal Monitoring,0
France,Male,34,559,0.0,2,1,0,Low Risk,Normal Monitoring,0
France,Female,27,769,0.0,1,1,0,Low Risk,Normal Monitoring,0
Germany,Male,31,733,157791.07,2,0,5,High Risk,Immediate Follow-up,0
France,Male,22,750,0.0,2,1,0,Low Risk,Normal Monitoring,0
France,Female,42,583,0.0,2,0,2,Low Risk,Normal Monitoring,0
Germany,Male,42,468,181627.14,2,0,5,High Risk,Immediate Follow-up,0
Spain,Female,57,727,109679.72,1,1,2,Low Risk,Normal Monitoring,0
France,Female,37,618,96652.86,1,0,3,Medium Risk,Contact Customer,1
France,Male,40,617,190008.32,2,1,1,Low Risk,Normal Monitoring,0
Spain,Male,41,793,0.0,2,0,2,Low Risk,Normal Monitoring,0
France,Male,43,630,0.0,2,1,0,Low Risk,Normal Monitoring,0
Germany,Male,43,765,148962.76,1,1,3,Medium Risk,Contact Customer,1
France,Male,28,546,0.0,1,0,2,Low Risk,Normal Monitoring,0
Germany,Female,30,614,131344.52,2,0,5,High Risk,Immediate Follow-up,0
Germany,Female,29,593,101713.84,3,0,8,High Risk,Immediate Follow-up,0
Spain,Male,34,613,0.0,1,1,0,Low Risk,Normal Monitoring,0
France,Male,38,655,0.0,2,0,2,Low Risk,Normal Monitoring,0
France,Female,27,700,137963.07,1,0,3,Medium Risk,Contact Customer,0
Spain,Female,29,826,129938.07,1,1,1,Low Risk,Normal Monitoring,0
Germany,Male,45,652,151421.44,1,1,4,Medium Risk,Contact Customer,0
Germany,Female,45,755,135643.0,1,0,6,High Risk,Immediate Follow-up,1
Spain,Male,39,538,122773.5,2,1,1,Low Risk,Normal Monitoring,0
France,Male,34,729,152303.8,1,0,3,Medium Risk,Contact Customer,0
France,Male,49,615,0.0,2,1,1,Low Risk,Normal Monitoring,0
Spain,Male,54,700,79415.67,1,1,1,Low Risk,Normal Monitoring,0
Germany,Female,58,434,125801.03,2,0,6,High Risk,Immediate Follow-up,1
Spain,Male,37,729,0.0,2,0,2,Low Risk,Normal Monitoring,0
France,Male,35,513,0.0,1,0,2,Low Risk,Normal Monitoring,1
France,Male,41,755,104817.41,1,0,3,Medium Risk,Contact Customer,1
France,Female,30,615,0.0,1,0,2,Low Risk,Normal Monitoring,0
Germany,Female,32,747,67495.04,2,1,2,Low Risk,Normal Monitoring,0
France,Female,36,850,164850.54,1,1,1,Low Risk,Normal Monitoring,0
Germany,Female,49,712,154776.42,2,0,6,High Risk,Immediate Follow-up,0
Germany,Female,28,622,143124.63,2,0,5,High Risk,Immediate Follow-up,0
France,Female,35,548,0.0,1,1,0,Low Risk,Normal Monitoring,0
France,Female,27,607,0.0,2,0,2,Low Risk,Normal Monitoring,0
France,Female,38,653,102133.38,1,1,1,Low Risk,Normal Monitoring,0
Spain,Male,26,699,79932.41,1,0,2,Low Risk,Normal Monitoring,0
Germany,Male,40,693,120711.73,1,0,5,High Risk,Immediate Follow-up,1
Germany,Female,43,647,122717.53,2,1,3,Medium Risk,Contact Customer,0
Spain,Female,36,478,92363.3,2,0,3,Medium Risk,Contact Customer,0
Spain,Female,40,705,203715.15,1,0,3,Medium Risk,Contact Customer,1
Spain,Male,39,719,0.0,2,0,2,Low Risk,Normal Monitoring,0
France,Male,34,726,0.0,2,0,2,Low Risk,Normal Monitoring,0
France,Male,21,626,0.0,2,0,2,Low Risk,Normal Monitoring,0
France,Male,49,552,0.0,1,1,1,Low Risk,Normal Monitoring,1
Germany,Female,31,807,93460.47,2,0,5,High Risk,Immediate Follow-up,0
France,Male,34,621,0.0,2,1,0,Low Risk,Normal Monitoring,0
Germany,Female,24,651,40224.7,1,1,2,Low Risk,Normal Monitoring,0
France,Female,43,673,168069.73,1,1,1,Low Risk,Normal Monitoring,1
France,Male,36,652,0.0,2,1,0,Low Risk,Normal Monitoring,0
Germany,Male,47,584,130538.77,1,0,6,High Risk,Immediate Follow-up,0
France,Male,37,756,132623.6,1,1,1,Low Risk,Normal Monitoring,0
France,Female,35,670,103465.02,2,1,1,Low Risk,Normal Monitoring,0
France,Female,50,765,126547.8,1,1,2,Low Risk,Normal Monitoring,1
France,Male,30,528,128262.72,2,0,3,Medium Risk,Contact Customer,0
France,Male,40,701,169742.64,1,1,1,Low Risk,Normal Monitoring,1
France,Female,29,797,0.0,2,1,0,Low Risk,Normal Monitoring,0
Germany,Male,27,639,150795.81,1,1,3,Medium Risk,Contact Customer,0
Spain,Female,61,785,129855.72,2,0,4,Medium Risk,Contact Customer,1
Spain,Female,28,363,146098.43,3,0,6,High Risk,Immediate Follow-up,1
France,Female,24,764,0.0,2,0,2,Low Risk,Normal Monitoring,0
France,Female,43,676,0.0,1,1,0,Low Risk,Normal Monitoring,0
Germany,Male,28,718,65643.3,1,0,4,Medium Risk,Contact Customer,0
Spain,Female,34,590,0.0,2,0,2,Low Risk,Normal Monitoring,0
France,Male,38,584,104584.16,1,0,3,Medium Risk,Contact Customer,0
France,Male,41,645,0.0,1,1,0,Low Risk,Normal Monitoring,0
Germany,Male,30,772,99785.28,2,0,5,High Risk,Immediate Follow-up,0
Germany,Male,46,399,127655.22,1,0,6,High Risk,Immediate Follow-up,1
France,Male,22,529,0.0,1,0,2,Low Risk,Normal Monitoring,0
France,Male,35,463,101257.16,1,1,1,Low Risk,Normal Monitoring,0
France,Female,40,630,0.0,2,1,0,Low Risk,Normal Monitoring,0
France,Male,76,780,121313.88,1,1,2,Low Risk,Normal Monitoring,0
Spain,Male,32,584,0.0,2,0,2,Low Risk,Normal Monitoring,0
Germany,Male,30,752,81523.38,1,1,2,Low Risk,Normal Monitoring,0
France,Female,47,697,128252.66,1,1,2,Low Risk,Normal Monitoring,0
France,Female,32,850,0.0,2,0,2,Low Risk,Normal Monitoring,0
France,Male,51,711,0.0,3,0,6,High Risk,Immediate Follow-up,1
France,Female,32,452,0.0,2,1,0,Low Risk,Normal Monitoring,0
Spain,Male,42,610,0.0,2,0,2,Low Risk,Normal Monitoring,1
France,Female,22,694,0.0,2,1,0,Low Risk,Normal Monitoring,0
Spain,Male,33,579,0.0,1,0,2,Low Risk,Normal Monitoring,1
Spain,Female,54,745,0.0,1,0,3,Medium Risk,Contact Customer,1
France,Male,33,572,0.0,1,1,0,Low Risk,Normal Monitoring,0
Germany,Male,29,505,145541.56,2,1,3,Medium Risk,Contact Customer,0
France,Female,23,706,0.0,1,0,2,Low Risk,Normal Monitoring,1
Germany,Male,44,693,124601.58,2,1,3,Medium Risk,Contact Customer,1
Germany,Female,33,725,115182.84,2,1,3,Medium Risk,Contact Customer,0
France,Male,37,791,163789.49,2,0,3,Medium Risk,Contact Customer,0
France,Male,46,536,65733.41,1,0,3,Medium Risk,Contact Customer,0
Spain,Male,47,699,0.0,2,1,1,Low Risk,Normal Monitoring,0
Spain,Female,47,500,128486.11,1,0,4,Medium Risk,Contact Customer,0
Spain,Female,53,707,109663.47,1,1,2,Low Risk,Normal Monitoring,0
Germany,Female,42,531,88324.31,2,0,4,Medium Risk,Contact Customer,0
France,Female,28,557,146445.24,2,0,3,Medium Risk,Contact Customer,0
France,Female,38,659,0.0,2,0,2,Low Risk,Normal Monitoring,0
Spain,Female,31,575,0.0,2,1,0,Low Risk,Normal Monitoring,0
Germany,Male,36,775,109949.05,2,1,3,Medium Risk,Contact Customer,0
Spain,Male,30,772,78653.05,1,0,2,Low Risk,Normal Monitoring,0
Germany,Male,46,587,107850.82,1,0,6,High Risk,Immediate Follow-up,1
Germany,Female,39,667,83765.35,2,0,4,Medium Risk,Contact Customer,0
France,Female,66,771,143773.07,1,1,2,Low Risk,Normal Monitoring,0
Germany,Male,63,523,116227.27,1,1,4,Medium Risk,Contact Customer,0
Germany,Male,33,662,103471.52,1,1,3,Medium Risk,Contact Customer,0
France,Male,42,717,0.0,2,0,2,Low Risk,Normal Monitoring,0
France,Male,24,746,137492.35,2,1,1,Low Risk,Normal Monitoring,0
France,Male,28,569,0.0,2,0,2,Low Risk,Normal Monitoring,0
France,Male,36,579,129829.59,1,1,1,Low Risk,Normal Monitoring,0
France,Female,21,519,146329.57,2,1,1,Low Risk,Normal Monitoring,0
Germany,Male,30,696,114027.7,1,1,3,Medium Risk,Contact Customer,0
Germany,Male,25,693,146580.69,1,1,3,Medium Risk,Contact Customer,0
Germany,Female,38,587,132122.42,2,0,5,High Risk,Immediate Follow-up,0
France,Female,44,626,81553.93,1,0,2,Low Risk,Normal Monitoring,1
France,Female,66,666,0.0,2,1,1,Low Risk,Normal Monitoring,0
France,Male,24,512,0.0,2,0,2,Low Risk,Normal Monitoring,0
Spain,Female,28,689,0.0,2,1,0,Low Risk,Normal Monitoring,0
France,Female,26,803,0.0,2,1,0,Low Risk,Normal Monitoring,0
Germany,Male,32,548,175214.71,1,1,3,Medium Risk,Contact Customer,0
Germany,Female,40,588,125534.51,1,0,5,High Risk,Immediate Follow-up,1
France,Male,68,693,97705.99,1,1,2,Low Risk,Normal Monitoring,0
Germany,Female,55,499,126817.65,2,0,6,High Risk,Immediate Follow-up,0
France,Female,46,628,46870.43,4,0,6,High Risk,Immediate Follow-up,1
Spain,Male,46,624,0.0,2,1,1,Low Risk,Normal Monitoring,0
France,Male,42,733,120094.93,1,0,3,Medium Risk,Contact Customer,0
France,Female,38,628,0.0,2,1,0,Low Risk,Normal Monitoring,0
France,Female,33,633,0.0,2,0,2,Low Risk,Normal Monitoring,0
Germany,Female,36,559,104356.94,2,1,3,Medium Risk,Contact Customer,0
Germany,Male,27,704,147004.34,1,0,5,High Risk,Immediate Follow-up,1
Germany,Male,38,744,73023.17,2,0,4,Medium Risk,Contact Customer,0
Spain,Female,40,665,173432.55,1,1,1,Low Risk,Normal Monitoring,0
France,Female,42,638,165679.92,1,0,3,Medium Risk,Contact Customer,0
Spain,Male,31,837,104678.62,1,1,1,Low Risk,Normal Monitoring,0
France,Female,55,534,116973.26,3,0,7,High Risk,Immediate Follow-up,1
France,Female,36,548,0.0,1,0,2,Low Risk,Normal Monitoring,0
Germany,Male,38,837,126732.85,1,1,3,Medium Risk,Contact Customer,0
France,Female,44,658,148481.09,1,0,3,Medium Risk,Contact Customer,0
France,Female,38,554,137654.05,2,1,1,Low Risk,Normal Monitoring,0
Germany,Male,30,724,115315.04,1,0,5,High Risk,Immediate Follow-up,0
France,Male,42,723,99095.73,1,1,1,Low Risk,Normal Monitoring,0
Germany,Female,39,585,165610.41,2,0,5,High Risk,Immediate Follow-up,0
France,Male,33,474,0.0,2,0,2,Low Risk,Normal Monitoring,1
Spain,Male,32,562,161628.66,1,0,3,Medium Risk,Contact Customer,0
France,Male,32,719,146605.27,1,1,1,Low Risk,Normal Monitoring,0
Germany,Male,37,635,113488.68,1,0,5,High Risk,Immediate Follow-up,1
France,Male,42,743,77002.2,2,1,0,Low Risk,Normal Monitoring,0
Spain,Male,67,681,0.0,2,1,1,Low Risk,Normal Monitoring,0
France,Female,39,521,0.0,2,1,0,Low Risk,Normal Monitoring,0
Spain,Male,25,741,0.0,2,1,0,Low Risk,Normal Monitoring,0
Spain,Male,46,790,182364.53,1,0,4,Medium Risk,Contact Customer,1
France,Male,35,622,0.0,2,1,0,Low Risk,Normal Monitoring,0
France,Male,45,669,149364.58,1,1,2,Low Risk,Normal Monitoring,0
France,Male,59,583,127450.14,1,1,2,Low Risk,Normal Monitoring,0
Spain,Female,63,520,162278.32,1,1,2,Low Risk,Normal Monitoring,0
Spain,Male,37,579,152212.88,2,0,3,Medium Risk,Contact Customer,0
Spain,Female,39,698,161993.89,1,0,3,Medium Risk,Contact Customer,0
Spain,Male,39,548,131468.44,1,0,3,Medium Risk,Contact Customer,0
Germany,Male,40,672,102980.44,1,0,5,High Risk,Immediate Follow-up,1
Germany,Male,31,653,143321.97,1,0,5,High Risk,Immediate Follow-up,0
Spain,Female,37,734,130404.92,1,0,3,Medium Risk,Contact Customer,0
France,Female,41,794,0.0,2,1,0,Low Risk,Normal Monitoring,0
France,Male,30,641,87505.47,2,1,0,Low Risk,Normal Monitoring,0
France,Male,30,824,133634.02,1,1,1,Low Risk,Normal Monitoring,0
Spain,Female,33,534,151233.62,1,0,3,Medium Risk,Contact Customer,0
Spain,Male,55,653,70263.83,1,1,1,Low Risk,Normal Monitoring,0
France,Male,34,498,0.0,2,1,0,Low Risk,Normal Monitoring,0
France,Male,30,683,57657.49,1,0,2,Low Risk,Normal Monitoring,0
Germany,Male,42,618,153572.31,2,1,3,Medium Risk,Contact Customer,0
France,Male,37,538,134752.08,1,0,3,Medium Risk,Contact Customer,0
Spain,Male,34,643,83132.09,1,1,0,Low Risk,Normal Monitoring,0
France,Female,31,428,0.0,2,0,2,Low Risk,Normal Monitoring,0
Germany,Female,32,593,134096.53,2,0,5,High Risk,Immediate Follow-up,1
France,Female,31,718,118100.59,2,0,3,Medium Risk,Contact Customer,0
Germany,Male,52,811,76915.4,1,0,5,High Risk,Immediate Follow-up,1
Spain,Female,46,823,81576.75,1,1,1,Low Risk,Normal Monitoring,1
Spain,Male,49,645,0.0,2,0,3,Medium Risk,Contact Customer,0
France,Male,33,710,118327.17,2,1,1,Low Risk,Normal Monitoring,0
Spain,Male,30,591,124857.69,2,0,3,Medium Risk,Contact Customer,0
Germany,Female,27,748,90971.85,1,1,3,Medium Risk,Contact Customer,0
France,Female,37,850,153147.75,1,1,1,Low Risk,Normal Monitoring,0
France,Male,38,542,65942.26,1,1,0,Low Risk,Normal Monitoring,1
France,Male,38,809,0.0,2,1,0,Low Risk,Normal Monitoring,0
France,Male,54,675,0.0,1,0,3,Medium Risk,Contact Customer,1
Spain,Female,27,607,100912.19,1,0,3,Medium Risk,Contact Customer,0
France,Female,31,850,0.0,2,1,0,Low Risk,Normal Monitoring,0
France,Male,37,789,0.0,1,0,2,Low Risk,Normal Monitoring,1
France,Female,43,598,0.0,3,1,3,Medium Risk,Contact Customer,1
Germany,Male,41,756,124439.49,2,1,3,Medium Risk,Contact Customer,0
France,Female,47,687,0.0,2,1,1,Low Risk,Normal Monitoring,0
France,Male,40,724,0.0,2,0,2,Low Risk,Normal Monitoring,0
France,Female,44,700,58781.76,1,0,2,Low Risk,Normal Monitoring,0
Spain,Male,50,635,159453.64,2,0,4,Medium Risk,Contact Customer,1
Germany,Male,26,687,142721.52,1,1,3,Medium Risk,Contact Customer,0
France,Female,46,613,167795.6,1,1,2,Low Risk,Normal Monitoring,0
France,Female,38,781,128345.69,2,0,3,Medium Risk,Contact Customer,0
Spain,Male,20,703,165260.98,1,1,1,Low Risk,Normal Monitoring,0
Germany,Female,62,593,118233.81,1,1,4,Medium Risk,Contact Customer,1
France,Female,40,743,0.0,1,0,2,Low Risk,Normal Monitoring,1
Spain,Female,46,640,0.0,2,0,3,Medium Risk,Contact Customer,0
Germany,Male,37,849,143452.74,2,1,3,Medium Risk,Contact Customer,0
France,Male,38,778,145018.49,2,1,1,Low Risk,Normal Monitoring,0
Germany,Female,38,539,82407.51,1,0,4,Medium Risk,Contact Customer,0
Germany,Male,28,489,79460.98,2,1,2,Low Risk,Normal Monitoring,0
Spain,Female,43,568,0.0,1,0,2,Low Risk,Normal Monitoring,1
Spain,Male,38,618,126473.99,1,0,3,Medium Risk,Contact Customer,0
Germany,Female,30,710,133537.1,2,0,5,High Risk,Immediate Follow-up,0
France,Male,52,625,164978.01,1,1,2,Low Risk,Normal Monitoring,0
Spain,Male,46,682,128029.72,1,1,2,Low Risk,Normal Monitoring,0
Spain,Male,43,727,97403.18,1,1,1,Low Risk,Normal Monitoring,1
France,Female,41,794,176845.41,3,0,6,High Risk,Immediate Follow-up,1
Spain,Male,71,652,0.0,1,1,1,Low Risk,Normal Monitoring,0
Spain,Male,42,670,81589.04,1,0,2,Low Risk,Normal Monitoring,0
Germany,Female,40,460,119507.58,2,0,5,High Risk,Immediate Follow-up,1
Spain,Female,26,568,0.0,2,0,2,Low Risk,Normal Monitoring,0
France,Male,30,643,94443.77,1,1,1,Low Risk,Normal Monitoring,0
France,Male,37,521,0.0,2,1,0,Low Risk,Normal Monitoring,0
France,Male,32,615,92199.84,1,1,1,Low Risk,Normal Monitoring,0
Spain,Male,43,575,0.0,1,0,2,Low Risk,Normal Monitoring,0
France,Female,41,717,135756.96,1,1,1,Low Risk,Normal Monitoring,0
France,Female,54,648,120633.42,1,0,4,Medium Risk,Contact Customer,1
Germany,Male,48,535,134542.73,1,1,4,Medium Risk,Contact Customer,1
Spain,Male,29,626,0.0,2,0,2,Low Risk,Normal Monitoring,0
Spain,Male,52,611,0.0,1,1,1,Low Risk,Normal Monitoring,1
Spain,Male,39,734,0.0,1,1,0,Low Risk,Normal Monitoring,0
France,Male,49,709,154344.49,2,1,2,Low Risk,Normal Monitoring,0
France,Male,43,591,0.0,2,1,0,Low Risk,Normal Monitoring,0
France,Male,43,664,189026.53,2,1,1,Low Risk,Normal Monitoring,0
France,Male,37,431,120764.08,1,1,1,Low Risk,Normal Monitoring,0
Germany,Female,22,647,97975.82,2,1,3,Medium Risk,Contact Customer,0
France,Male,32,578,0.0,2,1,0,Low Risk,Normal Monitoring,0
Germany,Male,41,555,113270.2,2,1,3,Medium Risk,Contact Customer,0
Spain,Male,30,775,0.0,2,1,0,Low Risk,Normal Monitoring,0
Germany,Male,39,850,124548.99,2,1,3,Medium Risk,Contact Customer,0
France,Male,43,625,201696.07,1,0,3,Medium Risk,Contact Customer,1
Spain,Female,37,645,0.0,2,0,2,Low Risk,Normal Monitoring,0
Germany,Male,44,608,114203.47,1,1,3,Medium Risk,Contact Customer,1
Spain,Female,31,689,0.0,2,1,0,Low Risk,Normal Monitoring,0
Germany,Male,50,652,125437.64,1,1,4,Medium Risk,Contact Customer,1
France,Female,26,769,0.0,2,0,2,Low Risk,Normal Monitoring,0
France,Female,43,611,64897.75,1,0,2,Low Risk,Normal Monitoring,0
France,Male,38,489,0.0,2,1,0,Low Risk,Normal Monitoring,0
Germany,Female,46,528,135555.66,1,0,6,High Risk,Immediate Follow-up,1
France,Male,44,632,107764.75,1,0,3,Medium Risk,Contact Customer,0
France,Female,27,429,117307.44,2,1,1,Low Risk,Normal Monitoring,0
France,Male,41,457,73700.12,3,1,3,Medium Risk,Contact Customer,1
Spain,Female,44,768,60603.4,1,1,0,Low Risk,Normal Monitoring,0
Spain,Female,35,715,40169.88,2,1,0,Low Risk,Normal Monitoring,0
Germany,Female,32,668,92041.87,1,1,3,Medium Risk,Contact Customer,0
Germany,Male,26,625,130483.95,1,0,5,High Risk,Immediate Follow-up,0
France,Female,41,846,0.0,3,0,5,High Risk,Immediate Follow-up,1
Spain,Female,42,661,0.0,2,0,2,Low Risk,Normal Monitoring,0
France,Female,23,571,151097.28,1,1,1,Low Risk,Normal Monitoring,0
Spain,Female,46,582,67563.31,1,0,3,Medium Risk,Contact Customer,1
France,Female,35,716,112808.18,1,1,1,Low Risk,Normal Monitoring,0
France,Female,42,758,0.0,2,1,0,Low Risk,Normal Monitoring,0
France,Male,66,725,86459.8,1,1,1,Low Risk,Normal Monitoring,0
France,Female,40,630,118633.08,1,1,1,Low Risk,Normal Monitoring,1
France,Female,55,627,159441.27,1,0,4,Medium Risk,Contact Customer,1
France,Female,27,653,0.0,2,0,2,Low Risk,Normal Monitoring,0
Germany,Female,38,775,125212.65,2,1,3,Medium Risk,Contact Customer,1
Spain,Male,45,794,88656.37,2,0,3,Medium Risk,Contact Customer,0
France,Female,32,831,146033.62,1,0,3,Medium Risk,Contact Customer,0
France,Male,29,561,120268.13,1,1,1,Low Risk,Normal Monitoring,0
Spain,Male,46,705,0.0,2,0,3,Medium Risk,Contact Customer,0
Spain,Female,33,636,0.0,1,0,2,Low Risk,Normal Monitoring,1
Germany,Female,46,487,135070.58,2,1,4,Medium Risk,Contact Customer,1
France,Female,38,693,0.0,2,0,2,Low Risk,Normal Monitoring,1
Spain,Female,29,517,0.0,2,0,2,Low Risk,Normal Monitoring,0
France,Female,27,684,122550.05,2,1,1,Low Risk,Normal Monitoring,0
Spain,Female,43,620,0.0,2,0,2,Low Risk,Normal Monitoring,0
France,Male,29,757,130306.49,1,0,3,Medium Risk,Contact Customer,0
France,Female,27,739,0.0,1,1,0,Low Risk,Normal Monitoring,0
Spain,Female,41,662,90350.77,1,0,3,Medium Risk,Contact Customer,1
France,Female,44,359,128747.69,1,0,3,Medium Risk,Contact Customer,1
Spain,Male,23,572,126873.52,1,1,1,Low Risk,Normal Monitoring,0
France,Male,69,721,108424.19,1,1,2,Low Risk,Normal Monitoring,0
France,Male,32,707,0.0,2,0,2,Low Risk,Normal Monitoring,0
France,Female,40,444,84350.07,1,0,2,Low Risk,Normal Monitoring,0
France,Female,73,523,0.0,2,0,3,Medium Risk,Contact Customer,1
Germany,Female,30,685,84958.6,2,1,2,Low Risk,Normal Monitoring,0
Germany,Female,29,673,99097.36,1,1,3,Medium Risk,Contact Customer,0
Germany,Male,30,503,136622.55,2,0,5,High Risk,Immediate Follow-up,0
Germany,Female,30,485,156771.68,1,1,3,Medium Risk,Contact Customer,0
Germany,Male,28,799,167658.33,2,1,3,Medium Risk,Contact Customer,0
Spain,Female,33,585,0.0,2,0,2,Low Risk,Normal Monitoring,0
Germany,Female,24,607,109483.54,2,1,3,Medium Risk,Contact Customer,0
Germany,Female,40,521,134504.78,1,0,5,High Risk,Immediate Follow-up,0
France,Female,44,535,114427.86,1,1,1,Low Risk,Normal Monitoring,0
Spain,Male,45,724,83888.54,1,1,1,Low Risk,Normal Monitoring,0
Germany,Male,32,520,110029.77,1,0,5,High Risk,Immediate Follow-up,0
Spain,Male,41,696,127523.75,1,1,1,Low Risk,Normal Monitoring,0
Germany,Male,30,657,139762.13,2,1,3,Medium Risk,Contact Customer,0
Spain,Female,42,603,91611.12,1,0,3,Medium Risk,Contact Customer,1
France,Female,42,726,109471.79,1,1,1,Low Risk,Normal Monitoring,0
France,Female,39,591,150500.64,1,0,3,Medium Risk,Contact Customer,0
Germany,Female,59,792,101609.77,1,0,6,High Risk,Immediate Follow-up,1
France,Male,57,550,0.0,1,1,1,Low Risk,Normal Monitoring,0
France,Female,26,601,78892.23,1,1,0,Low Risk,Normal Monitoring,0
France,Female,29,820,82344.84,1,1,0,Low Risk,Normal Monitoring,0
France,Male,48,667,0.0,1,0,3,Medium Risk,Contact Customer,0
Spain,Female,44,573,0.0,1,1,0,Low Risk,Normal Monitoring,0
France,Male,62,755,127706.33,2,1,2,Low Risk,Normal Monitoring,0
France,Female,41,552,124349.34,1,0,3,Medium Risk,Contact Customer,0
Spain,Male,44,598,0.0,2,0,2,Low Risk,Normal Monitoring,0
Germany,Male,28,576,119336.29,2,1,3,Medium Risk,Contact Customer,0
France,Female,31,670,0.0,1,1,0,Low Risk,Normal Monitoring,0
Germany,Male,56,504,104217.3,1,0,6,High Risk,Immediate Follow-up,1
France,Female,65,778,0.0,1,1,1,Low Risk,Normal Monitoring,0
Germany,Male,39,558,144757.02,1,0,5,High Risk,Immediate Follow-up,1
Spain,Male,44,627,0.0,1,1,0,Low Risk,Normal Monitoring,0
France,Male,43,683,0.0,1,0,2,Low Risk,Normal Monitoring,0
France,Female,43,556,0.0,3,0,5,High Risk,Immediate Follow-up,1
France,Female,38,583,0.0,2,1,0,Low Risk,Normal Monitoring,0
France,Female,24,705,100169.51,1,0,3,Medium Risk,Contact Customer,0
France,Male,33,637,145731.83,1,1,1,Low Risk,Normal Monitoring,0
Spain,Male,56,697,110802.03,1,1,2,Low Risk,Normal Monitoring,1
Germany,Female,46,555,120392.99,1,0,6,High Risk,Immediate Follow-up,1
Germany,Female,26,594,135067.52,2,0,5,High Risk,Immediate Follow-up,0
Spain,Male,31,632,136556.44,1,0,3,Medium Risk,Contact Customer,1
France,Female,38,551,0.0,2,1,0,Low Risk,Normal Monitoring,0
France,Female,35,687,99587.43,1,1,1,Low Risk,Normal Monitoring,1
France,Female,53,672,0.0,1,1,1,Low Risk,Normal Monitoring,0
Spain,Female,34,521,70731.07,1,1,0,Low Risk,Normal Monitoring,1
Germany,Male,35,686,109342.82,2,1,3,Medium Risk,Contact Customer,0
Spain,Male,28,639,0.0,2,0,2,Low Risk,Normal Monitoring,0
France,Male,66,850,0.0,2,1,1,Low Risk,Normal Monitoring,0
France,Male,25,465,78247.31,2,1,0,Low Risk,Normal Monitoring,0
France,Female,55,817,117561.49,1,0,4,Medium Risk,Contact Customer,1
France,Male,23,578,88980.32,1,1,0,Low Risk,Normal Monitoring,0
Spain,Male,34,611,0.0,2,0,2,Low Risk,Normal Monitoring,0
Germany,Female,41,616,103560.57,1,0,5,High Risk,Immediate Follow-up,1
France,Male,37,517,113308.84,1,1,1,Low Risk,Normal Monitoring,0
Spain,Female,40,637,0.0,2,1,0,Low Risk,Normal Monitoring,0
France,Female,32,806,63763.49,1,0,2,Low Risk,Normal Monitoring,0
France,Female,29,633,169988.35,1,0,3,Medium Risk,Contact Customer,0
Germany,Female,35,624,180303.24,2,0,5,High Risk,Immediate Follow-up,0
France,Male,52,691,0.0,1,0,3,Medium Risk,Contact Customer,1
Germany,Female,49,819,120656.86,4,0,9,High Risk,Immediate Follow-up,1
Germany,Female,31,568,61592.14,2,1,2,Low Risk,Normal Monitoring,0
France,Male,48,806,164701.68,1,1,2,Low Risk,Normal Monitoring,0
Spain,Female,26,726,80780.16,1,1,0,Low Risk,Normal Monitoring,0
France,Male,36,552,0.0,2,0,2,Low Risk,Normal Monitoring,0
Germany,Female,30,755,154221.37,2,1,3,Medium Risk,Contact Customer,0
France,Male,26,634,0.0,1,0,2,Low Risk,Normal Monitoring,0
France,Female,26,756,101641.14,2,1,1,Low Risk,Normal Monitoring,0
France,Male,37,776,0.0,1,1,0,Low Risk,Normal Monitoring,0
France,Female,45,649,92786.66,1,0,4,Medium Risk,Contact Customer,1
Germany,Male,32,595,131081.66,2,1,3,Medium Risk,Contact Customer,0
France,Male,30,646,98014.74,1,1,1,Low Risk,Normal Monitoring,0
Spain,Male,38,592,0.0,2,0,2,Low Risk,Normal Monitoring,0
France,Male,26,574,97460.1,1,1,1,Low Risk,Normal Monitoring,0
France,Male,36,850,104077.19,2,1,1,Low Risk,Normal Monitoring,0
Spain,Female,29,850,0.0,2,1,0,Low Risk,Normal Monitoring,0
France,Female,46,475,0.0,2,0,3,Medium Risk,Contact Customer,1
France,Female,39,642,0.0,1,1,0,Low Risk,Normal Monitoring,0
Spain,Female,51,710,93656.95,1,1,2,Low Risk,Normal Monitoring,1
Spain,Male,30,596,121345.88,4,0,6,High Risk,Immediate Follow-up,1
France,Female,39,609,141675.23,1,1,1,Low Risk,Normal Monitoring,0
Spain,Female,31,797,0.0,2,0,2,Low Risk,Normal Monitoring,0
Germany,Female,43,504,102365.49,1,0,5,High Risk,Immediate Follow-up,1
Spain,Male,50,735,0.0,1,0,3,Medium Risk,Contact Customer,1
Spain,Female,30,680,0.0,1,0,2,Low Risk,Normal Monitoring,0
France,Male,52,449,0.0,2,1,1,Low Risk,Normal Monitoring,0
Germany,Male,57,685,101868.51,1,1,4,Medium Risk,Contact Customer,0
Spain,Male,38,569,0.0,2,0,2,Low Risk,Normal Monitoring,0
France,Male,35,631,112392.45,2,0,3,Medium Risk,Contact Customer,0
Germany,Female,25,595,106570.34,2,1,3,Medium Risk,Contact Customer,0
France,Female,28,461,0.0,1,1,0,Low Risk,Normal Monitoring,0
France,Male,50,630,81947.76,1,1,1,Low Risk,Normal Monitoring,1
France,Female,31,661,144162.3,2,1,1,Low Risk,Normal Monitoring,0
Germany,Male,39,796,86350.87,2,0,4,Medium Risk,Contact Customer,0
France,Male,47,710,158623.14,1,0,4,Medium Risk,Contact Customer,1
France,Male,32,741,0.0,2,0,2,Low Risk,Normal Monitoring,0
Germany,Male,48,606,132403.56,1,0,6,High Risk,Immediate Follow-up,1
France,Male,27,747,0.0,2,0,2,Low Risk,Normal Monitoring,0
Germany,Female,43,549,134985.66,1,0,5,High Risk,Immediate Follow-up,0
France,Male,36,576,0.0,2,1,0,Low Risk,Normal Monitoring,0
France,Male,37,528,103772.45,1,0,3,Medium Risk,Contact Customer,0
France,Male,33,535,133040.32,1,1,1,Low Risk,Normal Monitoring,0
Spain,Female,37,575,0.0,2,0,2,Low Risk,Normal Monitoring,0
France,Male,39,656,0.0,2,1,0,Low Risk,Normal Monitoring,0
France,Male,42,440,0.0,2,0,2,Low Risk,Normal Monitoring,0
Spain,Male,38,539,71460.67,2,1,0,Low Risk,Normal Monitoring,0
Spain,Male,39,850,133214.13,1,1,1,Low Risk,Normal Monitoring,0
France,Female,37,646,96558.66,1,0,3,Medium Risk,Contact Customer,0
France,Male,54,744,93806.31,2,1,2,Low Risk,Normal Monitoring,0
Spain,Female,36,710,0.0,2,0,2,Low Risk,Normal Monitoring,0
France,Female,64,544,124043.8,1,1,2,Low Risk,Normal Monitoring,1
Germany,Male,52,723,131694.97,1,1,4,Medium Risk,Contact Customer,1
Spain,Female,29,507,0.0,2,1,0,Low Risk,Normal Monitoring,0
France,Female,35,787,106266.8,1,1,1,Low Risk,Normal Monitoring,0
Spain,Male,41,598,0.0,2,1,0,Low Risk,Normal Monitoring,0
France,Male,51,796,0.0,2,1,1,Low Risk,Normal Monitoring,0
Spain,Female,41,569,139840.36,1,1,1,Low Risk,Normal Monitoring,0
France,Male,34,711,0.0,2,0,2,Low Risk,Normal Monitoring,0
Germany,Male,35,661,124098.54,1,0,5,High Risk,Immediate Follow-up,0
France,Male,32,415,145807.59,1,1,1,Low Risk,Normal Monitoring,0
Spain,Male,23,578,0.0,2,0,2,Low Risk,Normal Monitoring,0
France,Female,26,611,107508.93,2,1,1,Low Risk,Normal Monitoring,0
France,Female,28,600,0.0,2,1,0,Low Risk,Normal Monitoring,0
Germany,Female,32,661,145980.23,1,1,3,Medium Risk,Contact Customer,0
France,Female,37,850,212778.2,1,1,1,Low Risk,Normal Monitoring,0
Germany,Female,47,573,152522.47,1,1,4,Medium Risk,Contact Customer,1
Spain,Female,33,764,168964.77,1,1,1,Low Risk,Normal Monitoring,0
France,Female,34,838,0.0,2,0,2,Low Risk,Normal Monitoring,0
France,Female,28,821,0.0,1,1,0,Low Risk,Normal Monitoring,0
Spain,Female,36,607,98266.3,1,1,1,Low Risk,Normal Monitoring,0
France,Male,38,558,113000.92,1,1,1,Low Risk,Normal Monitoring,0
Germany,Male,23,530,137060.88,2,1,3,Medium Risk,Contact Customer,0
Germany,Male,37,654,112146.12,1,0,5,High Risk,Immediate Follow-up,0
France,Female,33,530,129307.32,1,1,1,Low Risk,Normal Monitoring,0
Spain,Male,69,656,163975.09,1,1,2,Low Risk,Normal Monitoring,0
Spain,Male,43,520,0.0,2,1,0,Low Risk,Normal Monitoring,0
Germany,Female,42,602,158414.85,1,1,3,Medium Risk,Contact Customer,0
Germany,Female,48,701,92072.68,1,1,4,Medium Risk,Contact Customer,0
Spain,Female,30,653,88243.29,2,1,0,Low Risk,Normal Monitoring,0
Spain,Male,25,668,0.0,2,1,0,Low Risk,Normal Monitoring,0
France,Male,48,652,59486.31,1,0,3,Medium Risk,Contact Customer,1
Spain,Female,54,639,0.0,2,1,1,Low Risk,Normal Monitoring,0
Spain,Female,52,730,0.0,2,1,1,Low Risk,Normal Monitoring,0
France,Male,34,780,0.0,1,1,0,Low Risk,Normal Monitoring,0
France,Female,38,592,119278.01,2,1,1,Low Risk,Normal Monitoring,0
France,Male,34,628,158741.43,2,1,1,Low Risk,Normal Monitoring,0
France,Female,40,658,140596.95,1,1,1,Low Risk,Normal Monitoring,1
Spain,Female,29,850,0.0,2,1,0,Low Risk,Normal Monitoring,0
Germany,Male,37,515,90432.92,1,1,3,Medium Risk,Contact Customer,1
France,Female,35,571,104783.81,2,1,1,Low Risk,Normal Monitoring,0
Germany,Male,42,760,77992.97,2,1,2,Low Risk,Normal Monitoring,0
Germany,Female,43,720,110822.9,1,0,5,High Risk,Immediate Follow-up,0
Germany,Male,42,632,119624.6,2,1,3,Medium Risk,Contact Customer,0
Germany,Male,31,694,109052.59,2,1,3,Medium Risk,Contact Customer,1
Spain,Female,40,559,139129.44,1,1,1,Low Risk,Normal Monitoring,0
Germany,Female,42,773,152324.66,2,0,5,High Risk,Immediate Follow-up,0
France,Male,38,581,0.0,2,0,2,Low Risk,Normal Monitoring,0
Germany,Female,37,524,127480.58,2,0,5,High Risk,Immediate Follow-up,0
France,Male,53,713,115029.4,1,0,4,Medium Risk,Contact Customer,1
France,Male,40,676,114005.78,1,1,1,Low Risk,Normal Monitoring,0
Germany,Female,42,651,116646.76,1,0,5,High Risk,Immediate Follow-up,1
Spain,Female,49,717,110864.38,2,1,2,Low Risk,Normal Monitoring,1
France,Male,23,594,156267.59,1,0,3,Medium Risk,Contact Customer,0
France,Female,44,716,109528.28,1,0,3,Medium Risk,Contact Customer,1
France,Female,35,668,102482.76,1,1,1,Low Risk,Normal Monitoring,0
Germany,Male,23,678,115563.71,1,1,3,Medium Risk,Contact Customer,0
France,Male,23,545,0.0,2,0,2,Low Risk,Normal Monitoring,0
France,Female,40,613,95624.36,2,1,1,Low Risk,Normal Monitoring,0
Spain,Female,21,687,0.0,2,1,0,Low Risk,Normal Monitoring,0
France,Male,28,715,160376.61,1,0,3,Medium Risk,Contact Customer,0
Germany,Male,41,618,37702.79,1,1,2,Low Risk,Normal Monitoring,0
France,Female,35,721,118273.83,1,1,1,Low Risk,Normal Monitoring,0
Germany,Female,34,445,131082.17,2,1,3,Medium Risk,Contact Customer,0
France,Male,38,690,94456.0,2,1,1,Low Risk,Normal Monitoring,0
France,Female,43,709,0.0,2,0,2,Low Risk,Normal Monitoring,1
Spain,Female,42,671,0.0,2,1,0,Low Risk,Normal Monitoring,0
France,Male,33,538,93791.38,1,1,1,Low Risk,Normal Monitoring,0
France,Female,33,735,0.0,2,0,2,Low Risk,Normal Monitoring,0
France,Female,37,592,0.0,2,1,0,Low Risk,Normal Monitoring,0
France,Male,61,747,155973.13,1,1,2,Low Risk,Normal Monitoring,0
Germany,Male,36,675,89409.95,1,1,2,Low Risk,Normal Monitoring,0
Spain,Female,39,632,97854.37,2,0,3,Medium Risk,Contact Customer,0
France,Male,39,621,0.0,2,1,0,Low Risk,Normal Monitoring,0
Spain,Male,29,521,60280.62,1,0,2,Low Risk,Normal Monitoring,0
Spain,Male,36,591,135216.8,1,1,1,Low Risk,Normal Monitoring,0
Germany,Female,28,706,124923.35,2,1,3,Medium Risk,Contact Customer,0
France,Male,38,677,0.0,2,0,2,Low Risk,Normal Monitoring,0
Germany,Male,27,769,188614.07,1,0,5,High Risk,Immediate Follow-up,0
France,Male,32,771,62321.62,1,1,0,Low Risk,Normal Monitoring,0
Germany,Female,48,601,120782.7,1,0,6,High Risk,Immediate Follow-up,1
France,Female,42,670,115961.58,2,1,1,Low Risk,Normal Monitoring,0
France,Male,28,517,115062.61,1,0,3,Medium Risk,Contact Customer,0
France,Female,49,834,160602.25,2,0,4,Medium Risk,Contact Customer,0
France,Female,42,571,108825.34,3,0,6,High Risk,Immediate Follow-up,1
Germany,Female,36,576,166287.85,1,1,3,Medium Risk,Contact Customer,0
France,Female,31,718,152663.77,1,1,1,Low Risk,Normal Monitoring,0
Germany,Female,31,636,80844.69,2,1,2,Low Risk,Normal Monitoring,0
Germany,Female,40,566,97001.36,2,0,5,High Risk,Immediate Follow-up,0
France,Male,64,711,0.0,2,1,1,Low Risk,Normal Monitoring,0
France,Female,39,574,122524.61,2,0,3,Medium Risk,Contact Customer,0
France,Female,35,619,132292.63,1,0,3,Medium Risk,Contact Customer,0
France,Female,24,588,0.0,2,1,0,Low Risk,Normal Monitoring,0
Germany,Female,49,760,91502.99,1,0,6,High Risk,Immediate Follow-up,1
France,Male,52,665,0.0,1,0,3,Medium Risk,Contact Customer,1
Germany,Male,29,739,59385.98,2,1,2,Low Risk,Normal Monitoring,0
France,Male,77,641,0.0,3,1,4,Medium Risk,Contact Customer,0
Germany,Female,21,685,97956.5,1,1,3,Medium Risk,Contact Customer,0
France,Female,49,594,0.0,2,1,1,Low Risk,Normal Monitoring,0
Spain,Female,40,557,0.0,2,1,0,Low Risk,Normal Monitoring,0
France,Male,27,697,141223.68,2,0,3,Medium Risk,Contact Customer,0
France,Male,18,656,151762.74,1,1,1,Low Risk,Normal Monitoring,0
Germany,Male,43,712,141749.74,2,1,3,Medium Risk,Contact Customer,0
Spain,Male,38,689,75075.14,1,1,0,Low Risk,Normal Monitoring,1
France,Female,25,697,165686.11,2,0,3,Medium Risk,Contact Customer,0
France,Male,38,589,0.0,1,0,2,Low Risk,Normal Monitoring,0
Spain,Female,25,525,0.0,2,0,2,Low Risk,Normal Monitoring,0
France,Male,44,680,0.0,2,0,2,Low Risk,Normal Monitoring,0
France,Female,28,617,0.0,2,1,0,Low Risk,Normal Monitoring,1
France,Male,32,680,92961.61,1,0,3,Medium Risk,Contact Customer,0
Spain,Female,30,662,0.0,2,1,0,Low Risk,Normal Monitoring,0
Germany,Male,46,736,130812.91,1,1,4,Medium Risk,Contact Customer,1
Germany,Male,57,657,107174.58,1,1,4,Medium Risk,Contact Customer,1
Spain,Male,54,350,152677.48,1,1,2,Low Risk,Normal Monitoring,1
France,Male,30,617,132005.77,1,0,3,Medium Risk,Contact Customer,0
France,Male,35,562,0.0,1,0,2,Low Risk,Normal Monitoring,0
Spain,Female,23,705,0.0,2,1,0,Low Risk,Normal Monitoring,0
France,Female,33,516,127305.5,1,1,1,Low Risk,Normal Monitoring,0
France,Female,37,573,0.0,2,0,2,Low Risk,Normal Monitoring,0
Spain,Female,31,538,0.0,2,0,2,Low Risk,Normal Monitoring,0
France,Male,39,699,0.0,1,0,2,Low Risk,Normal Monitoring,0
Germany,Male,32,504,170291.22,2,1,3,Medium Risk,Contact Customer,0
Spain,Male,47,583,102562.23,1,0,4,Medium Risk,Contact Customer,0
Spain,Male,53,712,111061.01,2,0,4,Medium Risk,Contact Customer,0
Spain,Male,62,626,0.0,1,1,1,Low Risk,Normal Monitoring,0
France,Female,34,631,124379.14,1,0,3,Medium Risk,Contact Customer,0
France,Female,37,663,0.0,1,1,0,Low Risk,Normal Monitoring,0
Germany,Female,41,506,57745.76,1,0,4,Medium Risk,Contact Customer,0
Germany,Female,50,570,129293.74,1,0,6,High Risk,Immediate Follow-up,1
France,Female,45,703,0.0,2,1,1,Low Risk,Normal Monitoring,0
Germany,Female,40,698,150777.1,1,0,5,High Risk,Immediate Follow-up,0
Spain,Male,41,731,0.0,2,0,2,Low Risk,Normal Monitoring,0
France,Male,34,625,0.0,2,0,2,Low Risk,Normal Monitoring,0
Spain,Male,31,634,108632.48,1,1,1,Low Risk,Normal Monitoring,1
France,Male,59,616,153861.1,1,1,2,Low Risk,Normal Monitoring,0
France,Male,56,500,100374.58,1,0,4,Medium Risk,Contact Customer,1
France,Male,32,446,0.0,2,0,2,Low Risk,Normal Monitoring,0
France,Female,47,669,61196.54,1,0,3,Medium Risk,Contact Customer,0
Germany,Male,31,581,116891.72,1,0,5,High Risk,Immediate Follow-up,0
Germany,Female,54,704,133656.91,3,0,9,High Risk,Immediate Follow-up,1
France,Male,44,748,92911.52,1,1,1,Low Risk,Normal Monitoring,0
Spain,Female,31,680,119825.75,2,1,1,Low Risk,Normal Monitoring,0
France,Female,37,655,111852.84,2,0,3,Medium Risk,Contact Customer,0
Germany,Male,32,690,106683.52,2,1,3,Medium Risk,Contact Customer,0
Germany,Male,40,695,139022.24,1,1,3,Medium Risk,Contact Customer,0
Germany,Female,40,700,148571.07,1,0,5,High Risk,Immediate Follow-up,1
France,Male,52,773,0.0,1,1,1,Low Risk,Normal Monitoring,0
France,Male,42,749,129776.72,2,1,1,Low Risk,Normal Monitoring,0
France,Female,46,611,0.0,1,0,3,Medium Risk,Contact Customer,1
Spain,Female,46,606,0.0,2,1,1,Low Risk,Normal Monitoring,0
France,Male,24,554,0.0,1,0,2,Low Risk,Normal Monitoring,0
France,Female,37,567,0.0,2,1,0,Low Risk,Normal Monitoring,0
Spain,Male,24,559,114739.92,1,0,3,Medium Risk,Contact Customer,1
Germany,Male,41,594,122545.65,2,1,3,Medium Risk,Contact Customer,0
France,Female,37,513,0.0,2,0,2,Low Risk,Normal Monitoring,0
Germany,Female,26,652,131908.35,1,1,3,Medium Risk,Contact Customer,0
Germany,Female,42,680,105722.69,1,1,3,Medium Risk,Contact Customer,1
Spain,Male,33,784,0.0,2,0,2,Low Risk,Normal Monitoring,0
Spain,Female,44,812,0.0,3,0,5,High Risk,Immediate Follow-up,1
Spain,Female,40,784,0.0,2,0,2,Low Risk,Normal Monitoring,0
France,Female,18,570,82767.42,1,0,2,Low Risk,Normal Monitoring,0
France,Female,42,712,87842.98,1,0,2,Low Risk,Normal Monitoring,0
Spain,Male,39,705,133261.13,1,1,1,Low Risk,Normal Monitoring,0
Spain,Female,32,681,0.0,2,1,0,Low Risk,Normal Monitoring,0
France,Male,41,620,97925.11,1,0,3,Medium Risk,Contact Customer,0
France,Male,52,711,0.0,1,1,1,Low Risk,Normal Monitoring,0
France,Female,24,613,140453.91,1,0,3,Medium Risk,Contact Customer,0
Germany,Female,20,613,117356.19,1,0,5,High Risk,Immediate Follow-up,1
Spain,Male,36,682,0.0,2,1,0,Low Risk,Normal Monitoring,0
Spain,Male,37,850,137204.77,1,1,1,Low Risk,Normal Monitoring,0
France,Female,41,601,0.0,2,1,0,Low Risk,Normal Monitoring,0
Spain,Male,35,595,0.0,1,0,2,Low Risk,Normal Monitoring,1
Spain,Male,36,675,54098.18,2,1,0,Low Risk,Normal Monitoring,0
Spain,Male,31,591,0.0,1,1,0,Low Risk,Normal Monitoring,0
France,Male,23,602,113758.48,2,0,3,Medium Risk,Contact Customer,0
Spain,Female,34,554,0.0,1,1,0,Low Risk,Normal Monitoring,0
France,Male,37,541,118636.92,1,1,1,Low Risk,Normal Monitoring,0
France,Male,34,506,0.0,2,0,2,Low Risk,Normal Monitoring,0
Germany,Male,44,814,95488.82,2,0,5,High Risk,Immediate Follow-up,0
France,Male,30,683,110829.52,2,0,3,Medium Risk,Contact Customer,0
Germany,Male,51,485,144244.59,2,0,6,High Risk,Immediate Follow-up,0
Germany,Female,31,696,122021.92,2,0,5,High Risk,Immediate Follow-up,0
France,Female,30,608,0.0,2,0,2,Low Risk,Normal Monitoring,0
France,Male,50,792,0.0,4,1,4,Medium Risk,Contact Customer,1
Spain,Male,22,686,0.0,2,0,2,Low Risk,Normal Monitoring,0
Germany,Male,42,790,85839.62,1,0,4,Medium Risk,Contact Customer,0
France,Female,29,654,96974.97,1,1,1,Low Risk,Normal Monitoring,0
France,Male,35,452,148172.44,1,1,1,Low Risk,Normal Monitoring,0
Spain,Male,38,719,0.0,1,0,2,Low Risk,Normal Monitoring,0
France,Female,40,707,0.0,2,0,2,Low Risk,Normal Monitoring,0
France,Female,49,699,0.0,1,0,3,Medium Risk,Contact Customer,0
Spain,Male,30,850,0.0,2,1,0,Low Risk,Normal Monitoring,0
Spain,Male,28,828,134766.85,1,0,3,Medium Risk,Contact Customer,0
Germany,Male,30,850,123210.56,2,1,3,Medium Risk,Contact Customer,0
Spain,Male,47,712,139887.01,1,1,2,Low Risk,Normal Monitoring,0
France,Male,44,634,149961.11,1,0,3,Medium Risk,Contact Customer,0
Germany,Male,45,730,152880.97,1,0,6,High Risk,Immediate Follow-up,0
Germany,Male,43,685,108589.47,2,1,3,Medium Risk,Contact Customer,0
Spain,Male,33,809,0.0,1,1,0,Low Risk,Normal Monitoring,0
Spain,Female,35,707,56674.48,1,0,2,Low Risk,Normal Monitoring,1
Spain,Male,32,648,0.0,1,0,2,Low Risk,Normal Monitoring,0
Spain,Female,57,760,0.0,2,1,1,Low Risk,Normal Monitoring,0
Germany,Female,33,805,105663.56,2,1,3,Medium Risk,Contact Customer,0
France,Female,39,585,0.0,2,0,2,Low Risk,Normal Monitoring,0
Spain,Female,30,595,100683.54,1,1,1,Low Risk,Normal Monitoring,0
France,Male,42,630,0.0,2,0,2,Low Risk,Normal Monitoring,0
Germany,Male,29,627,139541.58,2,0,5,High Risk,Immediate Follow-up,0
Germany,Female,37,631,121801.72,2,1,3,Medium Risk,Contact Customer,0
Germany,Male,38,776,112281.7,1,1,3,Medium Risk,Contact Customer,0
Spain,Female,36,676,0.0,2,1,0,Low Risk,Normal Monitoring,0
Spain,Female,40,758,93499.82,2,0,3,Medium Risk,Contact Customer,0
France,Male,33,637,132255.99,2,1,1,Low Risk,Normal Monitoring,0
France,Male,20,850,0.0,2,0,2,Low Risk,Normal Monitoring,0
Spain,Female,44,601,0.0,2,0,2,Low Risk,Normal Monitoring,0
France,Male,49,735,121973.28,1,0,4,Medium Risk,Contact Customer,0
Germany,Male,32,614,99462.8,2,1,3,Medium Risk,Contact Customer,0
Germany,Female,21,672,165878.76,2,1,3,Medium Risk,Contact Customer,0
France,Male,30,642,117494.27,1,0,3,Medium Risk,Contact Customer,0
Germany,Female,29,633,138577.34,1,0,5,High Risk,Immediate Follow-up,0
Spain,Male,39,769,0.0,1,1,0,Low Risk,Normal Monitoring,0
Spain,Male,41,796,107525.07,1,0,3,Medium Risk,Contact Customer,0
France,Male,23,715,139224.92,2,0,3,Medium Risk,Contact Customer,0
France,Female,42,695,121453.63,1,0,3,Medium Risk,Contact Customer,0
France,Female,25,747,0.0,2,1,0,Low Risk,Normal Monitoring,0
Germany,Female,54,584,77354.37,1,0,5,High Risk,Immediate Follow-up,1
France,Male,40,476,0.0,1,1,0,Low Risk,Normal Monitoring,0
France,Female,39,850,79259.99,1,1,0,Low Risk,Normal Monitoring,0
France,Male,30,529,116295.29,1,0,3,Medium Risk,Contact Customer,0
Spain,Female,59,584,0.0,1,1,1,Low Risk,Normal Monitoring,1
Germany,Male,34,586,74309.81,1,0,4,Medium Risk,Contact Customer,0
Germany,Male,34,674,152797.9,1,0,5,High Risk,Immediate Follow-up,1
France,Male,42,552,133701.07,2,0,3,Medium Risk,Contact Customer,1
Germany,Female,33,601,114430.18,2,1,3,Medium Risk,Contact Customer,0
France,Male,29,541,127504.57,1,0,3,Medium Risk,Contact Customer,0
Germany,Female,41,744,84113.41,1,0,4,Medium Risk,Contact Customer,0
Spain,Female,23,595,101126.66,2,0,3,Medium Risk,Contact Customer,0
Germany,Male,33,724,103564.83,2,0,5,High Risk,Immediate Follow-up,0
Spain,Female,52,533,0.0,1,1,1,Low Risk,Normal Monitoring,1
France,Male,37,618,168178.21,2,1,1,Low Risk,Normal Monitoring,0
Germany,Female,39,523,143903.11,1,1,3,Medium Risk,Contact Customer,1
Germany,Female,30,642,129753.69,1,0,5,High Risk,Immediate Follow-up,0
France,Male,35,584,0.0,2,0,2,Low Risk,Normal Monitoring,0
France,Male,38,521,110641.18,1,1,1,Low Risk,Normal Monitoring,1
France,Female,36,662,166909.2,2,0,3,Medium Risk,Contact Customer,1
France,Female,34,758,154139.45,1,1,1,Low Risk,Normal Monitoring,0
France,Male,38,717,97459.06,1,0,3,Medium Risk,Contact Customer,0
France,Male,40,611,0.0,2,1,0,Low Risk,Normal Monitoring,0
Germany,Male,43,766,112088.04,2,1,3,Medium Risk,Contact Customer,0
France,Female,34,636,0.0,2,1,0,Low Risk,Normal Monitoring,0
France,Female,48,814,0.0,2,1,1,Low Risk,Normal Monitoring,0
Spain,Male,28,760,141038.57,2,0,3,Medium Risk,Contact Customer,0
Germany,Male,39,607,84468.67,2,1,2,Low Risk,Normal Monitoring,0
Spain,Female,36,725,118520.26,1,0,3,Medium Risk,Contact Customer,1
France,Male,37,600,142663.46,1,1,1,Low Risk,Normal Monitoring,0
Germany,Male,27,656,118627.16,2,1,3,Medium Risk,Contact Customer,0
Spain,Male,34,640,137523.02,1,0,3,Medium Risk,Contact Customer,0
France,Male,28,439,110976.23,2,0,3,Medium Risk,Contact Customer,0
France,Female,38,549,107283.4,1,0,3,Medium Risk,Contact Customer,0
France,Male,38,622,0.0,2,0,2,Low Risk,Normal Monitoring,0
France,Male,34,715,124314.45,1,0,3,Medium Risk,Contact Customer,0
France,Female,41,657,95858.37,1,1,1,Low Risk,Normal Monitoring,0
France,Male,36,703,0.0,2,0,2,Low Risk,Normal Monitoring,0
France,Male,33,802,0.0,2,0,2,Low Risk,Normal Monitoring,0
Spain,Female,36,793,0.0,1,0,2,Low Risk,Normal Monitoring,0
France,Female,35,554,117707.18,2,0,3,Medium Risk,Contact Customer,1
Spain,Male,38,533,135289.33,2,1,1,Low Risk,Normal Monitoring,0
France,Male,36,658,174060.46,1,1,1,Low Risk,Normal Monitoring,0
Germany,Male,40,713,114446.84,2,1,3,Medium Risk,Contact Customer,0
Spain,Male,37,711,0.0,2,0,2,Low Risk,Normal Monitoring,1
France,Male,25,669,157848.53,1,0,3,Medium Risk,Contact Customer,1
France,Female,43,439,0.0,1,1,0,Low Risk,Normal Monitoring,0
Spain,Female,37,763,0.0,2,1,0,Low Risk,Normal Monitoring,0
Germany,Female,74,697,108071.36,2,1,4,Medium Risk,Contact Customer,0
Spain,Female,35,702,14262.8,2,0,2,Low Risk,Normal Monitoring,0
Spain,Male,41,686,102749.72,1,1,1,Low Risk,Normal Monitoring,0
Spain,Male,36,629,161757.87,2,1,1,Low Risk,Normal Monitoring,0
France,Male,38,823,0.0,2,0,2,Low Risk,Normal Monitoring,0
Germany,Female,35,683,95698.79,1,1,3,Medium Risk,Contact Customer,0
France,Male,37,555,124969.13,1,0,3,Medium Risk,Contact Customer,0
Germany,Male,44,647,93960.35,1,0,5,High Risk,Immediate Follow-up,1
France,Female,51,714,88308.87,3,0,6,High Risk,Immediate Follow-up,1
Spain,Female,39,850,0.0,2,1,0,Low Risk,Normal Monitoring,0
France,Female,59,713,0.0,2,1,1,Low Risk,Normal Monitoring,0
France,Male,30,452,112935.87,1,1,1,Low Risk,Normal Monitoring,0
Spain,Female,24,683,98567.1,1,0,3,Medium Risk,Contact Customer,0
France,Female,26,577,180530.51,1,0,3,Medium Risk,Contact Customer,0
France,Male,33,552,140931.57,1,1,1,Low Risk,Normal Monitoring,0
Germany,Female,31,769,148913.72,2,0,5,High Risk,Immediate Follow-up,0
France,Male,38,691,0.0,2,0,2,Low Risk,Normal Monitoring,0
France,Female,49,818,0.0,1,1,1,Low Risk,Normal Monitoring,1
France,Male,41,739,0.0,2,0,2,Low Risk,Normal Monitoring,0
France,Female,50,639,115335.32,2,1,2,Low Risk,Normal Monitoring,0
France,Female,65,651,0.0,2,1,1,Low Risk,Normal Monitoring,0
France,Female,26,779,0.0,2,1,0,Low Risk,Normal Monitoring,0
Germany,Female,33,850,134678.13,1,0,5,High Risk,Immediate Follow-up,0
France,Male,38,829,0.0,2,0,2,Low Risk,Normal Monitoring,0
Germany,Male,31,579,90547.48,2,1,3,Medium Risk,Contact Customer,0
France,Male,32,510,103324.78,1,1,1,Low Risk,Normal Monitoring,0
France,Male,29,531,114590.58,1,0,3,Medium Risk,Contact Customer,0
Germany,Female,36,628,91286.51,1,0,5,High Risk,Immediate Follow-up,0
Spain,Male,32,633,163340.12,2,1,1,Low Risk,Normal Monitoring,0
Spain,Male,45,714,150900.29,2,1,2,Low Risk,Normal Monitoring,0
Spain,Male,23,604,124577.33,1,1,1,Low Risk,Normal Monitoring,0
Spain,Male,35,630,0.0,2,0,2,Low Risk,Normal Monitoring,0
Spain,Female,31,850,91292.7,1,1,1,Low Risk,Normal Monitoring,0
Germany,Female,57,788,93716.72,1,1,4,Medium Risk,Contact Customer,1
France,Female,37,798,111723.08,1,1,1,Low Risk,Normal Monitoring,0
Germany,Male,45,770,110765.68,1,0,6,High Risk,Immediate Follow-up,1
Germany,Male,25,569,173459.45,2,1,3,Medium Risk,Contact Customer,0
Spain,Female,22,425,169649.73,2,1,1,Low Risk,Normal Monitoring,1
Spain,Female,31,547,0.0,2,0,2,Low Risk,Normal Monitoring,0
Germany,Male,45,725,116917.07,1,0,6,High Risk,Immediate Follow-up,1
France,Male,37,506,0.0,2,1,0,Low Risk,Normal Monitoring,0
France,Female,36,632,0.0,2,1,0,Low Risk,Normal Monitoring,0
France,Male,22,620,0.0,1,0,2,Low Risk,Normal Monitoring,0
Germany,Male,32,663,130627.66,1,0,5,High Risk,Immediate Follow-up,1
Spain,Female,46,700,56580.95,2,1,1,Low Risk,Normal Monitoring,0
Germany,Male,38,696,142316.14,1,1,3,Medium Risk,Contact Customer,0
Spain,Male,31,767,0.0,2,1,0,Low Risk,Normal Monitoring,0
France,Male,56,561,152759.0,2,0,4,Medium Risk,Contact Customer,1
Germany,Male,39,350,109733.2,2,0,5,High Risk,Immediate Follow-up,1
France,Male,54,706,117444.51,1,1,2,Low Risk,Normal Monitoring,0
Spain,Female,34,464,76001.57,1,1,0,Low Risk,Normal Monitoring,0
France,Female,34,501,107747.57,1,0,3,Medium Risk,Contact Customer,0
Spain,Female,35,745,0.0,2,1,0,Low Risk,Normal Monitoring,0
France,Female,36,587,134997.49,2,0,3,Medium Risk,Contact Customer,0
France,Female,48,667,0.0,2,1,1,Low Risk,Normal Monitoring,0
France,Male,36,737,0.0,1,1,0,Low Risk,Normal Monitoring,1
Spain,Female,30,485,0.0,1,0,2,Low Risk,Normal Monitoring,0
Spain,Female,37,590,64345.21,1,1,0,Low Risk,Normal Monitoring,1
Germany,Female,35,518,141665.63,1,1,3,Medium Risk,Contact Customer,0
Spain,Female,29,581,0.0,2,0,2,Low Risk,Normal Monitoring,0
Germany,Female,33,785,136624.6,2,1,3,Medium Risk,Contact Customer,0
France,Female,52,799,161209.66,1,1,2,Low Risk,Normal Monitoring,0
Spain,Male,38,698,95010.92,1,1,1,Low Risk,Normal Monitoring,0
France,Female,41,730,167545.32,1,0,3,Medium Risk,Contact Customer,0
Germany,Female,36,740,109044.6,1,0,5,High Risk,Immediate Follow-up,1
France,Female,47,785,122031.55,1,1,2,Low Risk,Normal Monitoring,1
Spain,Female,29,527,27755.97,1,0,2,Low Risk,Normal Monitoring,1
France,Female,29,544,118560.55,1,1,1,Low Risk,Normal Monitoring,0
France,Male,61,705,0.0,2,1,1,Low Risk,Normal Monitoring,0
France,Male,34,684,0.0,2,1,0,Low Risk,Normal Monitoring,0
Spain,Female,28,639,97840.72,1,1,1,Low Risk,Normal Monitoring,0
Germany,Female,38,565,158651.29,2,1,3,Medium Risk,Contact Customer,0
France,Male,44,481,175303.06,1,0,3,Medium Risk,Contact Customer,1
Spain,Male,25,731,96950.21,1,0,3,Medium Risk,Contact Customer,0
France,Male,45,607,123859.6,1,1,2,Low Risk,Normal Monitoring,0
France,Female,32,760,0.0,2,1,0,Low Risk,Normal Monitoring,0
France,Female,70,559,0.0,1,1,1,Low Risk,Normal Monitoring,0
France,Female,33,715,85227.84,1,1,0,Low Risk,Normal Monitoring,0
France,Male,36,656,97786.08,2,1,1,Low Risk,Normal Monitoring,0
Germany,Male,33,652,128135.99,1,0,5,High Risk,Immediate Follow-up,0
Spain,Male,33,624,0.0,2,0,2,Low Risk,Normal Monitoring,0
Spain,Male,36,634,85996.19,1,0,2,Low Risk,Normal Monitoring,0
Spain,Female,50,850,0.0,2,1,1,Low Risk,Normal Monitoring,0
Germany,Female,39,659,104502.11,1,0,5,High Risk,Immediate Follow-up,0
Spain,Male,35,529,95772.97,1,1,1,Low Risk,Normal Monitoring,0
Spain,Male,31,572,98108.79,1,1,1,Low Risk,Normal Monitoring,0
Germany,Male,39,640,131607.28,4,1,6,High Risk,Immediate Follow-up,1
Spain,Male,55,770,63127.41,2,0,3,Medium Risk,Contact Customer,1
Spain,Male,35,648,0.0,2,1,0,Low Risk,Normal Monitoring,0
France,Male,31,579,0.0,1,1,0,Low Risk,Normal Monitoring,0
Germany,Female,36,589,140355.56,2,0,5,High Risk,Immediate Follow-up,0
Spain,Female,36,530,0.0,2,1,0,Low Risk,Normal Monitoring,0
France,Male,30,831,0.0,2,1,0,Low Risk,Normal Monitoring,0
Germany,Male,24,790,107418.27,1,1,3,Medium Risk,Contact Customer,0
France,Male,35,656,0.0,2,0,2,Low Risk,Normal Monitoring,0
Spain,Male,32,563,0.0,2,1,0,Low Risk,Normal Monitoring,0
Spain,Male,39,667,167557.12,1,1,1,Low Risk,Normal Monitoring,0
Spain,Male,34,613,117300.02,1,0,3,Medium Risk,Contact Customer,0
France,Male,60,429,0.0,2,1,1,Low Risk,Normal Monitoring,0
France,Female,23,665,143672.9,1,1,1,Low Risk,Normal Monitoring,0
France,Male,33,731,0.0,2,1,0,Low Risk,Normal Monitoring,0
France,Female,37,584,0.0,2,1,0,Low Risk,Normal Monitoring,0
Germany,Female,31,634,76798.92,1,0,4,Medium Risk,Contact Customer,0
France,Male,34,488,0.0,2,1,0,Low Risk,Normal Monitoring,0
Spain,Female,49,535,115309.75,1,0,4,Medium Risk,Contact Customer,0
France,Female,29,776,178171.04,2,1,1,Low Risk,Normal Monitoring,0
Spain,Female,38,850,0.0,2,1,0,Low Risk,Normal Monitoring,0
Spain,Female,37,673,0.0,2,0,2,Low Risk,Normal Monitoring,0
Germany,Female,45,850,127258.79,1,1,4,Medium Risk,Contact Customer,1
Spain,Female,30,627,0.0,1,1,0,Low Risk,Normal Monitoring,0
France,Female,33,570,0.0,1,1,0,Low Risk,Normal Monitoring,0
Spain,Male,67,796,0.0,2,1,1,Low Risk,Normal Monitoring,0
Spain,Female,33,773,0.0,1,1,0,Low Risk,Normal Monitoring,0
Spain,Male,36,752,0.0,2,1,0,Low Risk,Normal Monitoring,0
Spain,Female,69,625,107569.96,1,1,2,Low Risk,Normal Monitoring,0
Germany,Male,20,535,134874.4,1,1,3,Medium Risk,Contact Customer,0
France,Female,29,786,0.0,2,0,2,Low Risk,Normal Monitoring,0
France,Female,67,620,0.0,2,1,1,Low Risk,Normal Monitoring,0
Spain,Female,48,605,0.0,2,1,1,Low Risk,Normal Monitoring,0
Spain,Female,32,670,0.0,2,0,2,Low Risk,Normal Monitoring,0
Spain,Male,42,617,70105.87,1,1,0,Low Risk,Normal Monitoring,0
France,Male,41,595,0.0,2,0,2,Low Risk,Normal Monitoring,0
Germany,Female,29,687,78939.15,1,0,4,Medium Risk,Contact Customer,1
Germany,Male,30,757,105128.85,2,1,3,Medium Risk,Contact Customer,0
Spain,Male,31,746,113836.27,1,1,1,Low Risk,Normal Monitoring,0
Spain,Male,25,503,0.0,1,1,0,Low Risk,Normal Monitoring,0
Germany,Male,48,543,100900.5,1,0,6,High Risk,Immediate Follow-up,1
Germany,Female,40,428,129248.11,2,0,5,High Risk,Immediate Follow-up,1
France,Female,28,768,109118.05,2,1,1,Low Risk,Normal Monitoring,0
France,Male,56,618,0.0,1,1,1,Low Risk,Normal Monitoring,1
France,Female,31,591,0.0,2,1,0,Low Risk,Normal Monitoring,0
France,Female,35,658,126397.66,1,0,3,Medium Risk,Contact Customer,1
France,Male,36,625,108546.16,3,0,6,High Risk,Immediate Follow-up,1
France,Male,36,717,148061.89,1,0,3,Medium Risk,Contact Customer,1
France,Male,44,667,122277.87,1,1,1,Low Risk,Normal Monitoring,0
France,Male,24,804,0.0,2,0,2,Low Risk,Normal Monitoring,0
France,Male,31,693,0.0,2,1,0,Low Risk,Normal Monitoring,0
Germany,Male,36,729,152899.24,2,0,5,High Risk,Immediate Follow-up,0
Germany,Male,54,484,134388.11,1,0,6,High Risk,Immediate Follow-up,1
Spain,Female,40,632,109740.62,1,0,3,Medium Risk,Contact Customer,0
Germany,Male,23,536,92366.72,2,0,5,High Risk,Immediate Follow-up,0
France,Female,26,573,129109.02,1,0,3,Medium Risk,Contact Customer,1
Spain,Female,56,655,0.0,2,1,1,Low Risk,Normal Monitoring,0
Germany,Male,74,666,105102.5,1,1,4,Medium Risk,Contact Customer,0
Germany,Male,30,726,111375.32,2,0,5,High Risk,Immediate Follow-up,0
France,Male,39,523,0.0,2,0,2,Low Risk,Normal Monitoring,0
Germany,Female,33,728,150412.14,2,0,5,High Risk,Immediate Follow-up,0
France,Male,30,701,156660.72,2,0,3,Medium Risk,Contact Customer,0
France,Male,38,518,90957.81,1,1,1,Low Risk,Normal Monitoring,0
France,Male,37,739,104960.46,1,1,1,Low Risk,Normal Monitoring,0
Germany,Female,31,531,117052.82,1,0,5,High Risk,Immediate Follow-up,1
Spain,Male,44,452,88915.85,1,0,2,Low Risk,Normal Monitoring,0
France,Male,45,684,148071.39,1,0,4,Medium Risk,Contact Customer,0
Germany,Male,39,728,152182.83,1,0,5,High Risk,Immediate Follow-up,0
Spain,Male,39,783,0.0,2,0,2,Low Risk,Normal Monitoring,0
France,Male,22,734,130056.23,1,0,3,Medium Risk,Contact Customer,1
Germany,Male,34,648,95039.73,2,1,3,Medium Risk,Contact Customer,0
France,Male,52,688,0.0,2,1,1,Low Risk,Normal Monitoring,0
Spain,Male,35,680,0.0,2,0,2,Low Risk,Normal Monitoring,0
France,Female,43,516,112773.73,2,1,1,Low Risk,Normal Monitoring,0
France,Female,37,680,123806.28,1,0,3,Medium Risk,Contact Customer,1
France,Male,53,604,144453.75,1,0,4,Medium Risk,Contact Customer,1
Germany,Male,27,624,94667.29,2,1,3,Medium Risk,Contact Customer,0
France,Male,21,623,0.0,2,1,0,Low Risk,Normal Monitoring,0
Spain,Male,51,624,174397.21,2,1,2,Low Risk,Normal Monitoring,0
Germany,Female,58,565,108888.24,3,1,7,High Risk,Immediate Follow-up,1
France,Male,55,565,118803.35,2,1,2,Low Risk,Normal Monitoring,1
France,Male,54,710,171137.62,1,1,2,Low Risk,Normal Monitoring,1
France,Male,42,645,0.0,1,0,2,Low Risk,Normal Monitoring,0
France,Male,33,707,136678.52,1,0,3,Medium Risk,Contact Customer,0
Spain,Female,36,655,135515.76,1,0,3,Medium Risk,Contact Customer,0
Spain,Female,24,705,177799.83,2,0,3,Medium Risk,Contact Customer,0
Spain,Female,52,358,143542.36,3,0,7,High Risk,Immediate Follow-up,1
Germany,Male,34,578,147487.23,2,0,5,High Risk,Immediate Follow-up,0
France,Female,40,800,97764.41,1,0,3,Medium Risk,Contact Customer,1
France,Female,33,612,0.0,1,0,2,Low Risk,Normal Monitoring,1
Germany,Female,48,681,139480.18,1,1,4,Medium Risk,Contact Customer,0
Spain,Male,25,559,0.0,2,1,0,Low Risk,Normal Monitoring,0
Spain,Female,39,488,140553.46,1,0,3,Medium Risk,Contact Customer,0
France,Female,36,717,0.0,2,1,0,Low Risk,Normal Monitoring,0
France,Female,41,666,141162.08,1,0,3,Medium Risk,Contact Customer,0
Spain,Male,26,582,65848.36,2,0,2,Low Risk,Normal Monitoring,0
Spain,Female,30,733,83319.28,1,0,2,Low Risk,Normal Monitoring,0
France,Male,41,693,0.0,2,0,2,Low Risk,Normal Monitoring,0
France,Female,33,694,129731.64,2,0,3,Medium Risk,Contact Customer,0
France,Female,35,622,0.0,2,0,2,Low Risk,Normal Monitoring,0
Spain,Female,38,598,0.0,2,0,2,Low Risk,Normal Monitoring,0
Spain,Male,35,717,0.0,3,0,5,High Risk,Immediate Follow-up,1
Germany,Male,37,494,107106.33,2,0,5,High Risk,Immediate Follow-up,0
France,Male,33,644,0.0,2,1,0,Low Risk,Normal Monitoring,0
France,Female,30,554,0.0,2,1,0,Low Risk,Normal Monitoring,0
Spain,Female,69,476,105303.73,1,1,2,Low Risk,Normal Monitoring,0
France,Male,28,667,165798.1,1,0,3,Medium Risk,Contact Customer,0
Spain,Female,40,748,0.0,2,0,2,Low Risk,Normal Monitoring,0
Spain,Female,45,531,126495.57,2,1,2,Low Risk,Normal Monitoring,0
Spain,Female,47,719,116393.59,1,0,4,Medium Risk,Contact Customer,1
Germany,Female,41,845,81733.74,2,0,4,Medium Risk,Contact Customer,0
France,Male,54,738,0.0,1,1,1,Low Risk,Normal Monitoring,1
Spain,Female,46,563,106171.68,1,0,4,Medium Risk,Contact Customer,1
Spain,Male,28,695,96020.86,1,1,1,Low Risk,Normal Monitoring,0
Spain,Male,41,841,0.0,2,1,0,Low Risk,Normal Monitoring,0
Germany,Male,36,626,181671.16,2,1,3,Medium Risk,Contact Customer,0
France,Female,29,613,185709.28,2,1,1,Low Risk,Normal Monitoring,0
Germany,Male,60,824,134250.17,3,0,9,High Risk,Immediate Follow-up,1
France,Female,49,705,0.0,1,0,3,Medium Risk,Contact Customer,1
France,Female,44,584,95671.75,2,1,1,Low Risk,Normal Monitoring,0
France,Male,62,534,0.0,2,0,3,Medium Risk,Contact Customer,1
France,Female,34,672,142151.75,2,1,1,Low Risk,Normal Monitoring,0
France,Male,43,603,127823.93,1,1,1,Low Risk,Normal Monitoring,0
Germany,Male,43,633,144164.29,1,1,3,Medium Risk,Contact Customer,0
France,Male,58,842,63492.94,1,1,1,Low Risk,Normal Monitoring,0
France,Female,27,661,0.0,2,1,0,Low Risk,Normal Monitoring,0
France,Male,74,601,0.0,2,1,1,Low Risk,Normal Monitoring,0
France,Male,41,632,106134.46,1,1,1,Low Risk,Normal Monitoring,0
Germany,Male,29,684,127269.75,1,1,3,Medium Risk,Contact Customer,0
Germany,Female,32,785,124493.03,2,1,3,Medium Risk,Contact Customer,1
France,Male,39,687,0.0,2,0,2,Low Risk,Normal Monitoring,0
Germany,Female,43,705,146547.78,1,1,3,Medium Risk,Contact Customer,1
France,Male,43,639,99610.92,2,0,3,Medium Risk,Contact Customer,0
Germany,Male,46,729,117837.43,1,0,6,High Risk,Immediate Follow-up,1
Spain,Female,48,556,168522.37,1,1,2,Low Risk,Normal Monitoring,0
France,Male,32,570,117337.54,2,1,1,Low Risk,Normal Monitoring,0
France,Male,74,841,108131.53,1,1,2,Low Risk,Normal Monitoring,0
Germany,Male,35,705,136496.12,2,0,5,High Risk,Immediate Follow-up,0
France,Male,32,553,116324.53,1,0,3,Medium Risk,Contact Customer,0
Germany,Female,40,779,75470.23,1,1,2,Low Risk,Normal Monitoring,0
France,Male,28,696,172646.82,1,1,1,Low Risk,Normal Monitoring,0
Spain,Female,37,728,0.0,1,0,2,Low Risk,Normal Monitoring,0
Germany,Male,27,691,160358.68,2,0,5,High Risk,Immediate Follow-up,0
France,Male,30,706,98415.37,1,1,1,Low Risk,Normal Monitoring,0
Germany,Female,30,627,57809.32,1,0,4,Medium Risk,Contact Customer,0
Germany,Female,18,716,128743.8,1,0,5,High Risk,Immediate Follow-up,0
Germany,Male,24,501,130806.42,2,0,5,High Risk,Immediate Follow-up,0
France,Male,41,601,123971.16,1,1,1,Low Risk,Normal Monitoring,0
Spain,Female,39,545,0.0,1,0,2,Low Risk,Normal Monitoring,1
France,Male,45,634,0.0,2,0,3,Medium Risk,Contact Customer,0
Spain,Female,23,451,0.0,2,1,0,Low Risk,Normal Monitoring,0
France,Female,59,655,0.0,1,0,3,Medium Risk,Contact Customer,1
France,Female,39,458,0.0,2,0,2,Low Risk,Normal Monitoring,0
France,Male,33,520,156297.58,2,1,1,Low Risk,Normal Monitoring,0
Spain,Female,28,624,0.0,2,1,0,Low Risk,Normal Monitoring,0
France,Male,51,765,123372.3,1,1,2,Low Risk,Normal Monitoring,0
Germany,Female,37,667,92171.35,3,0,8,High Risk,Immediate Follow-up,1
Spain,Male,41,665,0.0,2,0,2,Low Risk,Normal Monitoring,0
Germany,Male,34,709,148375.19,2,1,3,Medium Risk,Contact Customer,0
France,Female,44,583,0.0,2,1,0,Low Risk,Normal Monitoring,0
Spain,Male,34,782,147422.44,1,1,1,Low Risk,Normal Monitoring,0
Spain,Female,24,668,173962.32,1,0,3,Medium Risk,Contact Customer,1
France,Male,47,621,0.0,1,1,1,Low Risk,Normal Monitoring,1
Germany,Female,64,579,145215.43,1,1,4,Medium Risk,Contact Customer,0
France,Female,38,547,167539.97,1,1,1,Low Risk,Normal Monitoring,0
France,Female,39,840,94968.97,1,0,3,Medium Risk,Contact Customer,0
Germany,Female,27,667,106116.5,2,0,5,High Risk,Immediate Follow-up,0
France,Male,34,723,0.0,2,1,0,Low Risk,Normal Monitoring,0
France,Male,45,487,0.0,2,0,3,Medium Risk,Contact Customer,0
France,Female,31,668,0.0,2,0,2,Low Risk,Normal Monitoring,0
Germany,Male,34,520,120018.86,2,1,3,Medium Risk,Contact Customer,0
France,Male,37,549,112541.54,2,0,3,Medium Risk,Contact Customer,0
France,Female,35,567,166118.45,2,0,3,Medium Risk,Contact Customer,0
France,Female,45,720,102882.4,2,1,2,Low Risk,Normal Monitoring,1
France,Female,49,492,0.0,1,1,1,Low Risk,Normal Monitoring,1
France,Female,37,712,106881.5,2,0,3,Medium Risk,Contact Customer,0
Germany,Male,26,689,120727.97,1,1,3,Medium Risk,Contact Customer,0
France,Male,63,850,169832.57,1,0,4,Medium Risk,Contact Customer,1
France,Male,41,747,0.0,2,1,0,Low Risk,Normal Monitoring,0
Germany,Male,38,469,113599.42,1,0,5,High Risk,Immediate Follow-up,0
Spain,Male,38,539,0.0,1,1,0,Low Risk,Normal Monitoring,1
France,Male,32,743,0.0,2,0,2,Low Risk,Normal Monitoring,0
France,Male,47,707,0.0,2,0,3,Medium Risk,Contact Customer,0
Spain,Female,50,581,0.0,2,1,1,Low Risk,Normal Monitoring,0
Spain,Male,38,737,146282.79,2,0,3,Medium Risk,Contact Customer,0
Germany,Female,38,445,119413.62,2,0,5,High Risk,Immediate Follow-up,0
Germany,Female,29,703,122084.63,1,1,3,Medium Risk,Contact Customer,0
Germany,Female,35,588,103060.63,1,0,5,High Risk,Immediate Follow-up,1
France,Male,44,765,0.0,2,1,0,Low Risk,Normal Monitoring,0
France,Male,33,626,0.0,2,0,2,Low Risk,Normal Monitoring,0
Germany,Male,37,545,110483.86,1,1,3,Medium Risk,Contact Customer,0
France,Male,31,744,120718.28,1,1,1,Low Risk,Normal Monitoring,0
Spain,Female,31,658,36566.96,1,0,2,Low Risk,Normal Monitoring,1
Germany,Male,28,629,108601.0,1,1,3,Medium Risk,Contact Customer,0
France,Female,42,719,0.0,1,0,2,Low Risk,Normal Monitoring,1
Spain,Female,36,686,0.0,2,1,0,Low Risk,Normal Monitoring,0
France,Male,36,743,0.0,2,1,0,Low Risk,Normal Monitoring,0
Spain,Female,48,626,0.0,2,1,1,Low Risk,Normal Monitoring,0
Germany,Male,44,661,141136.62,1,0,5,High Risk,Immediate Follow-up,1
Germany,Male,45,710,108231.37,1,1,4,Medium Risk,Contact Customer,0
France,Male,40,654,0.0,1,0,2,Low Risk,Normal Monitoring,1
Spain,Female,34,569,144855.34,1,0,3,Medium Risk,Contact Customer,0
France,Male,63,640,68432.45,2,1,1,Low Risk,Normal Monitoring,1
France,Male,45,562,136855.24,1,0,4,Medium Risk,Contact Customer,0
France,Female,55,721,44020.89,1,0,3,Medium Risk,Contact Customer,1
Germany,Male,32,456,133060.63,1,1,3,Medium Risk,Contact Customer,0
Spain,Male,39,811,0.0,2,1,0,Low Risk,Normal Monitoring,0
France,Male,24,534,0.0,1,1,0,Low Risk,Normal Monitoring,0
France,Female,36,423,97665.61,1,0,3,Medium Risk,Contact Customer,1
Germany,Male,28,594,185013.02,1,0,5,High Risk,Immediate Follow-up,0
Spain,Female,32,725,0.0,2,1,0,Low Risk,Normal Monitoring,0
France,Female,52,716,65971.61,2,0,3,Medium Risk,Contact Customer,1
Germany,Female,41,595,150463.11,2,1,3,Medium Risk,Contact Customer,0
France,Female,33,679,0.0,2,0,2,Low Risk,Normal Monitoring,0
Spain,Male,39,667,0.0,2,0,2,Low Risk,Normal Monitoring,0
France,Female,37,661,136425.18,1,0,3,Medium Risk,Contact Customer,0
Spain,Male,38,655,250898.09,3,1,4,Medium Risk,Contact Customer,1
France,Male,55,555,146798.81,1,1,2,Low Risk,Normal Monitoring,0
Spain,Male,70,531,0.0,2,0,3,Medium Risk,Contact Customer,0
Germany,Female,40,611,128486.91,2,0,5,High Risk,Immediate Follow-up,0
France,Female,38,600,0.0,2,1,0,Low Risk,Normal Monitoring,0
Spain,Male,37,531,143407.29,2,1,1,Low Risk,Normal Monitoring,0
France,Female,43,601,0.0,1,0,2,Low Risk,Normal Monitoring,1
France,Male,57,548,76165.65,1,1,1,Low Risk,Normal Monitoring,0
France,Male,40,759,0.0,2,0,2,Low Risk,Normal Monitoring,0
Spain,Female,49,678,0.0,2,1,1,Low Risk,Normal Monitoring,0
Germany,Female,33,755,90560.3,2,1,3,Medium Risk,Contact Customer,0
France,Male,61,594,62391.22,1,1,1,Low Risk,Normal Monitoring,0
France,Male,42,768,0.0,3,0,5,High Risk,Immediate Follow-up,0
France,Female,31,492,0.0,2,1,0,Low Risk,Normal Monitoring,0
Germany,Female,55,637,123378.2,1,0,6,High Risk,Immediate Follow-up,1
Spain,Female,42,646,99836.47,1,1,1,Low Risk,Normal Monitoring,0
Germany,Male,74,593,161434.36,2,1,4,Medium Risk,Contact Customer,0
Spain,Male,41,596,0.0,2,1,0,Low Risk,Normal Monitoring,0
Germany,Female,48,722,138311.76,1,1,4,Medium Risk,Contact Customer,1
France,Male,25,642,0.0,2,0,2,Low Risk,Normal Monitoring,0
Spain,Female,28,472,0.0,2,0,2,Low Risk,Normal Monitoring,0
Germany,Male,35,738,101744.84,1,0,5,High Risk,Immediate Follow-up,0
Spain,Male,33,732,0.0,1,0,2,Low Risk,Normal Monitoring,0
Germany,Female,54,404,125456.07,1,0,6,High Risk,Immediate Follow-up,1
France,Male,44,701,0.0,2,0,2,Low Risk,Normal Monitoring,0
France,Male,31,683,0.0,2,1,0,Low Risk,Normal Monitoring,0
France,Female,27,460,0.0,2,0,2,Low Risk,Normal Monitoring,1
France,Male,29,690,0.0,2,0,2,Low Risk,Normal Monitoring,0
Germany,Female,54,618,118449.21,1,1,4,Medium Risk,Contact Customer,1
France,Male,30,671,0.0,1,1,0,Low Risk,Normal Monitoring,0
Spain,Female,32,765,178095.55,1,0,3,Medium Risk,Contact Customer,0
Germany,Female,25,651,109175.14,2,0,5,High Risk,Immediate Follow-up,0
France,Male,32,704,127785.17,4,0,6,High Risk,Immediate Follow-up,1
France,Female,45,544,0.0,2,1,1,Low Risk,Normal Monitoring,0
France,Female,40,790,0.0,2,1,0,Low Risk,Normal Monitoring,0
Germany,Male,34,710,134260.36,2,0,5,High Risk,Immediate Follow-up,0
France,Male,37,743,69143.91,2,1,0,Low Risk,Normal Monitoring,0
France,Male,34,702,100054.77,1,0,3,Medium Risk,Contact Customer,0
France,Female,45,704,0.0,1,1,1,Low Risk,Normal Monitoring,0
France,Male,38,614,116248.88,1,0,3,Medium Risk,Contact Customer,0
Spain,Female,43,609,86053.52,2,1,0,Low Risk,Normal Monitoring,1
France,Female,32,688,123157.95,1,0,3,Medium Risk,Contact Customer,0
France,Male,44,713,63438.91,1,0,2,Low Risk,Normal Monitoring,0
Germany,Male,57,736,95295.39,1,0,6,High Risk,Immediate Follow-up,1
France,Male,18,727,133550.67,1,1,1,Low Risk,Normal Monitoring,0
France,Female,38,850,106871.81,2,0,3,Medium Risk,Contact Customer,0
Spain,Male,45,718,105266.32,2,1,2,Low Risk,Normal Monitoring,0
France,Female,51,643,105229.53,1,0,4,Medium Risk,Contact Customer,1
France,Male,41,653,102768.42,1,0,3,Medium Risk,Contact Customer,0
France,Male,18,674,0.0,2,1,0,Low Risk,Normal Monitoring,1
France,Male,35,690,112689.95,1,0,3,Medium Risk,Contact Customer,0
France,Male,38,819,122334.26,2,1,1,Low Risk,Normal Monitoring,0
Spain,Male,34,634,0.0,2,0,2,Low Risk,Normal Monitoring,0
Spain,Male,33,633,137847.41,2,0,3,Medium Risk,Contact Customer,0
France,Male,49,850,122486.47,1,1,2,Low Risk,Normal Monitoring,0
France,Male,33,665,101286.11,1,1,1,Low Risk,Normal Monitoring,0
Spain,Male,26,630,0.0,2,1,0,Low Risk,Normal Monitoring,0
Spain,Male,57,836,101247.06,1,0,4,Medium Risk,Contact Customer,1
France,Male,38,668,86977.96,1,1,0,Low Risk,Normal Monitoring,0
France,Male,57,753,0.0,1,0,3,Medium Risk,Contact Customer,1
France,Female,55,745,110123.59,1,1,2,Low Risk,Normal Monitoring,1
France,Male,36,693,178111.82,1,0,3,Medium Risk,Contact Customer,1
Germany,Male,65,606,126306.64,3,0,9,High Risk,Immediate Follow-up,1
France,Female,35,660,100768.77,1,0,3,Medium Risk,Contact Customer,0
France,Male,42,608,0.0,2,0,2,Low Risk,Normal Monitoring,0
France,Female,44,744,0.0,2,1,0,Low Risk,Normal Monitoring,0
France,Female,40,731,118991.79,1,1,1,Low Risk,Normal Monitoring,0
France,Male,72,683,140997.26,1,1,2,Low Risk,Normal Monitoring,0
France,Male,28,727,0.0,2,1,0,Low Risk,Normal Monitoring,0
Germany,Male,32,561,166824.59,1,0,5,High Risk,Immediate Follow-up,0
France,Female,34,700,76322.69,1,0,2,Low Risk,Normal Monitoring,0
France,Male,35,605,0.0,2,1,0,Low Risk,Normal Monitoring,0
Spain,Male,77,767,149083.7,1,1,2,Low Risk,Normal Monitoring,0
France,Male,33,511,0.0,2,1,0,Low Risk,Normal Monitoring,0
France,Male,40,667,0.0,1,1,0,Low Risk,Normal Monitoring,0
France,Male,33,787,126588.81,2,1,1,Low Risk,Normal Monitoring,0
Germany,Female,56,705,143249.67,1,0,6,High Risk,Immediate Follow-up,1
Germany,Male,43,773,81844.91,2,1,2,Low Risk,Normal Monitoring,0
France,Male,40,554,0.0,1,1,0,Low Risk,Normal Monitoring,0
Germany,Male,58,526,190298.89,2,1,4,Medium Risk,Contact Customer,0
Germany,Male,35,661,117212.18,1,1,3,Medium Risk,Contact Customer,0
France,Female,46,698,0.0,2,1,1,Low Risk,Normal Monitoring,0
France,Male,26,646,139848.17,1,0,3,Medium Risk,Contact Customer,0
Germany,Female,34,757,101861.36,2,0,5,High Risk,Immediate Follow-up,0
Spain,Male,35,699,167455.66,2,1,1,Low Risk,Normal Monitoring,0
France,Female,24,667,0.0,2,1,0,Low Risk,Normal Monitoring,0
Spain,Female,43,774,116360.07,1,0,3,Medium Risk,Contact Customer,0
Spain,Male,40,745,88466.82,1,0,2,Low Risk,Normal Monitoring,0
France,Female,42,649,0.0,2,1,0,Low Risk,Normal Monitoring,0
Germany,Female,46,634,123642.36,1,1,4,Medium Risk,Contact Customer,1
Spain,Male,38,665,0.0,1,1,0,Low Risk,Normal Monitoring,0
France,Male,38,713,72286.84,2,1,0,Low Risk,Normal Monitoring,0
France,Female,40,652,0.0,2,0,2,Low Risk,Normal Monitoring,0
Spain,Male,40,739,109681.61,1,1,1,Low Risk,Normal Monitoring,0
Germany,Male,37,556,145018.64,2,0,5,High Risk,Immediate Follow-up,1
Spain,Male,34,699,0.0,1,1,0,Low Risk,Normal Monitoring,0
Spain,Female,32,708,187487.63,1,1,1,Low Risk,Normal Monitoring,0
France,Male,35,480,165692.91,1,1,1,Low Risk,Normal Monitoring,0
Germany,Female,59,700,137648.41,1,0,6,High Risk,Immediate Follow-up,1
Spain,Female,47,525,118560.0,1,0,4,Medium Risk,Contact Customer,1
France,Male,33,845,164385.53,1,0,3,Medium Risk,Contact Customer,0
France,Male,37,613,108286.5,1,1,1,Low Risk,Normal Monitoring,0
France,Female,34,850,0.0,2,1,0,Low Risk,Normal Monitoring,0
Spain,Female,58,798,0.0,2,0,3,Medium Risk,Contact Customer,1
Germany,Male,47,773,118079.47,4,1,7,High Risk,Immediate Follow-up,1
Spain,Male,35,614,127283.78,1,1,1,Low Risk,Normal Monitoring,0
Spain,Male,48,473,0.0,2,0,3,Medium Risk,Contact Customer,0
France,Male,29,762,141389.06,1,0,3,Medium Risk,Contact Customer,0
France,Male,37,701,130091.5,1,1,1,Low Risk,Normal Monitoring,0
France,Male,35,600,143744.77,2,0,3,Medium Risk,Contact Customer,0
Spain,Male,28,850,97408.03,1,1,1,Low Risk,Normal Monitoring,0
Spain,Male,30,613,111927.45,1,1,1,Low Risk,Normal Monitoring,0
France,Male,31,509,0.0,2,0,2,Low Risk,Normal Monitoring,0
Spain,Male,38,509,0.0,1,0,2,Low Risk,Normal Monitoring,0
France,Male,34,609,0.0,1,1,0,Low Risk,Normal Monitoring,0
France,Female,33,456,188285.68,1,0,3,Medium Risk,Contact Customer,0
France,Female,46,728,109705.52,1,0,4,Medium Risk,Contact Customer,1
Spain,Male,33,663,0.0,2,0,2,Low Risk,Normal Monitoring,0
Germany,Female,34,673,127122.79,3,1,6,High Risk,Immediate Follow-up,0
France,Male,40,717,98241.04,1,0,3,Medium Risk,Contact Customer,0
Germany,Female,37,741,170840.08,2,0,5,High Risk,Immediate Follow-up,0
Germany,Female,41,498,87541.06,2,1,2,Low Risk,Normal Monitoring,1
France,Female,26,850,62610.96,2,1,0,Low Risk,Normal Monitoring,0
France,Male,36,493,0.0,2,1,0,Low Risk,Normal Monitoring,0
France,Female,47,686,113328.93,1,0,4,Medium Risk,Contact Customer,0
Spain,Male,35,666,104832.49,1,0,3,Medium Risk,Contact Customer,0
Spain,Female,31,733,102289.85,1,1,1,Low Risk,Normal Monitoring,0
Germany,Female,34,631,125227.82,2,1,3,Medium Risk,Contact Customer,0
Germany,Female,49,714,140510.89,1,0,6,High Risk,Immediate Follow-up,0
Germany,Female,35,767,132253.22,1,0,5,High Risk,Immediate Follow-up,1
Germany,Male,43,711,39043.29,2,1,2,Low Risk,Normal Monitoring,0
France,Male,34,722,0.0,2,1,0,Low Risk,Normal Monitoring,0
Spain,Male,55,631,99685.06,1,0,4,Medium Risk,Contact Customer,0
Germany,Male,38,701,125385.49,2,1,3,Medium Risk,Contact Customer,0
Spain,Male,46,790,131365.37,2,1,2,Low Risk,Normal Monitoring,0
Spain,Male,58,633,98308.51,1,1,2,Low Risk,Normal Monitoring,0
France,Female,37,644,0.0,2,0,2,Low Risk,Normal Monitoring,0
Spain,Male,44,757,140856.16,2,0,3,Medium Risk,Contact Customer,0
France,Female,30,696,0.0,2,1,0,Low Risk,Normal Monitoring,0
France,Male,35,746,172274.01,1,0,3,Medium Risk,Contact Customer,0
Spain,Male,36,649,0.0,2,0,2,Low Risk,Normal Monitoring,0
Spain,Male,38,565,122447.76,1,0,3,Medium Risk,Contact Customer,0
France,Female,38,720,0.0,2,1,0,Low Risk,Normal Monitoring,1
Spain,Female,56,648,157559.59,2,0,4,Medium Risk,Contact Customer,1
Germany,Male,41,632,126550.7,1,0,5,High Risk,Immediate Follow-up,1
France,Female,30,622,158584.82,3,0,6,High Risk,Immediate Follow-up,1
France,Male,28,835,163569.61,2,1,1,Low Risk,Normal Monitoring,0
France,Female,31,493,0.0,1,1,0,Low Risk,Normal Monitoring,1
Germany,Female,33,785,127211.45,1,0,5,High Risk,Immediate Follow-up,0
Germany,Male,42,681,118199.97,2,0,5,High Risk,Immediate Follow-up,1
Germany,Female,30,621,101014.08,2,1,3,Medium Risk,Contact Customer,0
Spain,Male,38,756,119208.85,1,0,3,Medium Risk,Contact Customer,1
France,Female,66,515,0.0,2,1,1,Low Risk,Normal Monitoring,0
France,Female,58,625,53772.73,1,1,1,Low Risk,Normal Monitoring,1
Spain,Female,39,717,0.0,2,0,2,Low Risk,Normal Monitoring,0
Germany,Female,41,595,138878.81,1,1,3,Medium Risk,Contact Customer,0
Spain,Female,37,539,130922.81,2,0,3,Medium Risk,Contact Customer,0
France,Male,35,762,0.0,2,1,0,Low Risk,Normal Monitoring,0
Spain,Male,20,706,0.0,2,1,0,Low Risk,Normal Monitoring,0
Spain,Female,25,677,130866.19,1,0,3,Medium Risk,Contact Customer,0
Germany,Female,33,733,187257.94,1,1,3,Medium Risk,Contact Customer,0
Spain,Female,41,684,0.0,1,1,0,Low Risk,Normal Monitoring,0
France,Male,36,679,147733.64,1,1,1,Low Risk,Normal Monitoring,0
Spain,Male,43,478,0.0,2,1,0,Low Risk,Normal Monitoring,0
France,Male,33,696,163139.27,1,1,1,Low Risk,Normal Monitoring,0
Spain,Female,35,686,0.0,2,1,0,Low Risk,Normal Monitoring,0
France,Female,36,466,119540.15,1,1,1,Low Risk,Normal Monitoring,0
France,Female,41,686,129553.76,2,0,3,Medium Risk,Contact Customer,0
France,Male,55,576,0.0,2,1,1,Low Risk,Normal Monitoring,0
Germany,Female,61,763,66101.89,1,1,3,Medium Risk,Contact Customer,0
France,Male,43,572,140431.98,1,0,3,Medium Risk,Contact Customer,1
France,Female,49,757,0.0,2,0,3,Medium Risk,Contact Customer,0
France,Female,29,582,0.0,1,1,0,Low Risk,Normal Monitoring,0
France,Female,35,623,0.0,2,0,2,Low Risk,Normal Monitoring,0
Germany,Female,37,617,116471.43,2,0,5,High Risk,Immediate Follow-up,1
France,Male,39,425,0.0,2,0,2,Low Risk,Normal Monitoring,0
France,Female,56,659,123785.24,1,0,4,Medium Risk,Contact Customer,1
France,Female,33,605,0.0,2,1,0,Low Risk,Normal Monitoring,0
France,Female,38,538,88758.95,2,0,2,Low Risk,Normal Monitoring,1
Germany,Male,25,665,153611.83,2,0,5,High Risk,Immediate Follow-up,0
Germany,Female,57,491,112044.72,1,1,4,Medium Risk,Contact Customer,1
Spain,Female,27,726,123826.07,1,1,1,Low Risk,Normal Monitoring,0
France,Female,65,580,106804.26,3,0,7,High Risk,Immediate Follow-up,1
France,Female,48,550,0.0,2,1,1,Low Risk,Normal Monitoring,0
France,Female,59,542,68892.77,2,0,3,Medium Risk,Contact Customer,1
France,Female,43,732,0.0,2,0,2,Low Risk,Normal Monitoring,0
France,Female,33,473,125827.43,1,1,1,Low Risk,Normal Monitoring,0
Spain,Male,34,745,0.0,2,0,2,Low Risk,Normal Monitoring,0
France,Male,36,732,0.0,2,1,0,Low Risk,Normal Monitoring,0
Germany,Female,40,848,148495.64,1,0,5,High Risk,Immediate Follow-up,0
France,Male,37,572,133043.66,1,0,3,Medium Risk,Contact Customer,0
France,Male,45,702,74989.58,1,1,1,Low Risk,Normal Monitoring,0
Germany,Male,39,664,60263.23,1,0,4,Medium Risk,Contact Customer,0
Germany,Male,50,630,129370.91,4,1,7,High Risk,Immediate Follow-up,1
Germany,Male,44,618,157955.83,2,0,5,High Risk,Immediate Follow-up,0
France,Male,26,556,0.0,1,0,2,Low Risk,Normal Monitoring,0
France,Female,30,619,70729.17,1,1,0,Low Risk,Normal Monitoring,0
France,Male,48,644,0.0,2,1,1,Low Risk,Normal Monitoring,1
Spain,Male,50,658,0.0,2,0,3,Medium Risk,Contact Customer,0
Spain,Male,27,598,90721.52,2,0,3,Medium Risk,Contact Customer,0
France,Male,27,677,0.0,2,1,0,Low Risk,Normal Monitoring,0
Spain,Female,45,689,57784.22,1,0,3,Medium Risk,Contact Customer,1
France,Male,33,591,131765.72,1,0,3,Medium Risk,Contact Customer,0
France,Male,40,699,0.0,1,1,0,Low Risk,Normal Monitoring,1
Germany,Male,47,749,110022.74,1,1,4,Medium Risk,Contact Customer,1
France,Female,40,709,131569.63,1,1,1,Low Risk,Normal Monitoring,0
Germany,Male,61,607,164523.5,2,1,4,Medium Risk,Contact Customer,0
Germany,Female,25,650,114330.95,1,1,3,Medium Risk,Contact Customer,0
Spain,Female,45,651,135923.16,1,0,4,Medium Risk,Contact Customer,0
France,Female,61,676,0.0,2,1,1,Low Risk,Normal Monitoring,0
France,Female,49,723,0.0,2,1,1,Low Risk,Normal Monitoring,0
Spain,Male,45,714,124693.48,1,1,2,Low Risk,Normal Monitoring,0
Spain,Female,35,759,147936.42,1,1,1,Low Risk,Normal Monitoring,0
France,Male,29,582,0.0,1,0,2,Low Risk,Normal Monitoring,0
France,Female,34,697,126558.92,1,0,3,Medium Risk,Contact Customer,0
Germany,Male,57,610,106938.11,2,1,4,Medium Risk,Contact Customer,0
Germany,Female,33,488,140002.35,1,0,5,High Risk,Immediate Follow-up,0
Germany,Male,46,599,123444.72,1,1,4,Medium Risk,Contact Customer,1
France,Male,32,781,147107.91,1,1,1,Low Risk,Normal Monitoring,0
France,Male,19,645,128514.84,1,0,3,Medium Risk,Contact Customer,0
France,Female,55,545,0.0,1,0,3,Medium Risk,Contact Customer,1
Germany,Female,40,597,106756.01,2,0,5,High Risk,Immediate Follow-up,0
Spain,Female,28,561,0.0,2,0,2,Low Risk,Normal Monitoring,0
France,Female,37,662,0.0,2,0,2,Low Risk,Normal Monitoring,0
Germany,Female,50,649,155393.32,1,1,4,Medium Risk,Contact Customer,1
France,Female,36,630,110414.48,1,1,1,Low Risk,Normal Monitoring,0
Spain,Male,33,672,0.0,2,1,0,Low Risk,Normal Monitoring,0
Germany,Female,37,636,157098.52,1,1,3,Medium Risk,Contact Customer,0
Germany,Female,38,593,85626.6,1,1,2,Low Risk,Normal Monitoring,0
Germany,Male,45,545,93796.42,2,1,4,Medium Risk,Contact Customer,0
Spain,Female,41,567,0.0,2,0,2,Low Risk,Normal Monitoring,0
France,Male,51,583,125268.03,2,0,4,Medium Risk,Contact Customer,0
France,Female,29,681,148143.84,1,1,1,Low Risk,Normal Monitoring,0
Spain,Male,29,762,115545.33,2,0,3,Medium Risk,Contact Customer,0
Spain,Male,35,648,0.0,2,0,2,Low Risk,Normal Monitoring,0
France,Male,30,644,44928.88,1,1,0,Low Risk,Normal Monitoring,0
Spain,Male,29,706,0.0,2,1,0,Low Risk,Normal Monitoring,0
France,Male,35,850,162442.35,1,0,3,Medium Risk,Contact Customer,0
Spain,Female,39,484,0.0,2,1,0,Low Risk,Normal Monitoring,0
Germany,Male,28,508,96213.82,2,0,5,High Risk,Immediate Follow-up,0
France,Female,29,439,156569.43,1,0,3,Medium Risk,Contact Customer,0
Spain,Male,36,484,0.0,2,0,2,Low Risk,Normal Monitoring,0
Spain,Female,37,803,0.0,2,0,2,Low Risk,Normal Monitoring,0
Germany,Female,48,724,110463.25,2,1,4,Medium Risk,Contact Customer,1
France,Male,33,640,154575.76,1,0,3,Medium Risk,Contact Customer,1
Spain,Female,35,701,0.0,2,0,2,Low Risk,Normal Monitoring,0
France,Male,37,537,0.0,2,1,0,Low Risk,Normal Monitoring,0
Germany,Male,26,651,147037.32,1,0,5,High Risk,Immediate Follow-up,0
Germany,Male,41,523,119276.31,1,0,5,High Risk,Immediate Follow-up,1
France,Female,25,717,108664.85,2,0,3,Medium Risk,Contact Customer,0
Spain,Male,44,593,0.0,1,0,2,Low Risk,Normal Monitoring,0
Germany,Male,38,706,163034.82,2,1,3,Medium Risk,Contact Customer,0
Germany,Female,49,714,93059.34,1,0,6,High Risk,Immediate Follow-up,1
Spain,Male,38,794,179581.31,1,0,3,Medium Risk,Contact Customer,0
Germany,Male,46,518,113625.93,1,0,6,High Risk,Immediate Follow-up,1
Germany,Male,55,589,119961.48,1,0,6,High Risk,Immediate Follow-up,1
France,Male,45,824,129209.48,1,0,4,Medium Risk,Contact Customer,0
Germany,Female,42,719,137227.04,3,0,8,High Risk,Immediate Follow-up,1
Germany,Female,58,617,119024.75,2,0,6,High Risk,Immediate Follow-up,1
France,Male,35,651,74623.5,3,0,5,High Risk,Immediate Follow-up,1
Spain,Female,45,637,157929.45,1,1,2,Low Risk,Normal Monitoring,1
France,Female,26,554,92606.86,2,0,3,Medium Risk,Contact Customer,0
Germany,Male,35,731,127862.93,2,0,5,High Risk,Immediate Follow-up,0
Spain,Female,42,569,0.0,1,1,0,Low Risk,Normal Monitoring,1
Germany,Female,37,625,142711.81,1,0,5,High Risk,Immediate Follow-up,0
France,Female,38,592,0.0,2,0,2,Low Risk,Normal Monitoring,0
France,Male,43,669,163159.85,1,1,1,Low Risk,Normal Monitoring,0
Germany,Male,32,663,108586.86,1,1,3,Medium Risk,Contact Customer,0
Germany,Female,41,518,110624.99,1,0,5,High Risk,Immediate Follow-up,0
Germany,Female,43,686,154846.24,2,1,3,Medium Risk,Contact Customer,0
Germany,Male,45,709,122917.71,1,1,4,Medium Risk,Contact Customer,1
France,Female,33,571,0.0,2,1,0,Low Risk,Normal Monitoring,0
France,Female,31,707,82787.93,2,0,2,Low Risk,Normal Monitoring,0
Germany,Male,32,701,102500.34,1,0,5,High Risk,Immediate Follow-up,0
France,Male,34,672,0.0,2,0,2,Low Risk,Normal Monitoring,0
Germany,Male,39,620,159492.79,1,0,5,High Risk,Immediate Follow-up,1
Spain,Male,48,557,0.0,2,1,1,Low Risk,Normal Monitoring,0
Spain,Female,54,648,118241.02,1,0,4,Medium Risk,Contact Customer,1
France,Female,35,479,113090.4,1,0,3,Medium Risk,Contact Customer,0
France,Female,22,730,65763.57,1,1,0,Low Risk,Normal Monitoring,0
Germany,Female,43,737,125537.38,1,0,5,High Risk,Immediate Follow-up,1
France,Male,31,616,94263.91,2,0,3,Medium Risk,Contact Customer,0
Spain,Male,29,639,133434.57,2,0,3,Medium Risk,Contact Customer,0
Spain,Female,39,815,0.0,1,1,0,Low Risk,Normal Monitoring,0
Spain,Male,31,786,0.0,2,1,0,Low Risk,Normal Monitoring,0
France,Male,50,549,94748.76,2,1,2,Low Risk,Normal Monitoring,0
France,Female,38,622,98640.74,1,1,1,Low Risk,Normal Monitoring,0
France,Male,26,624,74681.9,2,0,2,Low Risk,Normal Monitoring,0
France,Male,34,841,0.0,2,0,2,Low Risk,Normal Monitoring,0
Spain,Female,41,614,179915.85,1,0,3,Medium Risk,Contact Customer,1
France,Male,30,676,128207.23,1,1,1,Low Risk,Normal Monitoring,0
France,Male,42,697,132739.26,2,0,3,Medium Risk,Contact Customer,0
France,Female,40,732,0.0,2,0,2,Low Risk,Normal Monitoring,0
France,Male,27,623,120509.81,1,0,3,Medium Risk,Contact Customer,0
France,Male,46,541,124547.13,2,0,4,Medium Risk,Contact Customer,0
Spain,Female,39,773,0.0,2,1,0,Low Risk,Normal Monitoring,0
Germany,Male,34,762,88815.56,2,0,4,Medium Risk,Contact Customer,1
Spain,Female,35,655,82231.51,2,0,2,Low Risk,Normal Monitoring,0
Germany,Male,32,602,184715.86,2,0,5,High Risk,Immediate Follow-up,0
France,Male,31,850,0.0,2,0,2,Low Risk,Normal Monitoring,0
Spain,Male,51,649,0.0,1,1,1,Low Risk,Normal Monitoring,0
Germany,Male,28,850,147972.19,1,0,5,High Risk,Immediate Follow-up,1
France,Male,43,543,0.0,2,1,0,Low Risk,Normal Monitoring,0
France,Male,52,672,170008.84,1,0,4,Medium Risk,Contact Customer,1
France,Female,27,600,0.0,2,1,0,Low Risk,Normal Monitoring,0
Spain,Female,34,671,0.0,1,0,2,Low Risk,Normal Monitoring,0
Spain,Female,42,706,95386.82,1,1,1,Low Risk,Normal Monitoring,0
Germany,Male,51,541,90373.28,2,0,6,High Risk,Immediate Follow-up,0
Germany,Male,34,711,133467.77,2,1,3,Medium Risk,Contact Customer,0
Spain,Male,30,630,0.0,2,1,0,Low Risk,Normal Monitoring,0
France,Male,31,531,96288.26,1,0,3,Medium Risk,Contact Customer,0
France,Female,26,641,91547.84,2,1,1,Low Risk,Normal Monitoring,0
Germany,Male,37,631,138292.64,2,0,5,High Risk,Immediate Follow-up,1
France,Male,35,685,0.0,1,0,2,Low Risk,Normal Monitoring,0
Spain,Male,32,702,71667.74,1,1,0,Low Risk,Normal Monitoring,0
Germany,Female,43,708,118994.84,1,0,5,High Risk,Immediate Follow-up,1
Spain,Male,55,653,0.0,2,1,1,Low Risk,Normal Monitoring,0
Germany,Male,37,654,145610.07,2,0,5,High Risk,Immediate Follow-up,0
France,Female,33,596,138162.81,1,0,3,Medium Risk,Contact Customer,0
Germany,Female,31,549,135020.21,2,1,3,Medium Risk,Contact Customer,0
France,Male,38,754,0.0,2,0,2,Low Risk,Normal Monitoring,0
Germany,Female,25,815,135161.67,1,1,3,Medium Risk,Contact Customer,0
France,Female,52,556,0.0,1,0,3,Medium Risk,Contact Customer,1
France,Male,32,706,94486.47,1,1,1,Low Risk,Normal Monitoring,0
France,Male,46,850,117640.39,1,0,4,Medium Risk,Contact Customer,0
Spain,Female,33,732,111379.55,1,1,1,Low Risk,Normal Monitoring,0
France,Male,40,614,0.0,1,1,0,Low Risk,Normal Monitoring,1
Spain,Female,57,580,136820.99,1,1,2,Low Risk,Normal Monitoring,0
France,Female,46,593,98752.51,1,0,4,Medium Risk,Contact Customer,0
Germany,Female,25,653,158266.42,3,1,6,High Risk,Immediate Follow-up,0
France,Female,29,746,105599.67,1,1,1,Low Risk,Normal Monitoring,0
France,Female,29,662,0.0,2,0,2,Low Risk,Normal Monitoring,0
France,Male,31,573,0.0,2,1,0,Low Risk,Normal Monitoring,0
Spain,Female,39,684,139723.9,1,1,1,Low Risk,Normal Monitoring,0
France,Female,41,793,141806.46,1,0,3,Medium Risk,Contact Customer,0
Germany,Female,49,798,132571.67,1,1,4,Medium Risk,Contact Customer,1
France,Male,40,524,180516.9,1,0,3,Medium Risk,Contact Customer,0
France,Male,31,816,0.0,2,1,0,Low Risk,Normal Monitoring,0
Germany,Female,41,742,92805.72,1,1,3,Medium Risk,Contact Customer,1
France,Male,22,540,0.0,3,1,3,Medium Risk,Contact Customer,1
Germany,Male,39,537,135309.36,1,0,5,High Risk,Immediate Follow-up,1
Spain,Female,74,759,128917.84,1,1,2,Low Risk,Normal Monitoring,0
France,Female,52,774,56580.93,1,0,3,Medium Risk,Contact Customer,1
Germany,Male,42,608,131390.75,2,0,5,High Risk,Immediate Follow-up,0
Spain,Male,37,704,0.0,2,0,2,Low Risk,Normal Monitoring,0
France,Male,41,581,0.0,2,0,2,Low Risk,Normal Monitoring,0
Germany,Female,61,628,97361.66,1,1,4,Medium Risk,Contact Customer,1
France,Female,42,566,0.0,1,0,2,Low Risk,Normal Monitoring,1
Spain,Male,59,701,0.0,2,1,1,Low Risk,Normal Monitoring,0
Spain,Male,29,735,0.0,2,1,0,Low Risk,Normal Monitoring,0
France,Female,34,680,0.0,2,0,2,Low Risk,Normal Monitoring,0
France,Male,57,560,0.0,2,1,1,Low Risk,Normal Monitoring,0
Germany,Female,29,663,102714.65,2,0,5,High Risk,Immediate Follow-up,0
France,Female,34,665,67816.72,1,1,0,Low Risk,Normal Monitoring,0
France,Male,51,758,81710.46,1,1,1,Low Risk,Normal Monitoring,0
France,Male,26,621,75237.54,1,1,0,Low Risk,Normal Monitoring,0
Germany,Male,28,764,124023.18,1,0,5,High Risk,Immediate Follow-up,0
Germany,Female,46,537,100727.5,1,1,4,Medium Risk,Contact Customer,1
France,Female,46,589,107238.85,2,0,4,Medium Risk,Contact Customer,0
France,Male,24,555,0.0,2,0,2,Low Risk,Normal Monitoring,0
France,Female,29,734,139994.66,1,0,3,Medium Risk,Contact Customer,0
Spain,Female,59,783,126224.87,1,1,2,Low Risk,Normal Monitoring,0
Germany,Female,51,678,145751.03,1,0,6,High Risk,Immediate Follow-up,1
France,Male,47,661,0.0,1,1,1,Low Risk,Normal Monitoring,1
Spain,Female,25,607,121166.89,1,1,1,Low Risk,Normal Monitoring,0
Spain,Female,38,537,0.0,2,1,0,Low Risk,Normal Monitoring,0
Spain,Male,88,513,0.0,2,1,1,Low Risk,Normal Monitoring,0
France,Male,63,576,70655.48,1,0,3,Medium Risk,Contact Customer,1
Germany,Male,41,660,129901.21,1,0,5,High Risk,Immediate Follow-up,1
France,Male,40,637,125470.81,1,1,1,Low Risk,Normal Monitoring,0
France,Female,53,672,169406.33,4,1,5,High Risk,Immediate Follow-up,1
France,Male,32,629,0.0,2,1,0,Low Risk,Normal Monitoring,0
Germany,Male,40,583,107041.3,1,1,3,Medium Risk,Contact Customer,0
Spain,Female,32,763,95153.77,1,1,1,Low Risk,Normal Monitoring,0
Germany,Male,32,516,145166.09,2,0,5,High Risk,Immediate Follow-up,0
France,Female,27,617,0.0,2,0,2,Low Risk,Normal Monitoring,0
France,Male,38,700,65962.63,1,1,0,Low Risk,Normal Monitoring,0
Germany,Male,36,727,140418.81,1,1,3,Medium Risk,Contact Customer,1
Spain,Female,31,689,139799.63,1,1,1,Low Risk,Normal Monitoring,0
Germany,Male,49,626,171787.84,2,0,6,High Risk,Immediate Follow-up,0
France,Male,38,686,149238.97,1,1,1,Low Risk,Normal Monitoring,0
Germany,Female,57,351,163146.46,1,0,6,High Risk,Immediate Follow-up,1
France,Female,37,739,0.0,2,0,2,Low Risk,Normal Monitoring,1
France,Male,32,627,0.0,2,0,2,Low Risk,Normal Monitoring,0
Germany,Female,38,451,61482.47,1,1,2,Low Risk,Normal Monitoring,0
France,Female,41,512,145150.28,1,0,3,Medium Risk,Contact Customer,1
France,Female,41,774,126670.37,1,0,3,Medium Risk,Contact Customer,0
France,Female,40,652,84390.8,2,1,0,Low Risk,Normal Monitoring,0
Germany,Male,37,638,89728.86,2,1,2,Low Risk,Normal Monitoring,0
France,Female,57,475,0.0,2,0,3,Medium Risk,Contact Customer,0
Spain,Male,40,567,118628.8,1,0,3,Medium Risk,Contact Customer,0
France,Male,37,750,0.0,2,0,2,Low Risk,Normal Monitoring,0
France,Male,39,850,96863.13,1,1,1,Low Risk,Normal Monitoring,0
France,Female,38,753,142263.45,1,1,1,Low Risk,Normal Monitoring,0
Spain,Female,36,683,0.0,2,0,2,Low Risk,Normal Monitoring,0
France,Female,32,710,0.0,1,0,2,Low Risk,Normal Monitoring,0
Spain,Female,21,645,0.0,2,0,2,Low Risk,Normal Monitoring,0
France,Male,28,714,122724.37,1,1,1,Low Risk,Normal Monitoring,0
Germany,Female,35,696,174902.26,1,0,5,High Risk,Immediate Follow-up,0
Spain,Female,26,612,0.0,2,1,0,Low Risk,Normal Monitoring,0
Germany,Female,31,520,108914.17,1,1,3,Medium Risk,Contact Customer,1
Spain,Male,23,782,98052.66,1,1,1,Low Risk,Normal Monitoring,0
France,Male,46,666,123873.19,1,1,2,Low Risk,Normal Monitoring,0
Germany,Female,56,466,111920.13,3,0,9,High Risk,Immediate Follow-up,1
France,Female,45,567,0.0,2,1,1,Low Risk,Normal Monitoring,0
France,Male,20,613,0.0,2,1,0,Low Risk,Normal Monitoring,0
France,Male,37,718,0.0,2,1,0,Low Risk,Normal Monitoring,0
France,Female,37,614,75150.34,4,1,3,Medium Risk,Contact Customer,1
France,Male,38,711,0.0,2,0,2,Low Risk,Normal Monitoring,0
Germany,Female,38,691,114753.76,1,0,5,High Risk,Immediate Follow-up,0
France,Male,32,527,0.0,1,0,2,Low Risk,Normal Monitoring,0
France,Female,32,476,111871.93,1,0,3,Medium Risk,Contact Customer,0
Spain,Female,45,619,0.0,2,0,3,Medium Risk,Contact Customer,0
Germany,Female,37,607,135927.06,1,0,5,High Risk,Immediate Follow-up,0
Spain,Male,44,695,0.0,2,1,0,Low Risk,Normal Monitoring,0
France,Male,33,653,0.0,2,0,2,Low Risk,Normal Monitoring,0
France,Male,46,677,57037.74,1,1,1,Low Risk,Normal Monitoring,0
France,Female,50,655,0.0,4,0,6,High Risk,Immediate Follow-up,1
France,Female,52,625,79468.96,1,1,1,Low Risk,Normal Monitoring,0
Germany,Female,34,679,121063.85,1,0,5,High Risk,Immediate Follow-up,0
France,Male,51,734,118537.47,1,1,2,Low Risk,Normal Monitoring,0
France,Male,39,666,0.0,2,0,2,Low Risk,Normal Monitoring,0
Germany,Female,26,592,105082.07,2,0,5,High Risk,Immediate Follow-up,0
France,Male,40,564,0.0,1,0,2,Low Risk,Normal Monitoring,1
France,Female,36,814,0.0,2,1,0,Low Risk,Normal Monitoring,0
Germany,Male,36,592,104702.65,2,0,5,High Risk,Immediate Follow-up,0
France,Female,50,758,95813.76,3,1,5,High Risk,Immediate Follow-up,1
Spain,Female,62,612,167026.61,2,1,2,Low Risk,Normal Monitoring,0
Germany,Male,61,498,102453.26,1,0,6,High Risk,Immediate Follow-up,1
Germany,Male,25,638,148045.45,2,1,3,Medium Risk,Contact Customer,0
France,Male,35,558,0.0,2,0,2,Low Risk,Normal Monitoring,0
France,Female,24,756,0.0,2,0,2,Low Risk,Normal Monitoring,0
Spain,Male,52,782,0.0,1,1,1,Low Risk,Normal Monitoring,1
France,Male,34,505,104498.79,1,1,1,Low Risk,Normal Monitoring,0
Spain,Female,29,671,0.0,2,0,2,Low Risk,Normal Monitoring,0
France,Male,42,801,0.0,2,1,0,Low Risk,Normal Monitoring,0
France,Male,26,604,149542.52,2,1,1,Low Risk,Normal Monitoring,0
France,Female,29,716,87946.39,1,1,0,Low Risk,Normal Monitoring,0
France,Female,45,624,68639.57,1,0,3,Medium Risk,Contact Customer,1
Germany,Male,47,607,148826.32,1,1,4,Medium Risk,Contact Customer,0
France,Female,60,827,0.0,2,1,1,Low Risk,Normal Monitoring,0
France,Male,61,606,108166.09,2,1,2,Low Risk,Normal Monitoring,0
Germany,Female,35,717,103214.71,1,0,5,High Risk,Immediate Follow-up,0
Germany,Male,40,651,134760.21,2,0,5,High Risk,Immediate Follow-up,1
France,Male,58,691,0.0,1,1,1,Low Risk,Normal Monitoring,1
France,Female,33,573,90124.64,1,0,3,Medium Risk,Contact Customer,0
Spain,Male,38,723,0.0,2,1,0,Low Risk,Normal Monitoring,0
Germany,Female,46,584,87361.02,2,0,5,High Risk,Immediate Follow-up,1
Germany,Female,45,550,111257.59,1,0,6,High Risk,Immediate Follow-up,1
France,Female,61,611,131583.59,4,1,5,High Risk,Immediate Follow-up,1
Germany,Male,41,549,95020.8,3,1,6,High Risk,Immediate Follow-up,1
Spain,Female,24,850,0.0,2,1,0,Low Risk,Normal Monitoring,0
Germany,Male,34,668,80242.37,2,0,4,Medium Risk,Contact Customer,0
France,Female,43,686,0.0,1,1,0,Low Risk,Normal Monitoring,0
France,Male,50,660,0.0,3,1,4,Medium Risk,Contact Customer,1
Spain,Female,59,682,122661.39,1,1,2,Low Risk,Normal Monitoring,0
France,Male,50,524,0.0,2,1,1,Low Risk,Normal Monitoring,1
France,Female,36,645,0.0,2,1,0,Low Risk,Normal Monitoring,1
France,Male,42,850,0.0,2,0,2,Low Risk,Normal Monitoring,0
France,Female,53,537,0.0,1,1,1,Low Risk,Normal Monitoring,0
Spain,Female,46,599,81742.84,2,0,3,Medium Risk,Contact Customer,0
Spain,Male,71,727,0.0,1,1,1,Low Risk,Normal Monitoring,1
Spain,Male,30,756,145127.85,1,0,3,Medium Risk,Contact Customer,0
France,Male,38,755,148912.44,1,0,3,Medium Risk,Contact Customer,0
Spain,Female,41,634,0.0,2,1,0,Low Risk,Normal Monitoring,0
France,Male,26,837,89900.24,2,0,2,Low Risk,Normal Monitoring,0
Germany,Female,30,727,119027.28,2,1,3,Medium Risk,Contact Customer,0
Germany,Female,40,567,105222.86,2,0,5,High Risk,Immediate Follow-up,0
Spain,Female,30,650,0.0,1,0,2,Low Risk,Normal Monitoring,1
Spain,Male,34,655,116114.93,1,1,1,Low Risk,Normal Monitoring,0
France,Female,58,763,187911.55,1,1,2,Low Risk,Normal Monitoring,0
France,Female,27,843,0.0,2,1,0,Low Risk,Normal Monitoring,0
France,Female,38,667,144432.04,1,1,1,Low Risk,Normal Monitoring,1
France,Female,50,705,77065.9,2,1,1,Low Risk,Normal Monitoring,0
Germany,Female,29,660,180520.29,1,1,3,Medium Risk,Contact Customer,0
France,Male,42,553,0.0,2,0,2,Low Risk,Normal Monitoring,0
Germany,Female,47,612,130024.87,1,1,4,Medium Risk,Contact Customer,1
Germany,Female,40,641,110086.69,1,0,5,High Risk,Immediate Follow-up,0
Spain,Female,31,513,174853.46,1,0,3,Medium Risk,Contact Customer,0
France,Male,44,680,108724.98,1,1,1,Low Risk,Normal Monitoring,0
France,Male,58,711,91285.13,2,1,2,Low Risk,Normal Monitoring,0
Spain,Male,40,689,0.0,2,1,0,Low Risk,Normal Monitoring,0
Germany,Female,51,665,110610.41,2,1,4,Medium Risk,Contact Customer,1
Germany,Male,54,551,102994.04,1,0,6,High Risk,Immediate Follow-up,1
Spain,Male,36,645,59893.85,2,0,2,Low Risk,Normal Monitoring,0
Germany,Male,29,616,149318.55,1,0,5,High Risk,Immediate Follow-up,0
France,Female,32,582,116409.55,1,1,1,Low Risk,Normal Monitoring,0
Germany,Male,30,365,127760.07,1,0,5,High Risk,Immediate Follow-up,1
Germany,Female,38,697,132591.36,1,1,3,Medium Risk,Contact Customer,1
France,Male,31,704,0.0,2,0,2,Low Risk,Normal Monitoring,0
France,Female,46,656,113402.14,2,1,2,Low Risk,Normal Monitoring,0
France,Female,31,712,0.0,2,0,2,Low Risk,Normal Monitoring,0
France,Male,40,748,0.0,1,0,2,Low Risk,Normal Monitoring,0
France,Male,28,724,0.0,2,1,0,Low Risk,Normal Monitoring,0
France,Male,50,691,136953.47,1,1,2,Low Risk,Normal Monitoring,0
France,Male,33,563,0.0,2,1,0,Low Risk,Normal Monitoring,0
France,Male,32,741,0.0,1,1,0,Low Risk,Normal Monitoring,0
France,Male,44,778,123863.64,1,0,3,Medium Risk,Contact Customer,0
Spain,Male,22,848,120811.89,1,1,1,Low Risk,Normal Monitoring,0
Germany,Male,38,634,148430.55,1,1,3,Medium Risk,Contact Customer,0
Germany,Male,40,505,47869.69,2,1,2,Low Risk,Normal Monitoring,0
Germany,Male,53,692,150926.99,2,0,6,High Risk,Immediate Follow-up,0
Germany,Female,47,537,103163.35,1,0,6,High Risk,Immediate Follow-up,1
France,Male,29,633,130206.28,1,0,3,Medium Risk,Contact Customer,0
France,Female,28,833,136674.51,2,0,3,Medium Risk,Contact Customer,0
Spain,Female,40,592,200322.45,1,1,1,Low Risk,Normal Monitoring,0
Spain,Male,48,587,0.0,2,1,1,Low Risk,Normal Monitoring,0
Spain,Male,62,550,80927.56,1,1,1,Low Risk,Normal Monitoring,0
France,Female,24,680,0.0,3,0,5,High Risk,Immediate Follow-up,1
Spain,Female,41,622,0.0,2,1,0,Low Risk,Normal Monitoring,0
Germany,Male,28,594,142574.71,2,0,5,High Risk,Immediate Follow-up,0
Germany,Female,34,643,160426.07,1,1,3,Medium Risk,Contact Customer,0
France,Male,25,540,116160.23,1,0,3,Medium Risk,Contact Customer,0
Spain,Female,34,635,98683.47,2,0,3,Medium Risk,Contact Customer,0
France,Male,32,657,118829.03,2,1,1,Low Risk,Normal Monitoring,0
France,Male,31,814,118870.92,1,0,3,Medium Risk,Contact Customer,0
France,Male,32,600,0.0,1,1,0,Low Risk,Normal Monitoring,0
France,Female,46,682,0.0,1,1,1,Low Risk,Normal Monitoring,0
France,Male,38,682,107192.38,1,1,1,Low Risk,Normal Monitoring,0
France,Male,42,566,108010.78,1,1,1,Low Risk,Normal Monitoring,0
Spain,Male,34,550,0.0,2,0,2,Low Risk,Normal Monitoring,0
France,Male,26,630,129837.72,2,1,1,Low Risk,Normal Monitoring,0
Germany,Female,58,546,106458.31,4,0,9,High Risk,Immediate Follow-up,1
France,Male,63,486,97009.15,1,1,2,Low Risk,Normal Monitoring,0
Spain,Male,35,762,122929.42,2,0,3,Medium Risk,Contact Customer,0
Germany,Male,45,692,152296.83,4,1,7,High Risk,Immediate Follow-up,1
France,Female,30,498,0.0,2,0,2,Low Risk,Normal Monitoring,0
Spain,Male,49,850,0.0,1,0,3,Medium Risk,Contact Customer,1
France,Male,35,603,128993.76,2,0,3,Medium Risk,Contact Customer,0
France,Female,36,551,0.0,1,0,2,Low Risk,Normal Monitoring,0
Germany,Male,27,627,185267.45,2,1,3,Medium Risk,Contact Customer,0
France,Female,28,515,0.0,2,0,2,Low Risk,Normal Monitoring,0
Spain,Female,29,605,116805.82,1,0,3,Medium Risk,Contact Customer,0
Germany,Male,29,567,129750.68,1,0,5,High Risk,Immediate Follow-up,0
Germany,Female,29,568,129177.01,2,1,3,Medium Risk,Contact Customer,0
Germany,Male,25,571,82506.72,2,0,4,Medium Risk,Contact Customer,0
Germany,Male,48,634,107247.69,1,1,4,Medium Risk,Contact Customer,1
Spain,Female,42,768,0.0,1,0,2,Low Risk,Normal Monitoring,1
Germany,Female,36,554,157780.93,2,0,5,High Risk,Immediate Follow-up,0
France,Male,35,629,172170.36,1,1,1,Low Risk,Normal Monitoring,0
Spain,Male,48,638,0.0,2,1,1,Low Risk,Normal Monitoring,0
France,Male,41,576,0.0,1,1,0,Low Risk,Normal Monitoring,0
Spain,Female,42,661,75361.44,1,0,2,Low Risk,Normal Monitoring,1
France,Female,27,592,0.0,2,1,0,Low Risk,Normal Monitoring,0
Spain,Male,30,702,0.0,2,1,0,Low Risk,Normal Monitoring,0
France,Female,29,647,98263.46,2,0,3,Medium Risk,Contact Customer,0
France,Male,43,593,0.0,2,1,0,Low Risk,Normal Monitoring,0
Germany,Female,40,712,109308.79,2,0,5,High Risk,Immediate Follow-up,1
Spain,Female,31,625,0.0,2,0,2,Low Risk,Normal Monitoring,0
Germany,Female,28,538,164365.44,1,1,3,Medium Risk,Contact Customer,0
Spain,Female,22,637,98800.0,1,0,3,Medium Risk,Contact Customer,0
France,Male,27,632,193125.85,1,1,1,Low Risk,Normal Monitoring,0
France,Male,27,736,51522.75,1,1,0,Low Risk,Normal Monitoring,0
France,Male,23,755,84284.48,2,1,0,Low Risk,Normal Monitoring,0
Spain,Female,39,425,0.0,2,0,2,Low Risk,Normal Monitoring,0
France,Male,51,461,119889.84,1,0,4,Medium Risk,Contact Customer,1
France,Male,21,745,137910.45,1,1,1,Low Risk,Normal Monitoring,0
France,Female,37,616,0.0,2,0,2,Low Risk,Normal Monitoring,0
France,Male,33,587,100116.82,1,0,3,Medium Risk,Contact Customer,0
Germany,Male,40,850,166082.15,2,1,3,Medium Risk,Contact Customer,0
France,Female,38,601,0.0,2,0,2,Low Risk,Normal Monitoring,0
Spain,Male,26,730,0.0,1,0,2,Low Risk,Normal Monitoring,0
France,Male,44,532,148595.55,1,0,3,Medium Risk,Contact Customer,1
Germany,Male,53,850,94078.97,2,0,6,High Risk,Immediate Follow-up,0
Spain,Female,34,779,0.0,2,1,0,Low Risk,Normal Monitoring,0
France,Male,29,562,0.0,1,1,0,Low Risk,Normal Monitoring,0
Germany,Male,40,670,164948.98,3,0,8,High Risk,Immediate Follow-up,1
France,Female,62,729,140549.4,1,0,4,Medium Risk,Contact Customer,1
France,Female,44,767,152509.25,1,1,1,Low Risk,Normal Monitoring,0
France,Female,28,742,191864.51,1,0,3,Medium Risk,Contact Customer,1
France,Female,44,669,96418.09,1,0,3,Medium Risk,Contact Customer,1
Spain,Male,32,542,131945.94,1,1,1,Low Risk,Normal Monitoring,0
France,Male,29,586,0.0,2,1,0,Low Risk,Normal Monitoring,0
Germany,Male,30,612,142910.15,1,0,5,High Risk,Immediate Follow-up,1
France,Female,37,740,0.0,2,1,0,Low Risk,Normal Monitoring,0
France,Male,35,584,146311.58,1,1,1,Low Risk,Normal Monitoring,0
France,Male,52,524,87894.26,1,0,3,Medium Risk,Contact Customer,1
France,Female,19,614,97445.49,2,0,3,Medium Risk,Contact Customer,0
France,Female,64,598,0.0,1,1,1,Low Risk,Normal Monitoring,1
Spain,Male,35,799,0.0,2,1,0,Low Risk,Normal Monitoring,0
France,Male,34,724,154485.74,2,0,3,Medium Risk,Contact Customer,0
France,Male,50,601,115625.07,1,0,4,Medium Risk,Contact Customer,0
France,Male,25,804,108396.67,1,0,3,Medium Risk,Contact Customer,0
Germany,Male,38,745,65095.41,2,1,2,Low Risk,Normal Monitoring,0
Germany,Male,43,667,103018.45,1,0,5,High Risk,Immediate Follow-up,1
France,Female,38,518,84764.79,1,1,0,Low Risk,Normal Monitoring,0
France,Female,38,819,0.0,2,0,2,Low Risk,Normal Monitoring,0
Spain,Female,35,520,115680.81,1,1,1,Low Risk,Normal Monitoring,0
France,Female,39,625,0.0,2,0,2,Low Risk,Normal Monitoring,0
Germany,Male,36,673,73088.06,2,0,4,Medium Risk,Contact Customer,0
Germany,Female,27,656,150905.03,2,0,5,High Risk,Immediate Follow-up,0
Spain,Female,23,850,143054.85,1,1,1,Low Risk,Normal Monitoring,0
Spain,Female,28,574,0.0,2,0,2,Low Risk,Normal Monitoring,0
France,Male,60,679,0.0,2,1,1,Low Risk,Normal Monitoring,0
Germany,Female,42,530,99948.45,1,1,3,Medium Risk,Contact Customer,0
France,Male,44,508,115451.05,2,0,3,Medium Risk,Contact Customer,0
Germany,Male,32,558,108235.91,1,1,3,Medium Risk,Contact Customer,0
France,Male,38,414,0.0,1,1,0,Low Risk,Normal Monitoring,1
Spain,Male,42,648,98795.61,2,0,3,Medium Risk,Contact Customer,0
France,Female,37,721,0.0,2,0,2,Low Risk,Normal Monitoring,0
France,Male,31,751,0.0,2,0,2,Low Risk,Normal Monitoring,0
France,Male,34,662,0.0,2,1,0,Low Risk,Normal Monitoring,0
Germany,Male,29,628,113146.98,2,1,3,Medium Risk,Contact Customer,0
Germany,Female,39,597,162532.14,3,0,8,High Risk,Immediate Follow-up,1
Spain,Female,40,698,92053.44,1,1,1,Low Risk,Normal Monitoring,0
France,Male,48,723,0.0,2,1,1,Low Risk,Normal Monitoring,0
France,Female,28,586,0.0,3,0,5,High Risk,Immediate Follow-up,1
Germany,Female,29,633,104944.1,1,1,3,Medium Risk,Contact Customer,0
France,Male,31,564,0.0,2,0,2,Low Risk,Normal Monitoring,0
France,Female,31,649,0.0,2,0,2,Low Risk,Normal Monitoring,0
France,Female,30,622,107879.04,1,1,1,Low Risk,Normal Monitoring,0
Germany,Male,46,459,110356.42,1,0,6,High Risk,Immediate Follow-up,1
France,Male,27,718,0.0,2,0,2,Low Risk,Normal Monitoring,0
Spain,Female,34,655,109783.69,2,0,3,Medium Risk,Contact Customer,0
France,Male,22,696,149777.0,1,1,1,Low Risk,Normal Monitoring,0
France,Female,38,637,104339.56,1,0,3,Medium Risk,Contact Customer,0
Spain,Female,21,630,85818.18,1,1,0,Low Risk,Normal Monitoring,0
France,Male,37,592,212692.97,1,0,3,Medium Risk,Contact Customer,0
Germany,Male,37,634,89696.84,2,1,2,Low Risk,Normal Monitoring,0
France,Female,28,608,0.0,2,1,0,Low Risk,Normal Monitoring,0
Germany,Female,32,565,68067.24,1,0,4,Medium Risk,Contact Customer,0
Spain,Male,67,763,148564.66,1,1,2,Low Risk,Normal Monitoring,0
France,Female,55,665,136354.16,1,1,2,Low Risk,Normal Monitoring,0
France,Male,38,649,122214.0,1,1,1,Low Risk,Normal Monitoring,0
France,Male,45,695,0.0,2,1,1,Low Risk,Normal Monitoring,0
Germany,Male,70,775,119684.88,2,1,4,Medium Risk,Contact Customer,0
France,Female,39,788,135139.33,1,1,1,Low Risk,Normal Monitoring,0
Germany,Female,42,569,146100.75,1,0,5,High Risk,Immediate Follow-up,1
Spain,Female,56,726,123110.9,3,1,5,High Risk,Immediate Follow-up,1
Germany,Female,44,564,111760.4,3,1,6,High Risk,Immediate Follow-up,1
France,Female,32,544,110728.39,1,1,1,Low Risk,Normal Monitoring,0
France,Female,41,614,121558.46,1,1,1,Low Risk,Normal Monitoring,0
Germany,Female,38,453,120623.21,1,0,5,High Risk,Immediate Follow-up,0
France,Female,58,471,114713.57,1,1,2,Low Risk,Normal Monitoring,0
Germany,Female,37,829,103457.76,1,0,5,High Risk,Immediate Follow-up,0
Germany,Male,57,754,101134.87,2,1,4,Medium Risk,Contact Customer,0
Germany,Male,46,749,78136.36,2,1,3,Medium Risk,Contact Customer,0
France,Male,23,667,0.0,2,0,2,Low Risk,Normal Monitoring,0
Spain,Male,30,670,133446.34,1,0,3,Medium Risk,Contact Customer,0
France,Female,33,670,0.0,2,1,0,Low Risk,Normal Monitoring,0
Germany,Female,48,623,108076.33,1,0,6,High Risk,Immediate Follow-up,1
France,Male,32,571,131354.25,1,0,3,Medium Risk,Contact Customer,0
Germany,Female,37,641,62974.64,2,1,2,Low Risk,Normal Monitoring,0
Germany,Female,30,551,143340.44,1,0,5,High Risk,Immediate Follow-up,0
Germany,Male,36,741,116993.43,2,0,5,High Risk,Immediate Follow-up,0
France,Male,31,472,58662.92,2,1,0,Low Risk,Normal Monitoring,0
Spain,Male,41,650,128808.65,3,0,6,High Risk,Immediate Follow-up,1
France,Male,45,625,137555.44,1,0,4,Medium Risk,Contact Customer,0
Germany,Male,34,650,142393.11,1,1,3,Medium Risk,Contact Customer,0
France,Female,38,535,0.0,2,0,2,Low Risk,Normal Monitoring,0
France,Female,41,649,125785.23,1,1,1,Low Risk,Normal Monitoring,0
France,Male,22,689,136444.25,1,0,3,Medium Risk,Contact Customer,1
Spain,Male,38,694,121527.4,1,0,3,Medium Risk,Contact Customer,0
Germany,Male,52,655,144696.75,1,1,4,Medium Risk,Contact Customer,0
France,Male,36,620,0.0,2,1,0,Low Risk,Normal Monitoring,0
France,Female,35,577,0.0,2,1,0,Low Risk,Normal Monitoring,0
Germany,Male,48,401,128140.17,1,0,6,High Risk,Immediate Follow-up,1
France,Male,25,599,120383.41,1,1,1,Low Risk,Normal Monitoring,0
France,Female,57,481,0.0,3,1,4,Medium Risk,Contact Customer,1
France,Male,42,704,129735.3,2,1,1,Low Risk,Normal Monitoring,0
Spain,Female,31,698,185078.26,1,0,3,Medium Risk,Contact Customer,1
France,Female,28,480,0.0,2,0,2,Low Risk,Normal Monitoring,0
France,Male,42,682,0.0,1,1,0,Low Risk,Normal Monitoring,0
Spain,Male,31,700,0.0,2,1,0,Low Risk,Normal Monitoring,0
France,Male,29,492,144591.96,1,1,1,Low Risk,Normal Monitoring,0
France,Female,45,444,0.0,2,0,3,Medium Risk,Contact Customer,1
France,Male,36,624,0.0,2,0,2,Low Risk,Normal Monitoring,0
France,Male,37,709,0.0,1,0,2,Low Risk,Normal Monitoring,0
Germany,Male,68,557,100194.44,1,1,4,Medium Risk,Contact Customer,0
Germany,Male,50,646,145295.31,2,1,4,Medium Risk,Contact Customer,0
Germany,Male,28,719,106070.29,2,1,3,Medium Risk,Contact Customer,0
Germany,Female,47,706,120621.89,1,1,4,Medium Risk,Contact Customer,0
France,Male,38,660,0.0,2,1,0,Low Risk,Normal Monitoring,0
France,Male,36,667,0.0,2,1,0,Low Risk,Normal Monitoring,0
France,Male,30,705,0.0,1,1,0,Low Risk,Normal Monitoring,0
Germany,Female,27,598,171283.91,1,1,3,Medium Risk,Contact Customer,0
France,Male,26,669,0.0,2,1,0,Low Risk,Normal Monitoring,0
Germany,Female,38,580,128218.47,1,0,5,High Risk,Immediate Follow-up,1
France,Female,32,676,0.0,2,1,0,Low Risk,Normal Monitoring,0
Germany,Male,28,714,77776.39,1,0,4,Medium Risk,Contact Customer,0
Germany,Female,72,597,124978.19,2,1,4,Medium Risk,Contact Customer,0
France,Male,29,559,0.0,2,0,2,Low Risk,Normal Monitoring,0
France,Female,28,564,0.0,1,1,0,Low Risk,Normal Monitoring,0
Spain,Male,51,850,109799.55,2,1,2,Low Risk,Normal Monitoring,1
France,Male,39,689,0.0,2,0,2,Low Risk,Normal Monitoring,0
Germany,Female,61,758,125397.21,1,0,6,High Risk,Immediate Follow-up,1
Spain,Female,71,604,0.0,2,1,1,Low Risk,Normal Monitoring,0
Germany,Male,38,733,111347.37,2,1,3,Medium Risk,Contact Customer,0
Spain,Male,40,778,104291.41,2,1,1,Low Risk,Normal Monitoring,0
Germany,Female,61,732,94867.18,2,1,4,Medium Risk,Contact Customer,1
France,Male,24,646,0.0,2,0,2,Low Risk,Normal Monitoring,0
France,Female,33,597,135703.59,2,0,3,Medium Risk,Contact Customer,0
Germany,Female,37,821,106453.53,2,1,3,Medium Risk,Contact Customer,0
France,Male,43,640,132412.38,1,0,3,Medium Risk,Contact Customer,1
Germany,Female,40,511,124401.6,1,0,5,High Risk,Immediate Follow-up,1
France,Male,46,805,118022.06,3,0,7,High Risk,Immediate Follow-up,1
Germany,Male,39,540,82531.11,1,0,4,Medium Risk,Contact Customer,0
Spain,Male,44,705,184552.12,1,0,3,Medium Risk,Contact Customer,1
Germany,Male,39,540,127278.31,1,1,3,Medium Risk,Contact Customer,0
Spain,Female,66,532,0.0,1,1,1,Low Risk,Normal Monitoring,0
France,Female,45,535,0.0,2,1,1,Low Risk,Normal Monitoring,0
Germany,Male,23,627,184244.86,1,0,5,High Risk,Immediate Follow-up,0
France,Male,52,646,59669.43,1,0,3,Medium Risk,Contact Customer,1
France,Female,25,515,79543.59,1,1,0,Low Risk,Normal Monitoring,0
France,Female,39,697,151553.19,1,1,1,Low Risk,Normal Monitoring,0
Germany,Male,27,652,166527.88,2,1,3,Medium Risk,Contact Customer,0
Germany,Male,28,579,150329.15,1,0,5,High Risk,Immediate Follow-up,0
France,Male,43,760,121911.59,1,0,3,Medium Risk,Contact Customer,0
France,Male,51,769,156773.78,2,0,4,Medium Risk,Contact Customer,0
Spain,Male,29,498,127864.26,1,1,1,Low Risk,Normal Monitoring,0
France,Male,53,774,113709.28,1,1,2,Low Risk,Normal Monitoring,1
Germany,Female,43,705,79974.55,1,1,2,Low Risk,Normal Monitoring,0
France,Female,44,648,0.0,2,1,0,Low Risk,Normal Monitoring,0
France,Female,51,688,0.0,1,0,3,Medium Risk,Contact Customer,1
Spain,Male,38,592,0.0,1,0,2,Low Risk,Normal Monitoring,1
France,Male,33,705,144427.96,2,0,3,Medium Risk,Contact Customer,0
France,Male,42,654,99263.09,1,1,1,Low Risk,Normal Monitoring,0
France,Female,32,624,79368.87,2,1,0,Low Risk,Normal Monitoring,0
France,Female,30,594,0.0,2,1,0,Low Risk,Normal Monitoring,0
Spain,Female,34,695,0.0,2,1,0,Low Risk,Normal Monitoring,0
France,Male,28,597,0.0,3,1,3,Medium Risk,Contact Customer,0
France,Female,52,758,125095.94,1,0,4,Medium Risk,Contact Customer,1
Germany,Female,40,737,162485.8,2,0,5,High Risk,Immediate Follow-up,0
Germany,Male,37,694,95668.82,2,0,5,High Risk,Immediate Follow-up,0
France,Male,25,683,0.0,2,0,2,Low Risk,Normal Monitoring,0
Spain,Female,30,538,0.0,2,1,0,Low Risk,Normal Monitoring,0
France,Male,37,669,0.0,1,0,2,Low Risk,Normal Monitoring,0
France,Female,34,730,74197.38,2,0,2,Low Risk,Normal Monitoring,0
France,Female,31,622,89688.94,1,1,0,Low Risk,Normal Monitoring,0
Spain,Female,33,714,103121.33,2,1,1,Low Risk,Normal Monitoring,0
Spain,Female,34,569,0.0,1,0,2,Low Risk,Normal Monitoring,0
Germany,Female,59,668,120170.07,1,1,4,Medium Risk,Contact Customer,0
France,Male,32,628,149136.31,2,1,1,Low Risk,Normal Monitoring,0
France,Male,40,600,141136.79,1,1,1,Low Risk,Normal Monitoring,0
France,Female,43,693,152341.55,1,0,3,Medium Risk,Contact Customer,0
France,Male,36,704,120026.98,2,1,1,Low Risk,Normal Monitoring,0
Spain,Male,33,527,132168.28,1,0,3,Medium Risk,Contact Customer,0
Germany,Male,43,553,85200.82,2,1,2,Low Risk,Normal Monitoring,0
Spain,Male,53,575,84903.33,2,1,1,Low Risk,Normal Monitoring,0
France,Female,32,626,0.0,2,0,2,Low Risk,Normal Monitoring,0
France,Male,20,582,0.0,1,1,0,Low Risk,Normal Monitoring,0
Spain,Male,40,683,0.0,1,0,2,Low Risk,Normal Monitoring,0
France,Male,30,850,121535.18,1,0,3,Medium Risk,Contact Customer,0
Spain,Male,35,653,116662.96,2,1,1,Low Risk,Normal Monitoring,0
France,Male,60,679,0.0,2,1,1,Low Risk,Normal Monitoring,0
Germany,Female,49,549,124829.16,1,1,4,Medium Risk,Contact Customer,0
Spain,Female,36,850,155180.56,2,0,3,Medium Risk,Contact Customer,0
Germany,Female,32,558,108262.87,1,1,3,Medium Risk,Contact Customer,0
Spain,Male,40,528,0.0,2,0,2,Low Risk,Normal Monitoring,0
France,Male,38,801,0.0,2,0,2,Low Risk,Normal Monitoring,0
Spain,Male,48,513,0.0,1,1,1,Low Risk,Normal Monitoring,1
Germany,Male,38,666,99812.88,2,1,3,Medium Risk,Contact Customer,0
France,Male,35,606,132164.26,1,1,1,Low Risk,Normal Monitoring,0
Germany,Male,45,599,103583.05,1,0,6,High Risk,Immediate Follow-up,1
Germany,Male,39,544,142406.43,2,0,5,High Risk,Immediate Follow-up,0
Spain,Male,38,529,99842.5,2,0,3,Medium Risk,Contact Customer,1
France,Female,41,850,0.0,2,1,0,Low Risk,Normal Monitoring,0
France,Male,41,497,0.0,1,0,2,Low Risk,Normal Monitoring,0
France,Female,39,764,81042.42,1,1,0,Low Risk,Normal Monitoring,0
France,Female,48,603,0.0,1,0,3,Medium Risk,Contact Customer,1
France,Male,40,609,0.0,2,1,0,Low Risk,Normal Monitoring,0
France,Male,53,487,199689.49,1,1,2,Low Risk,Normal Monitoring,1
France,Male,33,748,142645.43,1,0,3,Medium Risk,Contact Customer,0
Spain,Female,75,710,0.0,2,1,1,Low Risk,Normal Monitoring,0
Germany,Female,45,432,110219.14,1,0,6,High Risk,Immediate Follow-up,1
Spain,Male,51,534,0.0,2,1,1,Low Risk,Normal Monitoring,0
France,Male,25,607,0.0,2,0,2,Low Risk,Normal Monitoring,0
Spain,Male,32,551,0.0,2,0,2,Low Risk,Normal Monitoring,0
France,Male,45,674,142072.02,1,0,4,Medium Risk,Contact Customer,0
France,Female,25,525,0.0,2,0,2,Low Risk,Normal Monitoring,0
Germany,Male,33,645,149564.61,1,0,5,High Risk,Immediate Follow-up,0
France,Female,43,755,0.0,2,0,2,Low Risk,Normal Monitoring,0
Germany,Male,37,708,153366.13,1,1,3,Medium Risk,Contact Customer,0
France,Male,21,715,76467.16,1,1,0,Low Risk,Normal Monitoring,0
France,Female,26,727,121508.28,1,1,1,Low Risk,Normal Monitoring,0
Spain,Female,27,559,0.0,1,1,0,Low Risk,Normal Monitoring,0
Spain,Male,36,545,73211.12,2,0,2,Low Risk,Normal Monitoring,1
France,Male,22,524,0.0,2,0,2,Low Risk,Normal Monitoring,0
France,Female,55,707,0.0,2,1,1,Low Risk,Normal Monitoring,0
Spain,Male,38,671,92674.94,2,0,3,Medium Risk,Contact Customer,0
Spain,Male,52,439,96196.24,4,0,7,High Risk,Immediate Follow-up,1
Germany,Female,36,667,114391.62,1,1,3,Medium Risk,Contact Customer,0
Germany,Male,32,831,80262.66,1,0,4,Medium Risk,Contact Customer,0
Spain,Female,33,545,173331.52,1,0,3,Medium Risk,Contact Customer,0
Spain,Female,35,604,147285.52,1,1,1,Low Risk,Normal Monitoring,0
Spain,Male,67,657,119785.47,2,1,2,Low Risk,Normal Monitoring,0
Spain,Female,36,487,140137.15,1,0,3,Medium Risk,Contact Customer,0
Germany,Female,52,750,107467.56,1,0,6,High Risk,Immediate Follow-up,1
Germany,Female,37,694,98218.04,2,0,5,High Risk,Immediate Follow-up,1
Germany,Female,35,711,133607.75,1,1,3,Medium Risk,Contact Customer,0
France,Male,37,551,0.0,2,1,0,Low Risk,Normal Monitoring,0
France,Female,38,559,95139.41,1,1,1,Low Risk,Normal Monitoring,0
France,Female,29,620,0.0,2,1,0,Low Risk,Normal Monitoring,0
Spain,Male,42,660,0.0,2,0,2,Low Risk,Normal Monitoring,0
France,Female,37,449,0.0,2,0,2,Low Risk,Normal Monitoring,0
Germany,Female,26,703,97331.19,1,0,5,High Risk,Immediate Follow-up,0
Germany,Male,37,795,139265.63,2,1,3,Medium Risk,Contact Customer,0
France,Female,31,594,0.0,1,1,0,Low Risk,Normal Monitoring,0
Spain,Male,34,586,168094.01,1,0,3,Medium Risk,Contact Customer,0
Germany,Female,30,613,131563.88,2,0,5,High Risk,Immediate Follow-up,0
France,Male,44,601,0.0,2,0,2,Low Risk,Normal Monitoring,0
France,Male,50,657,0.0,2,0,3,Medium Risk,Contact Customer,0
France,Male,31,531,0.0,1,1,0,Low Risk,Normal Monitoring,0
Germany,Male,47,621,107363.29,1,1,4,Medium Risk,Contact Customer,0
France,Female,33,782,94493.03,1,1,1,Low Risk,Normal Monitoring,0
Germany,Female,29,528,170214.23,2,0,5,High Risk,Immediate Follow-up,0
France,Male,52,696,139781.06,1,0,4,Medium Risk,Contact Customer,1
France,Female,35,586,0.0,2,0,2,Low Risk,Normal Monitoring,0
Spain,Female,26,626,148610.41,3,1,4,Medium Risk,Contact Customer,1
France,Male,73,498,170241.7,2,1,2,Low Risk,Normal Monitoring,0
France,Female,33,691,128306.83,1,1,1,Low Risk,Normal Monitoring,0
France,Female,47,568,0.0,2,1,1,Low Risk,Normal Monitoring,0
France,Female,35,715,0.0,1,1,0,Low Risk,Normal Monitoring,0
Germany,Male,32,680,175454.0,1,1,3,Medium Risk,Contact Customer,0
Spain,Male,41,802,0.0,2,0,2,Low Risk,Normal Monitoring,0
France,Female,22,539,100885.93,2,1,1,Low Risk,Normal Monitoring,0
France,Male,69,494,93320.8,1,1,2,Low Risk,Normal Monitoring,0
Germany,Male,38,594,63176.44,2,1,2,Low Risk,Normal Monitoring,0
France,Male,33,596,139451.67,1,0,3,Medium Risk,Contact Customer,0
France,Female,52,649,49113.75,1,0,3,Medium Risk,Contact Customer,0
Germany,Male,32,699,123906.22,3,1,6,High Risk,Immediate Follow-up,1
France,Female,40,787,0.0,2,1,0,Low Risk,Normal Monitoring,0
France,Male,28,604,0.0,2,0,2,Low Risk,Normal Monitoring,0
Germany,Female,52,489,131441.51,1,0,6,High Risk,Immediate Follow-up,1
France,Male,56,651,0.0,1,0,3,Medium Risk,Contact Customer,1
France,Male,57,698,136325.48,2,1,2,Low Risk,Normal Monitoring,1
Germany,Female,38,578,113150.44,2,0,5,High Risk,Immediate Follow-up,1
Spain,Female,42,538,0.0,1,0,2,Low Risk,Normal Monitoring,0
France,Female,33,696,0.0,2,1,0,Low Risk,Normal Monitoring,0
Germany,Female,46,507,102785.16,1,1,4,Medium Risk,Contact Customer,0
Spain,Male,34,685,83264.28,1,0,2,Low Risk,Normal Monitoring,0
Germany,Male,41,705,72252.64,2,1,2,Low Risk,Normal Monitoring,0
Germany,Female,29,499,148051.52,1,0,5,High Risk,Immediate Follow-up,0
France,Female,76,717,138489.66,1,1,2,Low Risk,Normal Monitoring,0
France,Male,63,510,0.0,2,1,1,Low Risk,Normal Monitoring,0
France,Male,32,632,111589.33,1,1,1,Low Risk,Normal Monitoring,0
Germany,Female,39,668,122104.79,1,0,5,High Risk,Immediate Follow-up,1
Germany,Male,32,744,96106.83,1,1,3,Medium Risk,Contact Customer,0
Germany,Male,42,663,115930.87,1,0,5,High Risk,Immediate Follow-up,0
Germany,Female,37,638,124513.66,2,0,5,High Risk,Immediate Follow-up,0
France,Female,54,688,0.0,1,0,3,Medium Risk,Contact Customer,1
Spain,Male,46,588,0.0,1,0,3,Medium Risk,Contact Customer,0
France,Male,33,631,0.0,1,1,0,Low Risk,Normal Monitoring,1
Spain,Male,35,687,100988.39,2,0,3,Medium Risk,Contact Customer,0
France,Male,44,599,118577.24,1,1,1,Low Risk,Normal Monitoring,0
Spain,Male,28,718,0.0,2,0,2,Low Risk,Normal Monitoring,0
France,Male,27,730,0.0,2,1,0,Low Risk,Normal Monitoring,0
France,Female,39,533,0.0,1,1,0,Low Risk,Normal Monitoring,1
Spain,Female,28,711,0.0,2,1,0,Low Risk,Normal Monitoring,0
Spain,Female,26,555,0.0,2,1,0,Low Risk,Normal Monitoring,0
France,Female,42,850,113311.11,1,1,1,Low Risk,Normal Monitoring,0
France,Female,41,678,0.0,1,0,2,Low Risk,Normal Monitoring,0
France,Male,32,576,0.0,2,0,2,Low Risk,Normal Monitoring,0
Germany,Male,20,835,124365.42,1,0,5,High Risk,Immediate Follow-up,1
France,Male,42,592,147249.29,2,1,1,Low Risk,Normal Monitoring,0
France,Male,36,774,103688.19,1,1,1,Low Risk,Normal Monitoring,0
France,Female,29,620,138740.24,2,0,3,Medium Risk,Contact Customer,0
Spain,Male,39,519,111900.14,1,1,1,Low Risk,Normal Monitoring,0
Spain,Female,37,734,152760.24,1,1,1,Low Risk,Normal Monitoring,0
Germany,Male,31,763,143966.3,2,1,3,Medium Risk,Contact Customer,1
France,Male,51,733,141556.96,1,0,4,Medium Risk,Contact Customer,0
France,Female,43,650,0.0,2,1,0,Low Risk,Normal Monitoring,0
France,Female,33,538,0.0,2,0,2,Low Risk,Normal Monitoring,0
France,Female,46,577,0.0,1,1,1,Low Risk,Normal Monitoring,0
France,Male,30,792,0.0,2,0,2,Low Risk,Normal Monitoring,0
France,Female,41,686,0.0,1,1,0,Low Risk,Normal Monitoring,1
France,Male,29,589,0.0,2,1,0,Low Risk,Normal Monitoring,0
France,Male,25,530,162560.32,1,0,3,Medium Risk,Contact Customer,0
Germany,Female,29,778,123229.46,1,0,5,High Risk,Immediate Follow-up,0
Spain,Male,31,616,76665.71,2,1,0,Low Risk,Normal Monitoring,0
France,Male,38,550,140278.99,3,1,4,Medium Risk,Contact Customer,1
France,Female,51,655,0.0,2,1,1,Low Risk,Normal Monitoring,0
France,Male,46,721,115764.32,2,0,4,Medium Risk,Contact Customer,0
Germany,Male,36,499,131142.53,2,0,5,High Risk,Immediate Follow-up,0
France,Male,45,511,68375.27,1,0,3,Medium Risk,Contact Customer,1
Germany,Female,39,579,117833.3,3,0,8,High Risk,Immediate Follow-up,1
Spain,Female,36,696,0.0,2,1,0,Low Risk,Normal Monitoring,0
France,Male,34,681,0.0,2,0,2,Low Risk,Normal Monitoring,0
France,Male,45,815,0.0,1,1,1,Low Risk,Normal Monitoring,1
Spain,Male,30,681,111093.01,1,0,3,Medium Risk,Contact Customer,0
Spain,Male,42,641,132657.55,1,0,3,Medium Risk,Contact Customer,0
France,Female,56,591,128882.49,1,1,2,Low Risk,Normal Monitoring,1
Germany,Male,59,565,69129.59,1,1,3,Medium Risk,Contact Customer,0
France,Male,37,487,0.0,2,1,0,Low Risk,Normal Monitoring,0
France,Male,39,729,121404.64,1,1,1,Low Risk,Normal Monitoring,0
Spain,Female,45,505,131355.3,3,0,7,High Risk,Immediate Follow-up,1
France,Female,35,580,102097.33,1,1,1,Low Risk,Normal Monitoring,0
France,Male,40,642,154863.15,1,1,1,Low Risk,Normal Monitoring,0
Spain,Female,41,850,99945.93,2,0,3,Medium Risk,Contact Customer,0
Germany,Male,39,616,121704.32,2,0,5,High Risk,Immediate Follow-up,0
Spain,Female,43,526,0.0,2,0,2,Low Risk,Normal Monitoring,0
Germany,Male,35,523,138782.76,1,1,3,Medium Risk,Contact Customer,0
France,Male,35,663,0.0,2,1,0,Low Risk,Normal Monitoring,0
France,Male,30,840,136291.71,1,0,3,Medium Risk,Contact Customer,0
Germany,Male,42,570,107856.57,2,0,5,High Risk,Immediate Follow-up,0
Germany,Female,26,676,108348.66,1,0,5,High Risk,Immediate Follow-up,1
France,Male,47,689,93871.95,3,0,7,High Risk,Immediate Follow-up,1
Spain,Female,45,703,0.0,1,0,3,Medium Risk,Contact Customer,1
Germany,Male,19,491,125860.2,1,0,5,High Risk,Immediate Follow-up,0
France,Male,49,584,172713.44,1,0,4,Medium Risk,Contact Customer,0
France,Female,51,810,0.0,2,1,1,Low Risk,Normal Monitoring,0
Spain,Female,59,745,0.0,1,1,1,Low Risk,Normal Monitoring,0
France,Female,39,625,130786.92,1,1,1,Low Risk,Normal Monitoring,0
France,Female,29,535,112367.34,1,0,3,Medium Risk,Contact Customer,0
Spain,Female,45,729,91091.06,2,0,4,Medium Risk,Contact Customer,0
France,Female,26,655,106198.5,1,1,1,Low Risk,Normal Monitoring,0
France,Male,47,751,142669.93,2,0,4,Medium Risk,Contact Customer,0
France,Male,33,525,112833.35,1,1,1,Low Risk,Normal Monitoring,0
France,Female,40,532,0.0,2,1,0,Low Risk,Normal Monitoring,0
Spain,Female,43,696,0.0,2,1,0,Low Risk,Normal Monitoring,0
Germany,Female,32,786,104336.43,2,0,5,High Risk,Immediate Follow-up,0
France,Male,55,580,104305.74,1,1,2,Low Risk,Normal Monitoring,0
Germany,Male,47,596,140187.1,2,1,4,Medium Risk,Contact Customer,0
France,Male,39,683,0.0,2,0,2,Low Risk,Normal Monitoring,0
France,Female,45,747,114959.12,1,0,4,Medium Risk,Contact Customer,1
France,Male,33,602,164704.38,1,1,1,Low Risk,Normal Monitoring,1
France,Male,62,779,119096.55,1,1,2,Low Risk,Normal Monitoring,0
France,Male,31,551,0.0,2,1,0,Low Risk,Normal Monitoring,0
France,Male,47,666,0.0,1,0,3,Medium Risk,Contact Customer,1
Spain,Male,30,526,0.0,1,0,2,Low Risk,Normal Monitoring,0
France,Female,41,849,115465.28,1,0,3,Medium Risk,Contact Customer,0
France,Female,27,471,0.0,2,0,2,Low Risk,Normal Monitoring,0
Spain,Male,43,628,184926.61,1,0,3,Medium Risk,Contact Customer,0
Germany,Male,43,674,85957.88,2,0,4,Medium Risk,Contact Customer,0
France,Male,32,797,114084.6,1,1,1,Low Risk,Normal Monitoring,0
Spain,Female,29,590,166930.76,2,0,3,Medium Risk,Contact Customer,0
France,Female,27,588,0.0,1,0,2,Low Risk,Normal Monitoring,0
France,Male,29,577,0.0,2,1,0,Low Risk,Normal Monitoring,0
France,Female,38,571,107193.82,2,0,3,Medium Risk,Contact Customer,0
France,Male,36,680,116275.12,1,1,1,Low Risk,Normal Monitoring,0
Spain,Female,27,648,0.0,2,1,0,Low Risk,Normal Monitoring,0
France,Male,39,618,91068.56,1,0,3,Medium Risk,Contact Customer,0
Germany,Male,41,648,123049.21,1,1,3,Medium Risk,Contact Customer,0
France,Female,39,759,0.0,2,1,0,Low Risk,Normal Monitoring,0
France,Male,40,585,0.0,2,0,2,Low Risk,Normal Monitoring,0
France,Female,42,774,137781.65,1,0,3,Medium Risk,Contact Customer,0
Germany,Female,48,697,108128.96,2,1,4,Medium Risk,Contact Customer,0
Spain,Male,39,605,105317.73,2,0,3,Medium Risk,Contact Customer,0
France,Male,20,676,80569.73,1,0,2,Low Risk,Normal Monitoring,0
France,Female,22,678,174852.89,1,1,1,Low Risk,Normal Monitoring,0
Spain,Female,45,495,89158.94,3,0,6,High Risk,Immediate Follow-up,1
France,Female,85,787,0.0,2,1,1,Low Risk,Normal Monitoring,0
France,Male,36,770,89800.14,1,1,0,Low Risk,Normal Monitoring,0
Germany,Male,45,817,101207.75,1,0,6,High Risk,Immediate Follow-up,1
France,Male,43,659,106086.42,2,0,3,Medium Risk,Contact Customer,0
France,Male,21,693,0.0,2,1,0,Low Risk,Normal Monitoring,0
France,Male,47,744,0.0,2,0,3,Medium Risk,Contact Customer,0
Spain,Female,26,829,101440.36,2,1,1,Low Risk,Normal Monitoring,0
France,Male,38,716,0.0,2,0,2,Low Risk,Normal Monitoring,0
France,Male,34,671,106603.74,2,1,1,Low Risk,Normal Monitoring,0
Germany,Female,29,835,130420.2,2,0,5,High Risk,Immediate Follow-up,0
France,Female,38,636,0.0,1,0,2,Low Risk,Normal Monitoring,0
Spain,Male,29,649,45022.23,1,1,0,Low Risk,Normal Monitoring,0
Germany,Male,27,621,74298.43,1,1,2,Low Risk,Normal Monitoring,0
Germany,Female,31,658,133003.03,1,1,3,Medium Risk,Contact Customer,1
Spain,Male,48,784,0.0,2,1,1,Low Risk,Normal Monitoring,0
Spain,Female,37,783,136689.66,1,0,3,Medium Risk,Contact Customer,0
France,Male,32,615,0.0,2,1,0,Low Risk,Normal Monitoring,0
France,Female,44,791,0.0,2,1,0,Low Risk,Normal Monitoring,1
France,Male,53,762,102520.37,1,1,2,Low Risk,Normal Monitoring,0
France,Male,35,607,0.0,2,1,0,Low Risk,Normal Monitoring,0
France,Female,34,601,0.0,2,0,2,Low Risk,Normal Monitoring,0
Spain,Male,67,540,88382.01,1,1,1,Low Risk,Normal Monitoring,0
France,Male,44,812,115049.15,2,0,3,Medium Risk,Contact Customer,0
France,Male,58,685,104796.54,1,1,2,Low Risk,Normal Monitoring,0
France,Male,33,680,123082.08,1,0,3,Medium Risk,Contact Customer,0
Spain,Female,58,680,0.0,2,1,1,Low Risk,Normal Monitoring,0
France,Female,33,631,0.0,2,0,2,Low Risk,Normal Monitoring,0
France,Female,43,569,0.0,2,1,0,Low Risk,Normal Monitoring,0
Germany,Male,33,584,88311.48,2,1,2,Low Risk,Normal Monitoring,0
France,Female,40,582,0.0,3,1,3,Medium Risk,Contact Customer,0
France,Male,32,609,71872.19,1,1,0,Low Risk,Normal Monitoring,0
Spain,Male,35,506,110046.93,2,0,3,Medium Risk,Contact Customer,0
France,Male,42,503,104430.08,1,1,1,Low Risk,Normal Monitoring,0
France,Female,28,503,0.0,2,0,2,Low Risk,Normal Monitoring,0
Germany,Male,31,806,138653.51,1,0,5,High Risk,Immediate Follow-up,0
France,Female,31,653,102575.04,1,1,1,Low Risk,Normal Monitoring,0
France,Male,43,666,137780.74,2,1,1,Low Risk,Normal Monitoring,1
Spain,Male,32,674,0.0,2,0,2,Low Risk,Normal Monitoring,0
France,Male,32,798,0.0,2,1,0,Low Risk,Normal Monitoring,0
France,Female,30,740,105209.54,1,0,3,Medium Risk,Contact Customer,0
Germany,Female,32,531,109570.21,2,1,3,Medium Risk,Contact Customer,0
Germany,Female,44,614,118715.86,1,0,5,High Risk,Immediate Follow-up,1
France,Male,35,556,0.0,2,1,0,Low Risk,Normal Monitoring,0
Germany,Female,43,678,153393.18,2,1,3,Medium Risk,Contact Customer,0
Germany,Male,33,587,132603.36,1,0,5,High Risk,Immediate Follow-up,0
Spain,Female,36,527,0.0,2,1,0,Low Risk,Normal Monitoring,0
Germany,Female,34,757,129398.01,2,0,5,High Risk,Immediate Follow-up,0
Spain,Male,28,468,0.0,2,0,2,Low Risk,Normal Monitoring,0
France,Male,29,693,151352.74,1,0,3,Medium Risk,Contact Customer,0
France,Female,44,483,136836.49,1,0,3,Medium Risk,Contact Customer,1
France,Male,40,466,91592.06,1,0,3,Medium Risk,Contact Customer,1
France,Female,30,770,0.0,2,0,2,Low Risk,Normal Monitoring,0
France,Female,54,734,0.0,1,0,3,Medium Risk,Contact Customer,1
France,Female,22,716,0.0,2,1,0,Low Risk,Normal Monitoring,0
France,Male,36,439,165536.28,2,1,1,Low Risk,Normal Monitoring,0
Germany,Male,25,538,62482.95,1,1,2,Low Risk,Normal Monitoring,0
France,Male,40,743,68155.59,1,0,2,Low Risk,Normal Monitoring,0
Spain,Female,43,734,55853.33,2,1,0,Low Risk,Normal Monitoring,1
France,Male,37,656,0.0,2,1,0,Low Risk,Normal Monitoring,0
France,Female,31,666,79589.43,1,0,2,Low Risk,Normal Monitoring,0
Spain,Male,41,627,100880.76,1,1,1,Low Risk,Normal Monitoring,0
Germany,Female,25,480,174330.35,2,0,5,High Risk,Immediate Follow-up,0
France,Male,19,792,143390.51,1,0,3,Medium Risk,Contact Customer,0
Germany,Male,59,613,91415.76,1,0,6,High Risk,Immediate Follow-up,1
Germany,Male,30,476,134366.42,1,0,5,High Risk,Immediate Follow-up,0
France,Female,24,539,0.0,2,1,0,Low Risk,Normal Monitoring,0
Spain,Male,60,696,88786.81,1,1,1,Low Risk,Normal Monitoring,0
Germany,Male,35,810,96814.46,2,1,3,Medium Risk,Contact Customer,0
Germany,Male,32,763,160680.41,1,0,5,High Risk,Immediate Follow-up,0
France,Female,29,640,0.0,2,0,2,Low Risk,Normal Monitoring,0
France,Female,47,655,0.0,2,0,3,Medium Risk,Contact Customer,0
Germany,Male,31,526,145537.21,1,0,5,High Risk,Immediate Follow-up,0
France,Female,28,678,0.0,2,1,0,Low Risk,Normal Monitoring,1
France,Female,45,554,0.0,2,1,1,Low Risk,Normal Monitoring,0
Spain,Female,30,597,119370.11,1,1,1,Low Risk,Normal Monitoring,1
Spain,Female,28,560,0.0,2,1,0,Low Risk,Normal Monitoring,0
Germany,Female,47,850,134381.52,1,0,6,High Risk,Immediate Follow-up,1
Germany,Female,74,546,114888.74,2,1,4,Medium Risk,Contact Customer,1
Germany,Male,42,623,149332.48,2,0,5,High Risk,Immediate Follow-up,0
France,Female,40,698,105061.74,3,0,6,High Risk,Immediate Follow-up,1
France,Male,32,620,0.0,2,1,0,Low Risk,Normal Monitoring,0
France,Female,40,619,0.0,1,1,0,Low Risk,Normal Monitoring,1
France,Male,21,561,0.0,1,1,0,Low Risk,Normal Monitoring,0
France,Female,39,753,155062.8,1,1,1,Low Risk,Normal Monitoring,0
Spain,Male,43,721,88798.34,1,0,2,Low Risk,Normal Monitoring,0
France,Male,33,451,0.0,2,0,2,Low Risk,Normal Monitoring,0
Germany,Female,51,680,143139.87,1,0,6,High Risk,Immediate Follow-up,1
Spain,Female,23,590,0.0,2,0,2,Low Risk,Normal Monitoring,0
Germany,Male,27,634,107027.52,1,0,5,High Risk,Immediate Follow-up,0
France,Male,29,676,140720.93,1,0,3,Medium Risk,Contact Customer,0
France,Male,30,642,80964.57,2,0,2,Low Risk,Normal Monitoring,0
France,Male,39,760,178585.46,1,0,3,Medium Risk,Contact Customer,1
Spain,Female,26,736,135889.13,1,1,1,Low Risk,Normal Monitoring,0
France,Male,43,656,134919.85,1,0,3,Medium Risk,Contact Customer,0
Germany,Male,33,776,115130.34,1,0,5,High Risk,Immediate Follow-up,1
Spain,Female,34,832,138190.13,2,1,1,Low Risk,Normal Monitoring,0
Germany,Male,37,631,131519.49,2,1,3,Medium Risk,Contact Customer,0
Spain,Female,56,795,0.0,1,0,3,Medium Risk,Contact Customer,1
Germany,Female,39,648,126935.98,2,1,3,Medium Risk,Contact Customer,0
France,Male,39,615,133707.09,1,1,1,Low Risk,Normal Monitoring,0
France,Female,27,682,97893.2,1,0,3,Medium Risk,Contact Customer,0
France,Male,34,694,127900.03,1,0,3,Medium Risk,Contact Customer,0
France,Male,37,694,143835.47,1,1,1,Low Risk,Normal Monitoring,0
France,Male,44,607,0.0,2,1,0,Low Risk,Normal Monitoring,0
France,Male,48,664,0.0,1,0,3,Medium Risk,Contact Customer,1
France,Male,60,756,0.0,1,1,1,Low Risk,Normal Monitoring,1
France,Female,40,645,129596.77,1,1,1,Low Risk,Normal Monitoring,0
Spain,Male,30,653,0.0,2,0,2,Low Risk,Normal Monitoring,0
Germany,Female,24,710,110407.44,2,0,5,High Risk,Immediate Follow-up,1
France,Female,76,697,0.0,2,1,1,Low Risk,Normal Monitoring,0
Germany,Female,41,619,142015.76,2,0,5,High Risk,Immediate Follow-up,0
Spain,Male,55,648,81370.07,1,1,1,Low Risk,Normal Monitoring,0
Germany,Female,48,482,69329.47,1,0,5,High Risk,Immediate Follow-up,1
France,Female,28,548,116755.5,2,1,1,Low Risk,Normal Monitoring,1
Spain,Male,44,752,83870.33,1,0,2,Low Risk,Normal Monitoring,0
France,Female,39,648,130694.89,2,1,1,Low Risk,Normal Monitoring,1
Spain,Female,34,643,117451.47,1,0,3,Medium Risk,Contact Customer,0
Germany,Female,35,573,206868.78,2,1,3,Medium Risk,Contact Customer,0
France,Female,39,686,111695.62,1,0,3,Medium Risk,Contact Customer,0
France,Female,40,644,137285.26,4,0,6,High Risk,Immediate Follow-up,1
France,Female,29,702,149218.39,1,1,1,Low Risk,Normal Monitoring,0
France,Male,51,652,0.0,2,1,1,Low Risk,Normal Monitoring,0
Spain,Male,32,641,0.0,2,1,0,Low Risk,Normal Monitoring,0
Germany,Female,41,692,130701.29,1,0,5,High Risk,Immediate Follow-up,1
Spain,Male,34,574,0.0,2,0,2,Low Risk,Normal Monitoring,0
France,Female,31,643,167949.48,1,0,3,Medium Risk,Contact Customer,0
France,Male,23,834,131254.81,1,0,3,Medium Risk,Contact Customer,0
France,Male,28,591,0.0,2,1,0,Low Risk,Normal Monitoring,0
Spain,Male,34,470,0.0,2,1,0,Low Risk,Normal Monitoring,0
Spain,Male,34,608,86656.13,1,1,0,Low Risk,Normal Monitoring,0
Germany,Female,37,649,114737.26,1,1,3,Medium Risk,Contact Customer,1
France,Female,38,665,0.0,2,0,2,Low Risk,Normal Monitoring,0
France,Female,39,651,0.0,1,0,2,Low Risk,Normal Monitoring,0
Germany,Male,62,555,119817.33,1,1,4,Medium Risk,Contact Customer,1
France,Female,48,637,130806.99,2,1,2,Low Risk,Normal Monitoring,1
France,Female,49,675,0.0,1,1,1,Low Risk,Normal Monitoring,1
Spain,Male,40,677,0.0,2,0,2,Low Risk,Normal Monitoring,0
Germany,Female,35,850,80931.75,1,0,4,Medium Risk,Contact Customer,1
France,Female,56,815,0.0,3,1,4,Medium Risk,Contact Customer,1
Germany,Male,32,665,132178.67,1,0,5,High Risk,Immediate Follow-up,0
France,Female,27,485,0.0,2,0,2,Low Risk,Normal Monitoring,0
Spain,Male,43,577,0.0,2,1,0,Low Risk,Normal Monitoring,0
France,Female,35,586,164769.02,3,0,6,High Risk,Immediate Follow-up,1
Germany,Male,29,722,107233.85,2,0,5,High Risk,Immediate Follow-up,0
France,Female,27,528,176227.07,2,1,1,Low Risk,Normal Monitoring,0
France,Female,39,542,109949.39,2,1,1,Low Risk,Normal Monitoring,0
France,Female,34,552,0.0,2,1,0,Low Risk,Normal Monitoring,0
France,Female,60,678,117738.81,1,0,4,Medium Risk,Contact Customer,1
Spain,Female,37,575,133292.45,1,0,3,Medium Risk,Contact Customer,0
France,Female,43,669,160474.59,1,1,1,Low Risk,Normal Monitoring,0
France,Male,43,636,0.0,2,0,2,Low Risk,Normal Monitoring,0
Germany,Male,55,667,154393.43,1,1,4,Medium Risk,Contact Customer,1
Germany,Female,45,652,110827.49,1,1,4,Medium Risk,Contact Customer,1
Germany,Female,36,637,145750.45,2,1,3,Medium Risk,Contact Customer,0
Spain,Female,45,516,109044.3,1,1,2,Low Risk,Normal Monitoring,0
France,Female,32,801,75170.54,1,1,0,Low Risk,Normal Monitoring,0
France,Female,42,692,0.0,2,0,2,Low Risk,Normal Monitoring,0
France,Female,28,585,105795.9,1,1,1,Low Risk,Normal Monitoring,0
France,Male,32,590,0.0,2,0,2,Low Risk,Normal Monitoring,0
Spain,Male,66,554,0.0,2,1,1,Low Risk,Normal Monitoring,0
France,Female,49,659,0.0,1,0,3,Medium Risk,Contact Customer,1
France,Female,26,690,118097.87,1,0,3,Medium Risk,Contact Customer,0
Germany,Male,29,697,172693.54,1,0,5,High Risk,Immediate Follow-up,0
France,Male,36,610,129440.3,2,0,3,Medium Risk,Contact Customer,0
Spain,Male,36,599,0.0,2,0,2,Low Risk,Normal Monitoring,0
France,Male,23,544,96471.2,1,0,3,Medium Risk,Contact Customer,0
France,Female,46,548,0.0,1,1,1,Low Risk,Normal Monitoring,1
Spain,Male,24,635,140197.18,1,1,1,Low Risk,Normal Monitoring,0
France,Male,20,722,0.0,2,0,2,Low Risk,Normal Monitoring,0
France,Female,33,564,135946.26,1,0,3,Medium Risk,Contact Customer,0
France,Male,69,719,0.0,2,1,1,Low Risk,Normal Monitoring,0
Germany,Male,50,547,81290.02,3,1,6,High Risk,Immediate Follow-up,1
France,Female,42,850,0.0,1,0,2,Low Risk,Normal Monitoring,1
Germany,Male,60,515,113715.36,1,0,6,High Risk,Immediate Follow-up,1
Spain,Male,56,667,168883.08,1,1,2,Low Risk,Normal Monitoring,0
Germany,Male,36,607,143421.74,1,0,5,High Risk,Immediate Follow-up,0
France,Male,26,525,153644.39,1,1,1,Low Risk,Normal Monitoring,0
Spain,Female,53,606,109330.06,1,1,2,Low Risk,Normal Monitoring,0
Germany,Female,27,686,115095.88,2,0,5,High Risk,Immediate Follow-up,0
France,Male,35,611,0.0,1,1,0,Low Risk,Normal Monitoring,1
Spain,Male,46,827,183276.32,1,1,2,Low Risk,Normal Monitoring,0
France,Male,33,572,68193.72,1,0,2,Low Risk,Normal Monitoring,0
France,Female,32,726,0.0,2,0,2,Low Risk,Normal Monitoring,0
Germany,Male,31,579,139729.54,1,1,3,Medium Risk,Contact Customer,0
Spain,Female,56,598,98365.33,1,1,2,Low Risk,Normal Monitoring,0
France,Male,36,663,0.0,2,0,2,Low Risk,Normal Monitoring,0
Germany,Female,37,505,122453.97,2,1,3,Medium Risk,Contact Customer,0
Germany,Male,30,576,132174.41,2,0,5,High Risk,Immediate Follow-up,0
Spain,Female,24,555,0.0,2,1,0,Low Risk,Normal Monitoring,0
France,Male,30,524,0.0,2,0,2,Low Risk,Normal Monitoring,0
Spain,Male,39,776,104349.45,1,0,3,Medium Risk,Contact Customer,0
Germany,Female,41,645,138881.04,1,0,5,High Risk,Immediate Follow-up,1
Germany,Female,32,850,116968.91,1,0,5,High Risk,Immediate Follow-up,0
Germany,Male,35,603,105346.03,2,1,3,Medium Risk,Contact Customer,0
France,Male,26,691,136623.19,1,0,3,Medium Risk,Contact Customer,0
France,Female,29,583,0.0,2,1,0,Low Risk,Normal Monitoring,0
France,Female,66,584,0.0,1,0,3,Medium Risk,Contact Customer,1
France,Female,33,679,0.0,2,1,0,Low Risk,Normal Monitoring,0
France,Male,36,646,124445.52,1,0,3,Medium Risk,Contact Customer,0
France,Female,34,559,68999.66,2,1,0,Low Risk,Normal Monitoring,0
Spain,Male,36,595,85768.42,1,1,0,Low Risk,Normal Monitoring,0
France,Male,47,527,0.0,1,0,3,Medium Risk,Contact Customer,1
Spain,Male,34,684,100628.0,2,1,1,Low Risk,Normal Monitoring,0
Spain,Female,32,673,0.0,1,1,0,Low Risk,Normal Monitoring,0
Spain,Male,38,802,0.0,2,1,0,Low Risk,Normal Monitoring,0
France,Male,54,675,0.0,1,0,3,Medium Risk,Contact Customer,1
Spain,Female,19,762,0.0,2,0,2,Low Risk,Normal Monitoring,0
France,Male,50,580,125647.36,1,0,4,Medium Risk,Contact Customer,1
Germany,Female,31,621,100375.39,1,1,3,Medium Risk,Contact Customer,0
France,Female,36,411,0.0,1,0,2,Low Risk,Normal Monitoring,0
France,Male,24,815,171922.72,1,1,1,Low Risk,Normal Monitoring,0
Germany,Female,32,631,146810.99,2,1,3,Medium Risk,Contact Customer,0
Germany,Female,45,514,109032.23,1,1,4,Medium Risk,Contact Customer,1
France,Male,57,638,0.0,1,0,3,Medium Risk,Contact Customer,1
Spain,Male,25,791,0.0,1,0,2,Low Risk,Normal Monitoring,0
France,Male,35,516,128653.59,1,0,3,Medium Risk,Contact Customer,0
France,Male,37,734,80387.81,1,1,0,Low Risk,Normal Monitoring,0
France,Male,58,611,0.0,2,1,1,Low Risk,Normal Monitoring,1
Germany,Male,43,850,108508.82,3,0,8,High Risk,Immediate Follow-up,1
France,Male,31,641,155978.17,1,0,3,Medium Risk,Contact Customer,0
France,Female,38,585,0.0,1,1,0,Low Risk,Normal Monitoring,0
Germany,Male,50,552,121175.56,1,0,6,High Risk,Immediate Follow-up,1
France,Female,29,507,89349.47,2,0,2,Low Risk,Normal Monitoring,0
Spain,Male,38,735,86131.71,2,0,2,Low Risk,Normal Monitoring,0
France,Female,58,707,102346.86,1,1,2,Low Risk,Normal Monitoring,0
Germany,Female,36,698,121263.62,1,1,3,Medium Risk,Contact Customer,0
France,Male,31,841,0.0,2,0,2,Low Risk,Normal Monitoring,0
Spain,Female,33,688,0.0,1,0,2,Low Risk,Normal Monitoring,1
France,Male,51,614,0.0,2,1,1,Low Risk,Normal Monitoring,0
Germany,Male,48,511,149726.08,1,0,6,High Risk,Immediate Follow-up,1
France,Male,43,447,0.0,2,0,2,Low Risk,Normal Monitoring,1
France,Male,35,738,161274.05,2,0,3,Medium Risk,Contact Customer,0
France,Female,33,422,0.0,2,0,2,Low Risk,Normal Monitoring,0
Spain,Male,30,537,103138.17,1,1,1,Low Risk,Normal Monitoring,0
Germany,Female,40,707,109628.44,1,0,5,High Risk,Immediate Follow-up,0
France,Male,54,690,0.0,1,0,3,Medium Risk,Contact Customer,1
Germany,Male,33,664,97286.16,2,0,5,High Risk,Immediate Follow-up,0
France,Female,33,850,118004.26,1,0,3,Medium Risk,Contact Customer,0
Spain,Male,32,584,85534.83,1,0,2,Low Risk,Normal Monitoring,0
France,Female,59,728,0.0,1,1,1,Low Risk,Normal Monitoring,1
Spain,Female,43,560,95140.44,2,0,3,Medium Risk,Contact Customer,1
France,Female,31,629,0.0,1,1,0,Low Risk,Normal Monitoring,1
France,Male,25,658,0.0,2,1,0,Low Risk,Normal Monitoring,0
Germany,Female,54,794,75900.84,1,1,3,Medium Risk,Contact Customer,0
France,Female,41,790,126619.27,1,0,3,Medium Risk,Contact Customer,0
France,Male,44,640,111833.47,1,0,3,Medium Risk,Contact Customer,0
Spain,Male,37,652,0.0,2,0,2,Low Risk,Normal Monitoring,0
France,Female,57,583,238387.56,1,1,2,Low Risk,Normal Monitoring,1
France,Female,32,775,108698.96,2,1,1,Low Risk,Normal Monitoring,0
France,Female,39,584,112687.69,1,1,1,Low Risk,Normal Monitoring,0
Germany,Female,48,635,81556.89,2,0,5,High Risk,Immediate Follow-up,0
France,Male,48,814,136596.85,1,1,2,Low Risk,Normal Monitoring,0
Germany,Female,43,735,98807.45,1,0,5,High Risk,Immediate Follow-up,1
France,Female,31,678,0.0,2,1,0,Low Risk,Normal Monitoring,0
France,Male,37,693,0.0,2,1,0,Low Risk,Normal Monitoring,0
France,Female,30,640,107499.7,1,1,1,Low Risk,Normal Monitoring,0
Spain,Female,23,773,0.0,2,0,2,Low Risk,Normal Monitoring,0
France,Female,30,736,0.0,2,0,2,Low Risk,Normal Monitoring,0
France,Female,28,693,0.0,2,1,0,Low Risk,Normal Monitoring,0
France,Female,41,496,176024.05,2,0,3,Medium Risk,Contact Customer,0
France,Female,39,751,0.0,2,1,0,Low Risk,Normal Monitoring,0
Germany,Male,39,528,127631.62,1,1,3,Medium Risk,Contact Customer,1
Spain,Female,19,754,0.0,1,0,2,Low Risk,Normal Monitoring,0
Germany,Female,26,568,109819.16,2,0,5,High Risk,Immediate Follow-up,0
Spain,Female,41,592,138734.94,1,0,3,Medium Risk,Contact Customer,0
Germany,Male,25,558,111363.1,2,0,5,High Risk,Immediate Follow-up,0
France,Male,34,825,0.0,2,1,0,Low Risk,Normal Monitoring,0
Germany,Male,28,677,143988.0,2,0,5,High Risk,Immediate Follow-up,1
France,Male,34,653,118838.75,1,1,1,Low Risk,Normal Monitoring,0
Spain,Male,35,593,161637.75,1,1,1,Low Risk,Normal Monitoring,0
France,Female,44,632,133793.89,1,1,1,Low Risk,Normal Monitoring,1
Germany,Male,35,601,71553.83,1,0,4,Medium Risk,Contact Customer,0
France,Female,62,786,0.0,1,1,1,Low Risk,Normal Monitoring,0
France,Female,40,654,0.0,2,0,2,Low Risk,Normal Monitoring,0
France,Female,38,572,0.0,2,1,0,Low Risk,Normal Monitoring,0
France,Female,62,813,64667.95,2,1,1,Low Risk,Normal Monitoring,0
France,Female,28,523,121164.11,1,1,1,Low Risk,Normal Monitoring,0
Spain,Male,50,506,0.0,2,0,3,Medium Risk,Contact Customer,0
Spain,Male,72,513,98903.06,1,1,2,Low Risk,Normal Monitoring,0
France,Female,31,664,104158.84,1,0,3,Medium Risk,Contact Customer,0
France,Male,54,684,0.0,2,1,1,Low Risk,Normal Monitoring,0
Spain,Female,63,608,139529.93,2,1,2,Low Risk,Normal Monitoring,1
France,Female,25,527,0.0,2,1,0,Low Risk,Normal Monitoring,0
France,Male,53,666,64646.7,1,0,3,Medium Risk,Contact Customer,1
France,Male,71,779,0.0,2,1,1,Low Risk,Normal Monitoring,1
France,Female,40,629,0.0,2,1,0,Low Risk,Normal Monitoring,0
France,Male,35,430,118894.22,1,0,3,Medium Risk,Contact Customer,0
France,Male,24,712,0.0,1,1,0,Low Risk,Normal Monitoring,0
France,Male,30,682,0.0,2,1,0,Low Risk,Normal Monitoring,0
France,Female,41,634,68213.99,1,1,0,Low Risk,Normal Monitoring,0
Spain,Female,31,487,0.0,2,0,2,Low Risk,Normal Monitoring,0
Spain,Male,47,808,139196.0,1,1,2,Low Risk,Normal Monitoring,0
France,Female,32,527,0.0,2,1,0,Low Risk,Normal Monitoring,0
Germany,Male,50,637,126345.55,1,1,4,Medium Risk,Contact Customer,1
Spain,Male,40,802,0.0,2,1,0,Low Risk,Normal Monitoring,0
France,Female,38,529,0.0,1,0,2,Low Risk,Normal Monitoring,1
France,Female,43,850,0.0,2,0,2,Low Risk,Normal Monitoring,0
France,Male,18,738,0.0,2,1,0,Low Risk,Normal Monitoring,0
France,Male,34,817,129278.43,1,0,3,Medium Risk,Contact Customer,0
France,Male,31,735,119558.35,1,0,3,Medium Risk,Contact Customer,0
Germany,Female,41,619,92467.58,1,0,5,High Risk,Immediate Follow-up,0
France,Male,27,671,0.0,2,0,2,Low Risk,Normal Monitoring,0
Spain,Female,31,581,0.0,2,0,2,Low Risk,Normal Monitoring,0
Spain,Male,36,690,0.0,2,0,2,Low Risk,Normal Monitoring,0
Spain,Male,56,579,99340.83,1,0,4,Medium Risk,Contact Customer,1
Spain,Female,24,688,0.0,2,1,0,Low Risk,Normal Monitoring,0
Spain,Female,28,599,126833.79,2,0,3,Medium Risk,Contact Customer,1
Germany,Male,29,729,109676.52,1,1,3,Medium Risk,Contact Customer,0
France,Female,29,718,0.0,1,1,0,Low Risk,Normal Monitoring,0
Germany,Male,53,712,134729.99,2,1,4,Medium Risk,Contact Customer,0
France,Male,37,474,98431.37,1,0,3,Medium Risk,Contact Customer,0
Germany,Male,33,565,130368.31,2,0,5,High Risk,Immediate Follow-up,0
France,Female,31,658,123974.96,1,0,3,Medium Risk,Contact Customer,0
France,Male,63,714,138082.16,1,1,2,Low Risk,Normal Monitoring,0
France,Male,45,725,129855.32,1,0,4,Medium Risk,Contact Customer,0
France,Male,40,825,132308.22,1,0,3,Medium Risk,Contact Customer,0
Germany,Female,45,665,155447.65,2,0,6,High Risk,Immediate Follow-up,1
Spain,Male,35,670,124268.64,2,1,1,Low Risk,Normal Monitoring,0
Germany,Female,34,474,176311.36,1,0,5,High Risk,Immediate Follow-up,0
France,Male,40,591,99886.42,2,1,1,Low Risk,Normal Monitoring,0
France,Female,31,508,0.0,2,1,0,Low Risk,Normal Monitoring,0
France,Female,36,695,0.0,2,1,0,Low Risk,Normal Monitoring,0
Germany,Male,24,660,85089.3,1,1,2,Low Risk,Normal Monitoring,0
Germany,Male,41,687,134318.21,2,1,3,Medium Risk,Contact Customer,0
Germany,Male,29,658,75395.53,2,1,2,Low Risk,Normal Monitoring,0
Germany,Female,33,705,116765.7,1,0,5,High Risk,Immediate Follow-up,1
Spain,Male,60,739,0.0,1,1,1,Low Risk,Normal Monitoring,0
France,Male,38,844,111501.66,1,1,1,Low Risk,Normal Monitoring,0
Germany,Female,48,602,76595.08,2,0,5,High Risk,Immediate Follow-up,0
France,Female,33,759,160541.36,2,0,3,Medium Risk,Contact Customer,0
Germany,Male,38,747,129728.6,1,0,5,High Risk,Immediate Follow-up,0
France,Male,47,673,0.0,2,0,3,Medium Risk,Contact Customer,0
Spain,Female,34,671,130929.02,4,1,4,Medium Risk,Contact Customer,1
Germany,Female,74,640,116800.25,1,1,4,Medium Risk,Contact Customer,0
Germany,Male,40,581,101016.53,1,1,3,Medium Risk,Contact Customer,1
France,Male,67,630,0.0,2,1,1,Low Risk,Normal Monitoring,0
France,Female,33,703,190566.65,1,1,1,Low Risk,Normal Monitoring,0
Spain,Female,47,698,0.0,1,0,3,Medium Risk,Contact Customer,1
Germany,Female,43,742,97067.69,1,1,3,Medium Risk,Contact Customer,1
France,Female,37,652,92208.54,1,1,1,Low Risk,Normal Monitoring,1
France,Male,37,644,186347.97,2,0,3,Medium Risk,Contact Customer,0
Spain,Male,55,735,103176.62,1,1,2,Low Risk,Normal Monitoring,0
France,Female,58,777,0.0,1,1,1,Low Risk,Normal Monitoring,1
Germany,Female,40,644,77270.08,2,1,2,Low Risk,Normal Monitoring,1
Germany,Female,37,665,111911.63,1,1,3,Medium Risk,Contact Customer,1
Germany,Male,72,529,94216.05,1,1,4,Medium Risk,Contact Customer,0
Spain,Female,45,803,0.0,2,1,1,Low Risk,Normal Monitoring,0
Spain,Female,26,604,0.0,2,0,2,Low Risk,Normal Monitoring,0
France,Male,49,738,106770.82,1,0,4,Medium Risk,Contact Customer,0
Germany,Female,72,655,138089.97,2,1,4,Medium Risk,Contact Customer,0
Germany,Male,39,698,133191.19,2,1,3,Medium Risk,Contact Customer,0
France,Female,66,775,0.0,2,1,1,Low Risk,Normal Monitoring,0
France,Male,41,735,74135.85,1,1,0,Low Risk,Normal Monitoring,1
Spain,Male,41,766,99208.46,2,0,3,Medium Risk,Contact Customer,0
Germany,Male,84,537,92242.34,1,1,4,Medium Risk,Contact Customer,0
Germany,Male,25,599,108380.72,1,1,3,Medium Risk,Contact Customer,0
Spain,Female,55,420,91893.32,1,0,4,Medium Risk,Contact Customer,1
France,Female,32,674,85757.93,1,1,0,Low Risk,Normal Monitoring,0
France,Female,46,570,0.0,2,0,3,Medium Risk,Contact Customer,0
Germany,Male,33,623,96759.42,1,1,3,Medium Risk,Contact Customer,0
France,Male,30,710,0.0,2,1,0,Low Risk,Normal Monitoring,0
France,Male,29,466,0.0,2,1,0,Low Risk,Normal Monitoring,0
France,Female,22,759,0.0,1,0,2,Low Risk,Normal Monitoring,0
France,Male,71,581,0.0,2,1,1,Low Risk,Normal Monitoring,0
France,Male,33,820,132150.26,2,0,3,Medium Risk,Contact Customer,0
France,Male,41,759,0.0,2,1,0,Low Risk,Normal Monitoring,0
France,Female,31,628,175443.75,1,0,3,Medium Risk,Contact Customer,1
France,Male,31,676,78990.15,1,1,0,Low Risk,Normal Monitoring,0
France,Female,33,591,113743.37,1,0,3,Medium Risk,Contact Customer,0
France,Female,26,690,157624.84,1,1,1,Low Risk,Normal Monitoring,0
France,Female,62,624,125163.62,2,1,2,Low Risk,Normal Monitoring,0
France,Female,23,573,0.0,1,0,2,Low Risk,Normal Monitoring,0
France,Male,60,694,0.0,1,1,1,Low Risk,Normal Monitoring,0
Spain,Female,29,632,80922.75,1,0,2,Low Risk,Normal Monitoring,0
France,Male,40,632,193354.86,2,0,3,Medium Risk,Contact Customer,0
Germany,Female,40,832,107648.94,2,1,3,Medium Risk,Contact Customer,0
Germany,Female,46,598,131769.04,1,0,6,High Risk,Immediate Follow-up,1
Germany,Male,36,430,138992.48,2,0,5,High Risk,Immediate Follow-up,0
France,Female,37,711,113899.92,1,0,3,Medium Risk,Contact Customer,0
Germany,Male,26,582,114450.32,1,1,3,Medium Risk,Contact Customer,0
France,Male,39,605,0.0,2,0,2,Low Risk,Normal Monitoring,0
France,Female,37,657,0.0,2,1,0,Low Risk,Normal Monitoring,0
Spain,Male,40,578,63609.92,1,0,2,Low Risk,Normal Monitoring,1
France,Male,38,532,0.0,2,0,2,Low Risk,Normal Monitoring,0
France,Female,42,612,75497.51,1,0,2,Low Risk,Normal Monitoring,0
France,Female,42,792,0.0,2,0,2,Low Risk,Normal Monitoring,0
France,Female,26,674,0.0,2,1,0,Low Risk,Normal Monitoring,0
France,Male,31,680,0.0,2,1,0,Low Risk,Normal Monitoring,0
France,Female,39,593,117704.73,1,0,3,Medium Risk,Contact Customer,0
Germany,Male,35,679,130463.55,2,1,3,Medium Risk,Contact Customer,0
Spain,Male,32,493,46161.18,1,1,0,Low Risk,Normal Monitoring,0
Spain,Male,42,688,0.0,2,0,2,Low Risk,Normal Monitoring,0
Germany,Male,43,769,110182.54,2,1,3,Medium Risk,Contact Customer,0
Spain,Male,49,581,0.0,2,0,3,Medium Risk,Contact Customer,0
France,Male,41,465,117221.15,1,0,3,Medium Risk,Contact Customer,0
France,Female,35,641,0.0,2,0,2,Low Risk,Normal Monitoring,0
Germany,Female,43,731,79120.27,1,0,4,Medium Risk,Contact Customer,1
France,Male,37,625,177069.24,2,1,1,Low Risk,Normal Monitoring,0
France,Male,36,468,61636.97,1,0,2,Low Risk,Normal Monitoring,0
France,Male,26,790,0.0,1,0,2,Low Risk,Normal Monitoring,0
Germany,Female,37,587,104414.03,1,0,5,High Risk,Immediate Follow-up,0
France,Male,66,692,159732.02,1,1,2,Low Risk,Normal Monitoring,0
Germany,Female,34,676,89437.03,1,1,2,Low Risk,Normal Monitoring,0
France,Male,41,571,0.0,1,1,0,Low Risk,Normal Monitoring,0
France,Female,32,700,0.0,1,0,2,Low Risk,Normal Monitoring,0
France,Female,30,445,0.0,2,1,0,Low Risk,Normal Monitoring,0
France,Male,36,746,142400.77,1,1,1,Low Risk,Normal Monitoring,0
France,Female,47,722,88011.4,1,1,1,Low Risk,Normal Monitoring,1
France,Male,36,596,0.0,2,1,0,Low Risk,Normal Monitoring,0
Germany,Female,30,850,154870.28,1,1,3,Medium Risk,Contact Customer,0
Spain,Female,46,597,0.0,2,0,3,Medium Risk,Contact Customer,1
Spain,Male,43,436,0.0,2,1,0,Low Risk,Normal Monitoring,0
Germany,Male,28,660,118402.25,2,0,5,High Risk,Immediate Follow-up,0
France,Male,37,649,87374.88,2,1,0,Low Risk,Normal Monitoring,0
Germany,Male,32,646,105397.8,1,0,5,High Risk,Immediate Follow-up,1
Spain,Female,31,560,125341.69,1,0,3,Medium Risk,Contact Customer,0
Germany,Male,49,710,129164.88,1,1,4,Medium Risk,Contact Customer,0
France,Male,40,513,141004.46,1,0,3,Medium Risk,Contact Customer,0
France,Female,21,607,0.0,2,0,2,Low Risk,Normal Monitoring,0
France,Male,57,757,89079.41,1,1,1,Low Risk,Normal Monitoring,1
Germany,Male,40,619,103604.31,2,0,5,High Risk,Immediate Follow-up,0
France,Male,24,612,182705.05,1,1,1,Low Risk,Normal Monitoring,0
France,Male,29,842,0.0,2,1,0,Low Risk,Normal Monitoring,0
France,Male,33,713,94598.48,1,0,3,Medium Risk,Contact Customer,1
Spain,Male,36,657,188241.05,2,0,3,Medium Risk,Contact Customer,1
France,Female,37,770,0.0,2,0,2,Low Risk,Normal Monitoring,0
France,Female,40,773,0.0,2,1,0,Low Risk,Normal Monitoring,0
Germany,Male,39,470,117469.91,2,0,5,High Risk,Immediate Follow-up,0
Spain,Male,35,781,80790.74,1,0,2,Low Risk,Normal Monitoring,0
France,Female,62,428,107735.93,1,1,2,Low Risk,Normal Monitoring,0
Germany,Male,43,600,133379.41,1,0,5,High Risk,Immediate Follow-up,1
Spain,Female,37,697,168066.87,1,0,3,Medium Risk,Contact Customer,0
Germany,Female,43,692,69014.49,2,0,4,Medium Risk,Contact Customer,0
France,Male,28,791,0.0,1,0,2,Low Risk,Normal Monitoring,0
Germany,Female,42,538,98548.62,2,1,3,Medium Risk,Contact Customer,0
France,Female,49,820,0.0,2,1,1,Low Risk,Normal Monitoring,0
Spain,Female,26,679,76554.06,1,1,0,Low Risk,Normal Monitoring,0
France,Female,36,649,0.0,2,1,0,Low Risk,Normal Monitoring,0
France,Female,27,632,107375.82,1,1,1,Low Risk,Normal Monitoring,0
France,Male,40,594,122417.17,2,1,1,Low Risk,Normal Monitoring,0
France,Female,42,682,0.0,1,1,0,Low Risk,Normal Monitoring,1
Spain,Male,33,720,97188.62,1,0,3,Medium Risk,Contact Customer,0
France,Male,31,769,61297.05,2,1,0,Low Risk,Normal Monitoring,0
Spain,Male,30,746,112666.67,1,0,3,Medium Risk,Contact Customer,1
Spain,Female,40,623,0.0,1,1,0,Low Risk,Normal Monitoring,0
France,Male,28,537,157842.07,1,0,3,Medium Risk,Contact Customer,0
France,Male,46,468,91443.75,1,0,4,Medium Risk,Contact Customer,0
Germany,Female,30,588,110148.49,1,0,5,High Risk,Immediate Follow-up,1
Spain,Female,34,729,53299.96,2,1,0,Low Risk,Normal Monitoring,0
Spain,Male,37,543,0.0,2,1,0,Low Risk,Normal Monitoring,0
Spain,Male,39,499,0.0,2,1,0,Low Risk,Normal Monitoring,0
Germany,Male,28,784,70233.74,2,1,2,Low Risk,Normal Monitoring,0
France,Male,33,604,0.0,1,0,2,Low Risk,Normal Monitoring,1
Spain,Female,25,614,75212.28,1,0,2,Low Risk,Normal Monitoring,0
France,Female,31,671,41299.03,1,1,0,Low Risk,Normal Monitoring,0
Spain,Female,35,587,83286.56,1,0,2,Low Risk,Normal Monitoring,0
Spain,Male,43,593,0.0,2,0,2,Low Risk,Normal Monitoring,0
France,Male,29,453,0.0,1,0,2,Low Risk,Normal Monitoring,1
Germany,Male,35,570,85668.59,1,0,4,Medium Risk,Contact Customer,0
France,Female,45,655,57327.04,1,1,1,Low Risk,Normal Monitoring,0
Spain,Male,47,632,0.0,2,0,3,Medium Risk,Contact Customer,0
France,Female,37,681,69609.85,1,1,0,Low Risk,Normal Monitoring,0
Germany,Male,46,591,129269.27,1,0,6,High Risk,Immediate Follow-up,0
France,Male,27,779,0.0,2,1,0,Low Risk,Normal Monitoring,0
France,Female,63,456,165350.61,2,0,4,Medium Risk,Contact Customer,1
France,Female,41,686,152105.57,2,1,1,Low Risk,Normal Monitoring,0
France,Male,74,617,0.0,2,1,1,Low Risk,Normal Monitoring,0
France,Female,32,850,106290.64,1,0,3,Medium Risk,Contact Customer,0
Germany,Female,30,646,100548.67,2,0,5,High Risk,Immediate Follow-up,0
Germany,Male,46,735,106344.95,1,0,6,High Risk,Immediate Follow-up,1
France,Male,35,543,137482.19,1,0,3,Medium Risk,Contact Customer,0
France,Female,37,490,116465.53,1,1,1,Low Risk,Normal Monitoring,0
France,Male,45,640,0.0,1,1,1,Low Risk,Normal Monitoring,0
Spain,Male,45,445,0.0,2,1,1,Low Risk,Normal Monitoring,0
France,Male,36,761,127637.92,1,1,1,Low Risk,Normal Monitoring,0
France,Female,34,426,0.0,2,1,0,Low Risk,Normal Monitoring,0
France,Male,37,777,0.0,1,1,0,Low Risk,Normal Monitoring,0
France,Male,35,534,81951.74,2,0,2,Low Risk,Normal Monitoring,0
France,Female,42,777,147531.82,1,1,1,Low Risk,Normal Monitoring,0
Spain,Male,18,806,0.0,2,1,0,Low Risk,Normal Monitoring,0
France,Female,33,790,135120.72,1,0,3,Medium Risk,Contact Customer,0
Spain,Female,32,643,0.0,1,0,2,Low Risk,Normal Monitoring,0
Spain,Female,37,584,0.0,2,1,0,Low Risk,Normal Monitoring,0
France,Female,34,638,0.0,2,1,0,Low Risk,Normal Monitoring,0
Spain,Male,18,771,0.0,2,0,2,Low Risk,Normal Monitoring,0
France,Female,39,600,0.0,2,0,2,Low Risk,Normal Monitoring,0
Spain,Female,41,661,28082.95,1,0,2,Low Risk,Normal Monitoring,1
France,Female,43,554,0.0,2,0,2,Low Risk,Normal Monitoring,1
Spain,Male,49,627,111087.5,1,1,2,Low Risk,Normal Monitoring,0
France,Female,38,659,0.0,2,1,0,Low Risk,Normal Monitoring,0
France,Male,35,835,127120.07,1,0,3,Medium Risk,Contact Customer,0
France,Female,35,763,115651.6,2,1,1,Low Risk,Normal Monitoring,0
Germany,Male,31,625,77743.01,2,0,4,Medium Risk,Contact Customer,0
France,Female,30,799,0.0,2,0,2,Low Risk,Normal Monitoring,0
France,Male,69,849,71996.09,1,1,1,Low Risk,Normal Monitoring,0
France,Male,28,692,61581.97,1,1,0,Low Risk,Normal Monitoring,0
France,Female,24,623,0.0,2,0,2,Low Risk,Normal Monitoring,0
Spain,Female,42,453,0.0,3,0,5,High Risk,Immediate Follow-up,1
France,Female,84,408,87873.39,1,0,3,Medium Risk,Contact Customer,1
Germany,Female,37,778,105617.73,2,1,3,Medium Risk,Contact Customer,1
France,Female,42,695,0.0,1,1,0,Low Risk,Normal Monitoring,1
Germany,Female,44,677,148770.61,2,1,3,Medium Risk,Contact Customer,0
Spain,Male,37,662,94901.09,1,1,1,Low Risk,Normal Monitoring,0
France,Male,29,534,174851.9,1,1,1,Low Risk,Normal Monitoring,0
France,Male,59,602,0.0,2,1,1,Low Risk,Normal Monitoring,0
Germany,Female,43,554,120847.11,1,0,5,High Risk,Immediate Follow-up,1
France,Male,42,667,0.0,1,0,2,Low Risk,Normal Monitoring,0
France,Male,43,672,0.0,1,0,2,Low Risk,Normal Monitoring,0
Spain,Female,67,838,103267.8,1,1,2,Low Risk,Normal Monitoring,0
Spain,Female,34,692,109699.08,1,1,1,Low Risk,Normal Monitoring,0
France,Male,49,675,135133.39,1,1,2,Low Risk,Normal Monitoring,1
Spain,Male,33,731,0.0,1,0,2,Low Risk,Normal Monitoring,0
France,Female,32,468,137649.47,1,0,3,Medium Risk,Contact Customer,0
Spain,Male,43,542,113567.94,1,0,3,Medium Risk,Contact Customer,0
Spain,Female,35,662,0.0,2,0,2,Low Risk,Normal Monitoring,1
Germany,Male,37,770,141547.26,2,1,3,Medium Risk,Contact Customer,0
France,Female,61,675,62055.17,3,0,6,High Risk,Immediate Follow-up,1
Germany,Male,51,647,131156.76,1,0,6,High Risk,Immediate Follow-up,0
France,Male,31,604,134837.58,1,0,3,Medium Risk,Contact Customer,0
France,Female,39,833,0.0,2,0,2,Low Risk,Normal Monitoring,0
Spain,Male,40,741,104784.23,1,0,3,Medium Risk,Contact Customer,1
Spain,Male,36,658,0.0,2,1,0,Low Risk,Normal Monitoring,0
France,Female,36,528,156948.41,1,1,1,Low Risk,Normal Monitoring,1
France,Female,60,590,147751.75,1,0,4,Medium Risk,Contact Customer,1
France,Male,34,675,124619.33,2,1,1,Low Risk,Normal Monitoring,0
France,Male,41,765,124182.21,1,0,3,Medium Risk,Contact Customer,0
France,Female,64,650,142028.36,1,0,4,Medium Risk,Contact Customer,1
France,Male,44,817,0.0,1,0,2,Low Risk,Normal Monitoring,1
Germany,Female,31,699,125837.86,2,0,5,High Risk,Immediate Follow-up,0
Germany,Female,34,495,117160.32,1,1,3,Medium Risk,Contact Customer,1
Spain,Female,61,491,0.0,2,1,1,Low Risk,Normal Monitoring,0
France,Male,51,847,97565.74,1,0,4,Medium Risk,Contact Customer,1
Spain,Female,30,676,0.0,2,1,0,Low Risk,Normal Monitoring,0
Spain,Female,25,746,104833.79,1,0,3,Medium Risk,Contact Customer,0
Spain,Female,31,470,101675.22,2,0,3,Medium Risk,Contact Customer,0
Spain,Male,20,714,0.0,2,1,0,Low Risk,Normal Monitoring,0
France,Female,50,695,0.0,1,0,3,Medium Risk,Contact Customer,1
France,Male,46,674,174701.05,1,0,4,Medium Risk,Contact Customer,1
Germany,Male,36,664,71142.77,2,0,4,Medium Risk,Contact Customer,0
Germany,Male,31,697,108805.42,2,1,3,Medium Risk,Contact Customer,0
France,Male,68,670,0.0,2,1,1,Low Risk,Normal Monitoring,0
France,Female,32,541,0.0,1,1,0,Low Risk,Normal Monitoring,0
France,Female,66,640,116037.76,1,1,2,Low Risk,Normal Monitoring,0
France,Male,28,647,0.0,2,1,0,Low Risk,Normal Monitoring,0
France,Male,23,757,80673.96,2,0,2,Low Risk,Normal Monitoring,0
Germany,Female,39,704,124640.51,1,0,5,High Risk,Immediate Follow-up,1
Germany,Male,31,778,182275.23,2,0,5,High Risk,Immediate Follow-up,0
Germany,Female,41,639,98635.77,1,0,5,High Risk,Immediate Follow-up,0
France,Male,33,637,0.0,2,0,2,Low Risk,Normal Monitoring,0
France,Male,35,686,0.0,1,0,2,Low Risk,Normal Monitoring,0
Spain,Male,43,577,79757.21,1,0,2,Low Risk,Normal Monitoring,1
Germany,Male,28,506,53053.76,1,1,2,Low Risk,Normal Monitoring,0
France,Male,28,757,120911.75,2,1,1,Low Risk,Normal Monitoring,0
France,Male,55,826,115285.85,1,0,4,Medium Risk,Contact Customer,0
France,Male,41,721,0.0,2,0,2,Low Risk,Normal Monitoring,0
Spain,Male,40,489,221532.8,1,0,3,Medium Risk,Contact Customer,0
France,Female,51,446,105056.13,1,0,4,Medium Risk,Contact Customer,0
France,Male,37,677,88363.03,1,1,0,Low Risk,Normal Monitoring,0
France,Male,29,769,123757.52,2,0,3,Medium Risk,Contact Customer,0
Spain,Male,56,677,123959.97,1,1,2,Low Risk,Normal Monitoring,1
Germany,Female,62,555,114822.64,1,1,4,Medium Risk,Contact Customer,0
Germany,Female,37,652,145219.3,1,0,5,High Risk,Immediate Follow-up,0
Germany,Female,32,722,106807.64,1,1,3,Medium Risk,Contact Customer,0
France,Male,36,643,148159.71,1,0,3,Medium Risk,Contact Customer,0
Germany,Female,40,796,99745.95,1,0,5,High Risk,Immediate Follow-up,0
Germany,Female,37,720,156282.79,1,0,5,High Risk,Immediate Follow-up,0
France,Male,41,613,0.0,2,0,2,Low Risk,Normal Monitoring,0
France,Female,57,506,0.0,2,1,1,Low Risk,Normal Monitoring,1
France,Male,50,608,0.0,1,0,3,Medium Risk,Contact Customer,1
Spain,Male,77,667,0.0,1,1,1,Low Risk,Normal Monitoring,0
France,Female,47,750,121376.15,2,0,4,Medium Risk,Contact Customer,1
France,Male,33,610,111582.11,1,0,3,Medium Risk,Contact Customer,0
Germany,Female,34,588,129417.82,1,0,5,High Risk,Immediate Follow-up,0
France,Female,26,479,0.0,2,1,0,Low Risk,Normal Monitoring,0
France,Male,37,682,0.0,2,1,0,Low Risk,Normal Monitoring,0
France,Female,36,677,0.0,1,0,2,Low Risk,Normal Monitoring,0
Germany,Male,40,850,94607.08,1,0,5,High Risk,Immediate Follow-up,0
France,Female,56,580,131368.3,1,0,4,Medium Risk,Contact Customer,1
France,Female,21,746,166883.07,2,1,1,Low Risk,Normal Monitoring,0
Spain,Female,37,635,0.0,2,0,2,Low Risk,Normal Monitoring,0
Germany,Male,25,664,172812.72,2,1,3,Medium Risk,Contact Customer,0
Germany,Female,36,558,126606.63,2,1,3,Medium Risk,Contact Customer,0
France,Male,46,415,134950.19,3,0,7,High Risk,Immediate Follow-up,1
France,Female,60,798,96956.1,1,0,4,Medium Risk,Contact Customer,1
Germany,Female,29,792,107601.79,1,0,5,High Risk,Immediate Follow-up,1
Germany,Female,46,489,92060.06,1,0,6,High Risk,Immediate Follow-up,1
France,Male,33,730,0.0,2,0,2,Low Risk,Normal Monitoring,0
France,Male,41,773,0.0,2,1,0,Low Risk,Normal Monitoring,0
France,Male,36,711,137688.71,1,1,1,Low Risk,Normal Monitoring,0
Spain,Male,55,592,85845.43,2,1,1,Low Risk,Normal Monitoring,0
Germany,Male,27,695,125552.96,1,0,5,High Risk,Immediate Follow-up,0
France,Female,33,640,167298.42,1,1,1,Low Risk,Normal Monitoring,0
Spain,Male,31,470,55732.92,2,1,0,Low Risk,Normal Monitoring,0
Germany,Female,37,789,110689.07,1,1,3,Medium Risk,Contact Customer,1
Spain,Female,39,604,98544.11,1,1,1,Low Risk,Normal Monitoring,0
Germany,Female,35,493,178317.6,1,0,5,High Risk,Immediate Follow-up,0
France,Female,48,671,115713.84,2,0,4,Medium Risk,Contact Customer,0
France,Male,46,656,143267.14,2,0,4,Medium Risk,Contact Customer,0
Spain,Male,19,739,89750.21,1,0,2,Low Risk,Normal Monitoring,0
Spain,Female,26,560,116576.45,1,0,3,Medium Risk,Contact Customer,0
Germany,Female,47,827,143001.5,2,0,6,High Risk,Immediate Follow-up,0
France,Male,23,681,157761.56,1,0,3,Medium Risk,Contact Customer,0
France,Female,37,740,0.0,2,1,0,Low Risk,Normal Monitoring,0
Spain,Male,31,663,103430.11,2,1,1,Low Risk,Normal Monitoring,0
Spain,Female,52,845,0.0,1,0,3,Medium Risk,Contact Customer,1
Spain,Male,27,555,0.0,2,0,2,Low Risk,Normal Monitoring,0
Germany,Female,48,680,115115.38,1,0,6,High Risk,Immediate Follow-up,1
Germany,Female,39,638,122501.28,2,1,3,Medium Risk,Contact Customer,0
Spain,Male,62,640,0.0,1,1,1,Low Risk,Normal Monitoring,0
France,Male,42,778,0.0,2,1,0,Low Risk,Normal Monitoring,0
France,Male,45,679,146758.24,1,0,4,Medium Risk,Contact Customer,0
France,Female,32,593,0.0,2,1,0,Low Risk,Normal Monitoring,0
France,Male,55,788,0.0,1,1,1,Low Risk,Normal Monitoring,1
France,Female,70,770,110738.89,1,0,4,Medium Risk,Contact Customer,1
France,Male,67,729,94203.8,1,1,2,Low Risk,Normal Monitoring,0
France,Male,47,545,105792.49,1,1,2,Low Risk,Normal Monitoring,1
France,Male,41,597,153198.23,1,1,1,Low Risk,Normal Monitoring,0
France,Male,38,537,0.0,2,0,2,Low Risk,Normal Monitoring,0
France,Male,79,732,61811.23,1,1,1,Low Risk,Normal Monitoring,0
France,Male,34,542,101116.06,1,0,3,Medium Risk,Contact Customer,0
Germany,Female,46,688,74458.25,1,1,3,Medium Risk,Contact Customer,0
Germany,Male,33,542,142871.27,2,0,5,High Risk,Immediate Follow-up,0
Germany,Male,35,754,98585.94,2,1,3,Medium Risk,Contact Customer,0
France,Female,37,750,0.0,1,1,0,Low Risk,Normal Monitoring,1
France,Male,30,731,0.0,2,1,0,Low Risk,Normal Monitoring,0
France,Female,43,699,80764.03,1,0,2,Low Risk,Normal Monitoring,1
France,Female,42,534,144801.97,1,1,1,Low Risk,Normal Monitoring,1
Spain,Male,27,494,0.0,2,0,2,Low Risk,Normal Monitoring,0
Germany,Male,35,497,110053.62,2,1,3,Medium Risk,Contact Customer,0
France,Female,28,632,118890.81,1,1,1,Low Risk,Normal Monitoring,0
France,Male,31,724,0.0,1,0,2,Low Risk,Normal Monitoring,1
Germany,Female,37,751,151218.98,1,1,3,Medium Risk,Contact Customer,0
France,Male,42,733,150507.21,1,1,1,Low Risk,Normal Monitoring,0
Spain,Female,21,701,0.0,2,1,0,Low Risk,Normal Monitoring,0
Germany,Male,33,525,131023.76,2,0,5,High Risk,Immediate Follow-up,0
Germany,Female,44,666,122314.5,1,0,5,High Risk,Immediate Follow-up,1
France,Male,29,653,0.0,2,1,0,Low Risk,Normal Monitoring,0
France,Male,28,850,0.0,2,1,0,Low Risk,Normal Monitoring,0
Germany,Female,52,646,111739.4,2,1,4,Medium Risk,Contact Customer,0
France,Male,43,750,113882.31,1,1,1,Low Risk,Normal Monitoring,0
France,Male,24,764,98148.61,1,0,3,Medium Risk,Contact Customer,0
France,Female,32,658,0.0,2,0,2,Low Risk,Normal Monitoring,0
France,Male,32,727,59271.82,1,1,0,Low Risk,Normal Monitoring,0
France,Female,31,687,0.0,2,1,0,Low Risk,Normal Monitoring,0
Spain,Male,33,631,0.0,2,1,0,Low Risk,Normal Monitoring,0
France,Male,30,797,69413.44,1,1,0,Low Risk,Normal Monitoring,0
Spain,Male,25,650,160599.06,2,1,1,Low Risk,Normal Monitoring,0
Spain,Male,22,850,0.0,1,1,0,Low Risk,Normal Monitoring,0
France,Female,40,676,147803.48,1,0,3,Medium Risk,Contact Customer,1
Spain,Male,44,620,0.0,2,1,0,Low Risk,Normal Monitoring,0
France,Female,52,576,170228.59,2,0,4,Medium Risk,Contact Customer,1
France,Female,35,482,133111.73,1,1,1,Low Risk,Normal Monitoring,0
Spain,Female,39,695,0.0,2,0,2,Low Risk,Normal Monitoring,0
France,Male,18,706,176139.5,2,0,3,Medium Risk,Contact Customer,0
France,Female,32,668,0.0,2,1,0,Low Risk,Normal Monitoring,0
Germany,Male,35,679,110245.13,1,1,3,Medium Risk,Contact Customer,0
France,Female,45,703,0.0,2,0,3,Medium Risk,Contact Customer,0
Spain,Male,67,670,158719.57,1,1,2,Low Risk,Normal Monitoring,0
France,Female,76,590,160979.68,1,1,2,Low Risk,Normal Monitoring,0
Spain,Male,35,613,123557.65,2,1,1,Low Risk,Normal Monitoring,0
France,Female,60,742,0.0,1,1,1,Low Risk,Normal Monitoring,1
France,Female,33,608,0.0,1,0,2,Low Risk,Normal Monitoring,1
France,Male,40,571,112896.86,1,1,1,Low Risk,Normal Monitoring,0
France,Female,39,595,120962.13,1,0,3,Medium Risk,Contact Customer,0
Germany,Male,48,745,96048.55,1,0,6,High Risk,Immediate Follow-up,0
France,Female,21,589,0.0,2,1,0,Low Risk,Normal Monitoring,0
France,Male,37,749,185063.7,2,1,1,Low Risk,Normal Monitoring,0
France,Female,22,678,118064.93,2,1,1,Low Risk,Normal Monitoring,0
France,Male,46,603,0.0,2,1,1,Low Risk,Normal Monitoring,0
France,Female,73,504,0.0,1,1,1,Low Risk,Normal Monitoring,0
Germany,Male,40,739,149131.03,3,1,6,High Risk,Immediate Follow-up,1
France,Female,34,604,0.0,2,0,2,Low Risk,Normal Monitoring,0
France,Female,35,612,0.0,1,1,0,Low Risk,Normal Monitoring,0
Spain,Female,44,629,125512.98,2,0,3,Medium Risk,Contact Customer,0
Spain,Female,42,652,83492.07,2,0,2,Low Risk,Normal Monitoring,0
France,Male,34,565,0.0,1,0,2,Low Risk,Normal Monitoring,0
France,Female,49,707,0.0,1,0,3,Medium Risk,Contact Customer,1
France,Male,30,645,125739.26,1,1,1,Low Risk,Normal Monitoring,0
Germany,Female,34,762,98592.88,1,1,3,Medium Risk,Contact Customer,1
Spain,Female,39,639,141789.15,1,0,3,Medium Risk,Contact Customer,0
Germany,Male,22,709,112949.71,1,0,5,High Risk,Immediate Follow-up,0
France,Male,34,823,105057.33,1,0,3,Medium Risk,Contact Customer,0
Germany,Female,46,817,89087.89,1,1,3,Medium Risk,Contact Customer,1
Germany,Female,27,665,147435.96,1,0,5,High Risk,Immediate Follow-up,0
Germany,Male,39,646,154439.86,1,0,5,High Risk,Immediate Follow-up,0
France,Male,30,568,73054.37,2,1,0,Low Risk,Normal Monitoring,0
France,Female,62,850,124678.35,1,0,4,Medium Risk,Contact Customer,1
Germany,Male,40,473,152576.25,2,0,5,High Risk,Immediate Follow-up,0
France,Female,41,731,152243.57,1,1,1,Low Risk,Normal Monitoring,0
France,Male,25,619,0.0,1,0,2,Low Risk,Normal Monitoring,0
Germany,Male,42,715,88120.97,2,1,2,Low Risk,Normal Monitoring,0
Germany,Female,51,772,143930.92,1,1,4,Medium Risk,Contact Customer,1
France,Female,31,686,0.0,2,0,2,Low Risk,Normal Monitoring,0
Germany,Female,29,749,137059.05,3,0,8,High Risk,Immediate Follow-up,1
France,Female,27,781,186558.55,1,1,1,Low Risk,Normal Monitoring,1
Spain,Male,66,675,115654.47,2,1,2,Low Risk,Normal Monitoring,0
Spain,Male,29,730,0.0,2,0,2,Low Risk,Normal Monitoring,0
Spain,Male,38,683,126152.84,1,0,3,Medium Risk,Contact Customer,0
Germany,Female,51,554,105701.91,1,1,4,Medium Risk,Contact Customer,1
France,Male,46,722,0.0,1,1,1,Low Risk,Normal Monitoring,1
Germany,Male,67,689,157094.78,1,1,4,Medium Risk,Contact Customer,0
Germany,Male,40,796,113228.38,2,1,3,Medium Risk,Contact Customer,0
France,Female,32,447,0.0,1,1,0,Low Risk,Normal Monitoring,0
Germany,Male,37,498,108432.88,2,1,3,Medium Risk,Contact Customer,0
Spain,Male,27,663,0.0,1,1,0,Low Risk,Normal Monitoring,0
Germany,Female,44,498,120702.67,2,1,3,Medium Risk,Contact Customer,0
France,Female,32,627,0.0,1,0,2,Low Risk,Normal Monitoring,0
France,Male,45,649,0.0,2,1,1,Low Risk,Normal Monitoring,0
Germany,Female,29,738,139106.19,1,0,5,High Risk,Immediate Follow-up,1
Germany,Female,39,587,101851.8,2,0,5,High Risk,Immediate Follow-up,0
Germany,Female,32,655,130935.56,1,0,5,High Risk,Immediate Follow-up,1
Germany,Male,37,647,116509.99,1,1,3,Medium Risk,Contact Customer,1
Germany,Female,37,776,93124.04,2,1,3,Medium Risk,Contact Customer,0
Germany,Male,35,688,111578.18,1,0,5,High Risk,Immediate Follow-up,1
France,Male,32,605,0.0,2,1,0,Low Risk,Normal Monitoring,0
France,Female,39,596,86546.29,1,1,0,Low Risk,Normal Monitoring,0
France,Male,33,427,0.0,1,1,0,Low Risk,Normal Monitoring,0
France,Male,39,629,129669.32,2,0,3,Medium Risk,Contact Customer,0
Spain,Male,29,496,0.0,2,0,2,Low Risk,Normal Monitoring,0
Spain,Female,36,717,164557.95,1,1,1,Low Risk,Normal Monitoring,0
France,Male,23,777,0.0,2,1,0,Low Risk,Normal Monitoring,0
Spain,Male,35,535,118989.92,1,1,1,Low Risk,Normal Monitoring,0
France,Male,29,744,0.0,1,0,2,Low Risk,Normal Monitoring,0
France,Male,31,755,0.0,2,1,0,Low Risk,Normal Monitoring,0
Spain,Female,45,593,79259.75,1,0,3,Medium Risk,Contact Customer,0
France,Male,38,514,112230.38,1,0,3,Medium Risk,Contact Customer,1
France,Male,40,721,118129.87,1,1,1,Low Risk,Normal Monitoring,0
Spain,Male,38,835,86824.09,1,0,2,Low Risk,Normal Monitoring,0
France,Female,64,682,128306.7,1,1,2,Low Risk,Normal Monitoring,0
Germany,Female,40,590,117641.43,2,0,5,High Risk,Immediate Follow-up,0
Germany,Female,37,653,125734.2,2,0,5,High Risk,Immediate Follow-up,1
France,Male,49,837,103302.37,1,1,2,Low Risk,Normal Monitoring,0
France,Male,27,841,0.0,1,0,2,Low Risk,Normal Monitoring,0
Spain,Male,36,584,82696.09,2,0,2,Low Risk,Normal Monitoring,0
France,Male,29,769,145471.37,1,0,3,Medium Risk,Contact Customer,0
Spain,Male,34,599,101506.66,1,0,3,Medium Risk,Contact Customer,0
France,Male,47,698,156265.31,2,0,4,Medium Risk,Contact Customer,0
France,Male,27,477,128554.98,1,1,1,Low Risk,Normal Monitoring,0
Germany,Male,34,477,139959.55,2,1,3,Medium Risk,Contact Customer,0
Spain,Male,34,745,132944.53,1,1,1,Low Risk,Normal Monitoring,0
France,Female,35,749,0.0,3,1,3,Medium Risk,Contact Customer,0
France,Male,61,850,0.0,1,0,3,Medium Risk,Contact Customer,1
Germany,Male,22,528,93547.23,2,1,3,Medium Risk,Contact Customer,0
France,Male,33,750,152302.72,1,0,3,Medium Risk,Contact Customer,0
France,Female,31,543,147674.26,1,1,1,Low Risk,Normal Monitoring,0
Spain,Female,59,579,148021.12,1,1,2,Low Risk,Normal Monitoring,0
France,Male,37,624,0.0,2,0,2,Low Risk,Normal Monitoring,0
Germany,Male,46,595,142360.62,2,0,6,High Risk,Immediate Follow-up,1
Germany,Female,27,596,151027.56,1,0,5,High Risk,Immediate Follow-up,0
Germany,Female,44,431,138843.7,1,0,5,High Risk,Immediate Follow-up,1
Spain,Female,26,647,109958.15,1,1,1,Low Risk,Normal Monitoring,1
France,Female,31,640,138857.59,1,0,3,Medium Risk,Contact Customer,0
Germany,Female,45,752,105426.5,2,1,4,Medium Risk,Contact Customer,0
Germany,Female,41,710,149155.53,2,0,5,High Risk,Immediate Follow-up,1
Germany,Male,27,638,135096.05,1,1,3,Medium Risk,Contact Customer,1
Germany,Male,28,660,170890.05,2,0,5,High Risk,Immediate Follow-up,0
Spain,Female,45,609,89122.3,1,1,1,Low Risk,Normal Monitoring,0
Spain,Female,54,596,78126.28,1,1,1,Low Risk,Normal Monitoring,1
France,Female,38,705,123894.43,1,0,3,Medium Risk,Contact Customer,0
France,Male,36,444,0.0,2,1,0,Low Risk,Normal Monitoring,0
Germany,Male,58,727,106913.43,1,0,6,High Risk,Immediate Follow-up,1
France,Male,32,496,127845.83,1,0,3,Medium Risk,Contact Customer,0
France,Female,22,554,0.0,2,1,0,Low Risk,Normal Monitoring,0
France,Male,26,537,106397.75,1,0,3,Medium Risk,Contact Customer,0
France,Female,51,839,0.0,1,1,1,Low Risk,Normal Monitoring,1
Spain,Female,43,700,0.0,2,0,2,Low Risk,Normal Monitoring,0
Spain,Female,35,458,166492.48,1,0,3,Medium Risk,Contact Customer,0
France,Female,28,850,0.0,2,1,0,Low Risk,Normal Monitoring,0
Spain,Male,31,699,114493.68,1,0,3,Medium Risk,Contact Customer,0
Germany,Female,44,615,126104.98,2,1,3,Medium Risk,Contact Customer,0
Germany,Male,51,850,124425.99,1,0,6,High Risk,Immediate Follow-up,1
France,Female,40,604,0.0,2,0,2,Low Risk,Normal Monitoring,0
Spain,Male,34,668,0.0,1,0,2,Low Risk,Normal Monitoring,0
Spain,Female,38,594,0.0,2,0,2,Low Risk,Normal Monitoring,0
France,Male,30,470,101140.76,1,1,1,Low Risk,Normal Monitoring,0
Germany,Male,41,701,150844.94,1,1,3,Medium Risk,Contact Customer,0
Spain,Male,35,664,115024.5,1,1,1,Low Risk,Normal Monitoring,0
France,Female,30,477,131286.46,1,0,3,Medium Risk,Contact Customer,0
France,Female,42,756,0.0,2,0,2,Low Risk,Normal Monitoring,0
France,Female,40,625,141267.67,1,1,1,Low Risk,Normal Monitoring,0
Spain,Male,73,703,137761.55,1,1,2,Low Risk,Normal Monitoring,0
France,Male,30,646,0.0,2,0,2,Low Risk,Normal Monitoring,0
France,Male,33,650,98064.97,1,0,3,Medium Risk,Contact Customer,0
France,Female,31,664,114519.57,2,1,1,Low Risk,Normal Monitoring,0
Germany,Female,29,682,101012.77,1,0,5,High Risk,Immediate Follow-up,1
France,Female,44,725,0.0,1,1,0,Low Risk,Normal Monitoring,0
Germany,Male,46,553,82291.1,1,0,5,High Risk,Immediate Follow-up,1
France,Male,39,576,84719.98,1,0,2,Low Risk,Normal Monitoring,0
Spain,Female,56,608,0.0,2,1,1,Low Risk,Normal Monitoring,0
France,Female,39,850,104386.53,1,0,3,Medium Risk,Contact Customer,0
France,Male,31,627,128131.73,1,0,3,Medium Risk,Contact Customer,0
France,Male,44,667,122806.95,1,0,3,Medium Risk,Contact Customer,0
Spain,Male,44,548,0.0,1,0,2,Low Risk,Normal Monitoring,0
France,Male,76,774,112510.89,1,1,2,Low Risk,Normal Monitoring,0
Germany,Male,57,794,117056.46,1,0,6,High Risk,Immediate Follow-up,1
Germany,Female,55,497,131778.66,1,1,4,Medium Risk,Contact Customer,0
France,Female,36,587,70784.27,1,0,2,Low Risk,Normal Monitoring,0
France,Female,29,850,0.0,2,1,0,Low Risk,Normal Monitoring,0
France,Male,46,722,0.0,2,0,3,Medium Risk,Contact Customer,0
Spain,Female,35,555,0.0,2,0,2,Low Risk,Normal Monitoring,0
Germany,Male,38,609,140752.06,2,1,3,Medium Risk,Contact Customer,0
Spain,Female,39,734,92126.26,2,0,3,Medium Risk,Contact Customer,0
Germany,Female,39,718,93148.74,2,1,3,Medium Risk,Contact Customer,0
Spain,Female,49,645,110132.55,3,1,5,High Risk,Immediate Follow-up,1
Spain,Female,23,598,0.0,2,0,2,Low Risk,Normal Monitoring,0
Germany,Male,50,628,122227.71,1,1,4,Medium Risk,Contact Customer,1
Germany,Male,40,629,121647.54,2,1,3,Medium Risk,Contact Customer,1
Germany,Male,58,739,110597.76,1,1,4,Medium Risk,Contact Customer,1
France,Female,60,653,120731.39,4,1,5,High Risk,Immediate Follow-up,1
France,Male,28,711,0.0,2,1,0,Low Risk,Normal Monitoring,0
Spain,Male,38,783,0.0,3,1,3,Medium Risk,Contact Customer,1
France,Male,38,681,153722.47,1,0,3,Medium Risk,Contact Customer,0
France,Male,34,712,114088.32,1,0,3,Medium Risk,Contact Customer,0
France,Female,48,554,0.0,2,1,1,Low Risk,Normal Monitoring,0
France,Female,37,611,0.0,2,0,2,Low Risk,Normal Monitoring,0
Germany,Male,41,560,152532.3,1,0,5,High Risk,Immediate Follow-up,0
Spain,Male,32,646,0.0,2,0,2,Low Risk,Normal Monitoring,0
France,Male,34,680,143292.95,1,0,3,Medium Risk,Contact Customer,0
France,Male,26,631,149144.61,1,1,1,Low Risk,Normal Monitoring,0
France,Male,36,746,127157.04,1,1,1,Low Risk,Normal Monitoring,0
Germany,Male,43,654,84673.17,2,1,2,Low Risk,Normal Monitoring,0
Germany,Male,33,687,135962.4,2,0,5,High Risk,Immediate Follow-up,0
Germany,Male,32,708,151691.44,2,1,3,Medium Risk,Contact Customer,0
Germany,Female,32,679,88335.05,1,0,4,Medium Risk,Contact Customer,0
France,Female,45,636,139859.23,1,1,2,Low Risk,Normal Monitoring,0
France,Male,45,695,43134.65,1,1,1,Low Risk,Normal Monitoring,0
France,Male,42,677,99580.13,1,0,3,Medium Risk,Contact Customer,0
France,Female,34,720,110717.38,1,1,1,Low Risk,Normal Monitoring,0
France,Female,37,780,0.0,2,0,2,Low Risk,Normal Monitoring,1
Spain,Female,36,653,0.0,2,0,2,Low Risk,Normal Monitoring,0
France,Female,28,674,0.0,1,0,2,Low Risk,Normal Monitoring,0
Germany,Male,40,620,108197.11,2,0,5,High Risk,Immediate Follow-up,0
France,Male,40,623,0.0,2,1,0,Low Risk,Normal Monitoring,0
France,Female,29,547,104450.86,1,1,1,Low Risk,Normal Monitoring,0
France,Male,39,530,0.0,2,0,2,Low Risk,Normal Monitoring,0
France,Female,34,746,0.0,1,1,0,Low Risk,Normal Monitoring,0
France,Female,31,512,0.0,2,0,2,Low Risk,Normal Monitoring,0
France,Male,40,630,0.0,2,1,0,Low Risk,Normal Monitoring,0
Spain,Male,21,570,116099.82,1,1,1,Low Risk,Normal Monitoring,0
France,Male,39,605,111169.91,1,0,3,Medium Risk,Contact Customer,0
Spain,Male,37,530,0.0,2,1,0,Low Risk,Normal Monitoring,0
Germany,Female,25,813,123616.43,1,1,3,Medium Risk,Contact Customer,0
Spain,Female,37,704,155619.58,1,1,1,Low Risk,Normal Monitoring,0
Germany,Male,31,565,89558.39,2,1,2,Low Risk,Normal Monitoring,0
Spain,Male,45,645,0.0,1,1,1,Low Risk,Normal Monitoring,1
Germany,Female,32,526,131938.92,2,1,3,Medium Risk,Contact Customer,0
France,Female,33,778,151772.63,2,0,3,Medium Risk,Contact Customer,1
France,Female,72,677,0.0,2,1,1,Low Risk,Normal Monitoring,0
France,Female,64,588,0.0,1,1,1,Low Risk,Normal Monitoring,0
France,Female,22,488,0.0,2,1,0,Low Risk,Normal Monitoring,0
France,Male,39,519,97700.02,1,1,1,Low Risk,Normal Monitoring,0
France,Male,31,709,0.0,2,1,0,Low Risk,Normal Monitoring,0
Germany,Female,56,642,103244.86,2,0,6,High Risk,Immediate Follow-up,1
Germany,Male,34,710,147833.3,2,1,3,Medium Risk,Contact Customer,0
France,Female,46,653,0.0,2,0,3,Medium Risk,Contact Customer,0
France,Male,71,743,0.0,2,1,1,Low Risk,Normal Monitoring,0
France,Female,39,418,0.0,2,0,2,Low Risk,Normal Monitoring,0
Germany,Female,33,670,84521.48,2,1,2,Low Risk,Normal Monitoring,0
Germany,Female,28,723,91938.31,1,0,5,High Risk,Immediate Follow-up,0
Germany,Male,45,549,124240.93,1,1,4,Medium Risk,Contact Customer,0
France,Female,42,543,0.0,2,0,2,Low Risk,Normal Monitoring,0
Spain,Male,37,595,157084.99,1,0,3,Medium Risk,Contact Customer,0
Germany,Female,25,673,108244.82,2,1,3,Medium Risk,Contact Customer,0
France,Female,21,741,0.0,2,1,0,Low Risk,Normal Monitoring,0
Germany,Female,41,508,82161.7,2,0,4,Medium Risk,Contact Customer,0
Germany,Male,59,662,104568.41,1,0,6,High Risk,Immediate Follow-up,1
France,Female,36,752,119912.46,1,0,3,Medium Risk,Contact Customer,0
France,Male,36,809,68881.59,2,1,0,Low Risk,Normal Monitoring,0
Spain,Male,30,575,0.0,2,1,0,Low Risk,Normal Monitoring,0
Spain,Female,40,591,86376.29,1,1,0,Low Risk,Normal Monitoring,1
Spain,Female,45,643,150840.03,2,0,4,Medium Risk,Contact Customer,0
Germany,Male,55,698,155059.1,2,1,4,Medium Risk,Contact Customer,0
France,Female,29,496,0.0,2,0,2,Low Risk,Normal Monitoring,0
France,Male,44,597,78128.13,2,1,0,Low Risk,Normal Monitoring,0
Germany,Male,46,603,98899.76,2,1,4,Medium Risk,Contact Customer,0
Spain,Male,37,655,0.0,1,1,0,Low Risk,Normal Monitoring,0
France,Male,63,431,160982.89,1,1,2,Low Risk,Normal Monitoring,0
France,Female,70,620,87926.24,2,0,3,Medium Risk,Contact Customer,1
France,Female,35,782,0.0,1,1,0,Low Risk,Normal Monitoring,0
Spain,Male,46,581,79385.21,2,0,3,Medium Risk,Contact Customer,0
Germany,Male,53,553,127997.83,1,0,6,High Risk,Immediate Follow-up,1
France,Male,44,658,168396.34,1,1,1,Low Risk,Normal Monitoring,0
Germany,Male,43,686,134896.03,1,1,3,Medium Risk,Contact Customer,0
Spain,Male,36,539,0.0,3,1,3,Medium Risk,Contact Customer,0
France,Female,50,685,94238.75,2,1,2,Low Risk,Normal Monitoring,1
France,Male,29,850,0.0,2,0,2,Low Risk,Normal Monitoring,0
Spain,Female,39,763,0.0,2,0,2,Low Risk,Normal Monitoring,0
Germany,Male,43,634,212696.32,1,0,5,High Risk,Immediate Follow-up,0
France,Male,59,567,0.0,2,0,3,Medium Risk,Contact Customer,1
France,Male,39,539,139153.68,2,0,3,Medium Risk,Contact Customer,0
France,Male,41,764,0.0,2,0,2,Low Risk,Normal Monitoring,0
France,Female,40,653,0.0,2,0,2,Low Risk,Normal Monitoring,0
Spain,Male,44,566,0.0,2,0,2,Low Risk,Normal Monitoring,0
Germany,Male,29,714,92887.13,1,1,3,Medium Risk,Contact Customer,0
Spain,Female,65,580,0.0,2,1,1,Low Risk,Normal Monitoring,0
France,Male,29,548,83442.98,1,1,0,Low Risk,Normal Monitoring,0
Germany,Female,36,646,144773.29,2,0,5,High Risk,Immediate Follow-up,0
Germany,Female,52,622,111973.97,1,1,4,Medium Risk,Contact Customer,1
France,Female,35,706,178032.53,1,1,1,Low Risk,Normal Monitoring,0
France,Male,23,680,140007.19,1,1,1,Low Risk,Normal Monitoring,0
France,Male,37,698,98400.61,2,0,3,Medium Risk,Contact Customer,0
Spain,Female,46,581,0.0,2,0,3,Medium Risk,Contact Customer,0
Germany,Male,45,728,108924.33,2,0,6,High Risk,Immediate Follow-up,1
Spain,Female,32,707,132835.56,1,0,3,Medium Risk,Contact Customer,0
France,Female,26,761,0.0,2,1,0,Low Risk,Normal Monitoring,0
Germany,Male,41,483,118334.44,1,0,5,High Risk,Immediate Follow-up,1
Germany,Female,25,736,81732.88,2,0,4,Medium Risk,Contact Customer,0
Germany,Male,66,716,121411.9,1,0,6,High Risk,Immediate Follow-up,1
France,Male,32,654,121455.65,1,0,3,Medium Risk,Contact Customer,1
Spain,Male,20,649,0.0,2,1,0,Low Risk,Normal Monitoring,0
France,Male,46,649,0.0,2,1,1,Low Risk,Normal Monitoring,0
France,Female,31,612,117989.76,1,1,1,Low Risk,Normal Monitoring,0
Spain,Male,40,657,0.0,2,1,0,Low Risk,Normal Monitoring,0
France,Female,31,511,137411.29,1,1,1,Low Risk,Normal Monitoring,0
France,Male,61,682,73688.2,1,1,1,Low Risk,Normal Monitoring,0
Spain,Male,58,748,122330.7,2,1,2,Low Risk,Normal Monitoring,0
Germany,Male,43,554,99906.89,1,0,5,High Risk,Immediate Follow-up,0
Spain,Female,28,794,0.0,2,1,0,Low Risk,Normal Monitoring,0
France,Female,47,807,167664.83,1,0,4,Medium Risk,Contact Customer,1
France,Female,34,594,141525.55,1,0,3,Medium Risk,Contact Customer,0
Spain,Female,33,652,124832.51,1,0,3,Medium Risk,Contact Customer,0
France,Female,34,729,132121.71,1,1,1,Low Risk,Normal Monitoring,0
France,Male,39,625,0.0,2,0,2,Low Risk,Normal Monitoring,0
Germany,Female,60,597,78539.84,1,1,3,Medium Risk,Contact Customer,0
Germany,Female,38,657,123770.46,1,0,5,High Risk,Immediate Follow-up,1
France,Male,43,633,0.0,2,1,0,Low Risk,Normal Monitoring,0
Germany,Male,49,663,116150.65,3,1,7,High Risk,Immediate Follow-up,1
France,Male,47,535,160729.1,1,1,2,Low Risk,Normal Monitoring,0
France,Female,29,702,88378.6,1,0,2,Low Risk,Normal Monitoring,0
France,Male,33,712,182888.08,1,0,3,Medium Risk,Contact Customer,0
France,Male,31,607,0.0,2,1,0,Low Risk,Normal Monitoring,0
France,Male,37,476,0.0,1,1,0,Low Risk,Normal Monitoring,1
Spain,Female,23,748,85600.08,1,0,2,Low Risk,Normal Monitoring,0
France,Male,35,815,0.0,2,1,0,Low Risk,Normal Monitoring,0
France,Male,32,602,0.0,2,1,0,Low Risk,Normal Monitoring,0
Germany,Male,40,649,95001.33,1,1,3,Medium Risk,Contact Customer,0
Spain,Male,27,551,113873.22,1,1,1,Low Risk,Normal Monitoring,1
France,Male,30,509,0.0,2,0,2,Low Risk,Normal Monitoring,0
Spain,Male,40,685,74896.92,1,0,2,Low Risk,Normal Monitoring,0
France,Female,22,536,89492.62,1,0,2,Low Risk,Normal Monitoring,0
Spain,Male,38,711,128718.78,1,0,3,Medium Risk,Contact Customer,0
Spain,Male,27,761,0.0,2,0,2,Low Risk,Normal Monitoring,0
France,Female,49,535,0.0,1,0,3,Medium Risk,Contact Customer,1
Germany,Male,22,566,144954.75,2,0,5,High Risk,Immediate Follow-up,0
Spain,Male,21,620,0.0,2,0,2,Low Risk,Normal Monitoring,0
Germany,Male,37,837,94001.61,2,0,5,High Risk,Immediate Follow-up,0
France,Female,40,685,0.0,1,0,2,Low Risk,Normal Monitoring,1
France,Male,65,673,0.0,1,1,1,Low Risk,Normal Monitoring,0
France,Male,24,638,0.0,2,1,0,Low Risk,Normal Monitoring,0
France,Male,46,614,0.0,1,0,3,Medium Risk,Contact Customer,1
France,Female,44,626,0.0,1,1,0,Low Risk,Normal Monitoring,1
Spain,Male,38,834,0.0,2,1,0,Low Risk,Normal Monitoring,0
France,Male,24,691,0.0,2,1,0,Low Risk,Normal Monitoring,0
Spain,Male,38,706,0.0,2,1,0,Low Risk,Normal Monitoring,0
France,Male,37,633,141546.35,1,1,1,Low Risk,Normal Monitoring,0
Germany,Female,32,644,141528.88,1,1,3,Medium Risk,Contact Customer,1
France,Male,30,666,109805.3,1,1,1,Low Risk,Normal Monitoring,0
France,Male,32,708,86614.06,2,1,0,Low Risk,Normal Monitoring,0
Germany,Female,59,496,91680.1,2,0,6,High Risk,Immediate Follow-up,1
Germany,Male,38,730,38848.19,2,0,4,Medium Risk,Contact Customer,0
Spain,Male,40,696,153639.11,1,1,1,Low Risk,Normal Monitoring,0
Spain,Male,80,809,0.0,2,1,1,Low Risk,Normal Monitoring,0
Spain,Female,33,701,123870.07,1,0,3,Medium Risk,Contact Customer,0
France,Male,30,604,0.0,2,0,2,Low Risk,Normal Monitoring,0
France,Male,39,665,46323.57,1,0,2,Low Risk,Normal Monitoring,0
France,Female,60,639,162039.78,1,1,2,Low Risk,Normal Monitoring,1
France,Male,19,696,110928.51,1,1,1,Low Risk,Normal Monitoring,0
France,Male,38,520,0.0,2,0,2,Low Risk,Normal Monitoring,0
Germany,Male,53,545,114421.55,1,0,6,High Risk,Immediate Follow-up,1
Germany,Female,29,634,130036.21,2,1,3,Medium Risk,Contact Customer,0
France,Female,26,750,151510.17,2,1,1,Low Risk,Normal Monitoring,0
Spain,Female,41,530,0.0,2,1,0,Low Risk,Normal Monitoring,0
France,Female,59,589,0.0,2,1,1,Low Risk,Normal Monitoring,1
France,Male,37,654,83568.55,1,0,2,Low Risk,Normal Monitoring,0
France,Female,43,648,139972.18,1,0,3,Medium Risk,Contact Customer,0
Spain,Male,45,835,100212.13,1,0,4,Medium Risk,Contact Customer,0
France,Female,39,446,90217.07,1,0,3,Medium Risk,Contact Customer,0
Spain,Male,66,514,0.0,2,1,1,Low Risk,Normal Monitoring,0
Germany,Male,33,694,124067.32,1,1,3,Medium Risk,Contact Customer,0
Spain,Male,46,554,0.0,2,1,1,Low Risk,Normal Monitoring,0
Germany,Female,57,720,162082.31,4,0,9,High Risk,Immediate Follow-up,1
Germany,Female,51,641,117306.69,4,1,7,High Risk,Immediate Follow-up,1
France,Male,32,813,122889.88,1,1,1,Low Risk,Normal Monitoring,0
France,Male,40,480,148790.61,1,1,1,Low Risk,Normal Monitoring,0
France,Male,46,811,180226.24,1,0,4,Medium Risk,Contact Customer,1
Germany,Female,32,715,104857.19,2,0,5,High Risk,Immediate Follow-up,0
Spain,Male,31,620,166833.86,2,1,1,Low Risk,Normal Monitoring,0
France,Male,42,721,102936.72,1,0,3,Medium Risk,Contact Customer,0
Germany,Female,48,772,108736.52,1,0,6,High Risk,Immediate Follow-up,1
Germany,Male,44,680,129974.79,2,1,3,Medium Risk,Contact Customer,0
France,Male,38,535,85982.07,1,0,2,Low Risk,Normal Monitoring,0
France,Female,20,655,134397.61,1,0,3,Medium Risk,Contact Customer,0
France,Male,63,660,137841.53,1,1,2,Low Risk,Normal Monitoring,0
Germany,Male,56,762,100260.88,3,1,7,High Risk,Immediate Follow-up,1
Germany,Male,39,662,139822.11,2,1,3,Medium Risk,Contact Customer,0
Germany,Female,41,463,123151.51,2,0,5,High Risk,Immediate Follow-up,0
Germany,Male,27,501,95331.83,2,0,5,High Risk,Immediate Follow-up,0
Spain,Female,42,603,0.0,1,1,0,Low Risk,Normal Monitoring,0
Spain,Male,37,688,138162.41,2,1,1,Low Risk,Normal Monitoring,0
France,Male,38,430,0.0,2,1,0,Low Risk,Normal Monitoring,0
Germany,Male,48,632,126066.26,1,0,6,High Risk,Immediate Follow-up,1
Spain,Female,42,601,96763.89,1,1,1,Low Risk,Normal Monitoring,0
France,Female,38,769,0.0,2,0,2,Low Risk,Normal Monitoring,0
France,Male,42,551,139561.46,1,0,3,Medium Risk,Contact Customer,1
France,Female,52,841,0.0,1,0,3,Medium Risk,Contact Customer,1
Spain,Female,31,469,0.0,1,0,2,Low Risk,Normal Monitoring,1
Spain,Male,27,479,172463.45,1,1,1,Low Risk,Normal Monitoring,0
France,Male,37,701,107798.85,1,0,3,Medium Risk,Contact Customer,0
France,Male,36,593,70181.48,2,0,2,Low Risk,Normal Monitoring,0
Spain,Male,38,738,177997.07,1,1,1,Low Risk,Normal Monitoring,0
Spain,Male,31,635,0.0,2,0,2,Low Risk,Normal Monitoring,0
France,Male,32,658,0.0,1,1,0,Low Risk,Normal Monitoring,0
Spain,Female,36,687,0.0,1,0,2,Low Risk,Normal Monitoring,0
France,Male,37,650,0.0,2,0,2,Low Risk,Normal Monitoring,0
Spain,Male,21,720,123200.78,1,1,1,Low Risk,Normal Monitoring,0
France,Female,63,602,0.0,2,1,1,Low Risk,Normal Monitoring,0
Spain,Male,33,618,0.0,2,1,0,Low Risk,Normal Monitoring,0
Germany,Male,41,803,137742.9,2,1,3,Medium Risk,Contact Customer,0
France,Female,63,793,116270.72,1,1,2,Low Risk,Normal Monitoring,0
Germany,Male,41,616,113220.2,2,1,3,Medium Risk,Contact Customer,0
Spain,Male,51,550,0.0,2,0,3,Medium Risk,Contact Customer,0
France,Female,56,602,115895.22,3,0,7,High Risk,Immediate Follow-up,1
France,Female,60,452,121730.49,1,1,2,Low Risk,Normal Monitoring,0
Spain,Female,28,655,113811.85,2,1,1,Low Risk,Normal Monitoring,0
France,Female,26,510,136214.08,1,0,3,Medium Risk,Contact Customer,0
France,Male,39,557,146200.01,1,0,3,Medium Risk,Contact Customer,0
France,Male,37,676,106242.67,1,1,1,Low Risk,Normal Monitoring,0
France,Female,29,640,0.0,2,0,2,Low Risk,Normal Monitoring,0
Spain,Male,31,529,0.0,1,0,2,Low Risk,Normal Monitoring,0
France,Male,45,559,24043.45,1,1,1,Low Risk,Normal Monitoring,1
France,Female,58,689,0.0,2,1,1,Low Risk,Normal Monitoring,0
Germany,Male,39,626,132287.92,3,1,6,High Risk,Immediate Follow-up,1
Spain,Male,30,697,0.0,2,0,2,Low Risk,Normal Monitoring,0
France,Female,44,823,0.0,2,1,0,Low Risk,Normal Monitoring,0
Germany,Female,32,565,90322.99,2,1,3,Medium Risk,Contact Customer,0
Spain,Male,23,631,0.0,2,0,2,Low Risk,Normal Monitoring,0
France,Female,34,646,131283.11,1,0,3,Medium Risk,Contact Customer,0
Spain,Male,48,676,131659.59,2,1,2,Low Risk,Normal Monitoring,0
Spain,Female,54,850,120952.74,1,0,4,Medium Risk,Contact Customer,0
France,Female,38,810,153166.17,1,1,1,Low Risk,Normal Monitoring,0
Spain,Male,30,581,53291.86,1,0,2,Low Risk,Normal Monitoring,0
France,Female,35,718,167924.95,1,0,3,Medium Risk,Contact Customer,0
France,Male,43,713,86394.14,1,1,0,Low Risk,Normal Monitoring,0
France,Female,50,672,0.0,1,0,3,Medium Risk,Contact Customer,1
Spain,Male,33,781,0.0,2,1,0,Low Risk,Normal Monitoring,0
Spain,Male,47,656,0.0,2,1,1,Low Risk,Normal Monitoring,0
France,Female,31,583,158978.79,1,0,3,Medium Risk,Contact Customer,0
Germany,Female,37,808,100431.84,1,0,5,High Risk,Immediate Follow-up,1
Spain,Male,33,721,0.0,2,1,0,Low Risk,Normal Monitoring,0
Germany,Female,29,778,150358.97,1,0,5,High Risk,Immediate Follow-up,1
Spain,Female,45,850,114347.85,2,1,2,Low Risk,Normal Monitoring,0
France,Female,39,693,0.0,2,1,0,Low Risk,Normal Monitoring,0
France,Male,34,520,134007.9,1,1,1,Low Risk,Normal Monitoring,0
Germany,Male,31,759,98899.91,1,1,3,Medium Risk,Contact Customer,0
France,Male,60,637,0.0,2,1,1,Low Risk,Normal Monitoring,0
Germany,Male,40,755,137430.82,2,0,5,High Risk,Immediate Follow-up,0
France,Female,47,662,0.0,2,1,1,Low Risk,Normal Monitoring,0
France,Female,37,503,0.0,2,1,0,Low Risk,Normal Monitoring,0
Germany,Male,39,599,188976.89,2,1,3,Medium Risk,Contact Customer,0
Spain,Female,40,583,0.0,2,0,2,Low Risk,Normal Monitoring,0
Spain,Female,48,764,75990.97,1,0,3,Medium Risk,Contact Customer,1
France,Male,29,513,0.0,2,1,0,Low Risk,Normal Monitoring,0
Spain,Male,62,730,112181.08,1,1,2,Low Risk,Normal Monitoring,0
Spain,Male,34,820,97208.46,1,1,1,Low Risk,Normal Monitoring,0
Spain,Female,26,597,0.0,2,0,2,Low Risk,Normal Monitoring,0
France,Male,32,637,0.0,1,0,2,Low Risk,Normal Monitoring,0
France,Male,34,696,150856.79,1,1,1,Low Risk,Normal Monitoring,0
Germany,Female,37,635,146748.07,1,1,3,Medium Risk,Contact Customer,0
Spain,Female,57,673,0.0,2,1,1,Low Risk,Normal Monitoring,0
Spain,Male,33,662,0.0,2,1,0,Low Risk,Normal Monitoring,0
Spain,Male,41,683,148863.17,1,1,1,Low Risk,Normal Monitoring,0
France,Male,55,850,0.0,1,0,3,Medium Risk,Contact Customer,1
Spain,Male,28,815,0.0,2,1,0,Low Risk,Normal Monitoring,0
Spain,Male,34,671,153360.02,1,0,3,Medium Risk,Contact Customer,0
France,Female,40,601,92055.36,1,1,1,Low Risk,Normal Monitoring,1
Germany,Female,39,709,124723.92,1,0,5,High Risk,Immediate Follow-up,0
Germany,Male,28,702,103033.83,1,1,3,Medium Risk,Contact Customer,0
France,Male,40,558,0.0,2,0,2,Low Risk,Normal Monitoring,0
Spain,Male,40,691,0.0,2,1,0,Low Risk,Normal Monitoring,0
France,Female,30,700,0.0,1,1,0,Low Risk,Normal Monitoring,0
France,Male,33,667,0.0,2,1,0,Low Risk,Normal Monitoring,0
Germany,Male,54,624,116726.22,1,0,6,High Risk,Immediate Follow-up,1
France,Female,23,580,113923.81,2,0,3,Medium Risk,Contact Customer,0
Spain,Female,31,571,0.0,2,1,0,Low Risk,Normal Monitoring,0
France,Male,37,561,0.0,2,0,2,Low Risk,Normal Monitoring,0
France,Male,28,529,0.0,2,1,0,Low Risk,Normal Monitoring,0
France,Male,36,670,0.0,2,0,2,Low Risk,Normal Monitoring,0
Germany,Female,21,666,121827.43,2,1,3,Medium Risk,Contact Customer,0
Spain,Male,42,628,0.0,2,1,0,Low Risk,Normal Monitoring,0
France,Male,60,577,125389.7,2,1,2,Low Risk,Normal Monitoring,0
Spain,Female,38,652,103895.31,1,1,1,Low Risk,Normal Monitoring,0
France,Male,26,678,111128.04,1,0,3,Medium Risk,Contact Customer,1
Spain,Female,49,692,0.0,2,0,3,Medium Risk,Contact Customer,0
Spain,Male,32,675,0.0,2,0,2,Low Risk,Normal Monitoring,0
Spain,Male,52,712,0.0,1,1,1,Low Risk,Normal Monitoring,1
Germany,Female,37,639,151242.48,1,1,3,Medium Risk,Contact Customer,0
France,Male,48,618,0.0,1,0,3,Medium Risk,Contact Customer,1
France,Male,39,554,129709.62,1,0,3,Medium Risk,Contact Customer,0
France,Male,47,533,83347.25,1,1,1,Low Risk,Normal Monitoring,0
Spain,Female,28,540,84121.04,1,1,0,Low Risk,Normal Monitoring,0
Spain,Male,33,704,0.0,2,0,2,Low Risk,Normal Monitoring,0
France,Male,43,678,102338.19,1,1,1,Low Risk,Normal Monitoring,0
France,Female,29,712,87375.78,2,0,2,Low Risk,Normal Monitoring,0
France,Male,44,651,0.0,3,0,5,High Risk,Immediate Follow-up,1
Germany,Male,51,789,104677.09,1,0,6,High Risk,Immediate Follow-up,0
Germany,Male,32,775,121669.23,1,1,3,Medium Risk,Contact Customer,0
Germany,Male,40,564,108407.34,1,1,3,Medium Risk,Contact Customer,0
Germany,Female,33,841,154969.79,2,1,3,Medium Risk,Contact Customer,0
Spain,Male,39,850,141829.67,1,1,1,Low Risk,Normal Monitoring,0
France,Female,63,637,0.0,1,0,3,Medium Risk,Contact Customer,1
France,Male,45,500,109162.82,1,1,2,Low Risk,Normal Monitoring,0
France,Male,44,655,87471.63,1,1,0,Low Risk,Normal Monitoring,0
France,Female,33,666,147229.65,1,1,1,Low Risk,Normal Monitoring,0
France,Female,24,658,0.0,2,1,0,Low Risk,Normal Monitoring,0
Germany,Male,66,749,182532.23,2,1,4,Medium Risk,Contact Customer,0
France,Male,32,654,0.0,2,1,0,Low Risk,Normal Monitoring,0
France,Female,39,623,160903.2,1,0,3,Medium Risk,Contact Customer,0
France,Female,33,761,138053.79,2,0,3,Medium Risk,Contact Customer,0
France,Male,44,627,153548.12,1,0,3,Medium Risk,Contact Customer,1
Germany,Male,31,757,149085.9,2,1,3,Medium Risk,Contact Customer,0
Germany,Female,53,695,95231.91,1,0,6,High Risk,Immediate Follow-up,1
France,Male,34,726,0.0,2,0,2,Low Risk,Normal Monitoring,0
Spain,Male,41,587,85109.21,1,0,2,Low Risk,Normal Monitoring,0
Germany,Female,43,605,125338.8,2,0,5,High Risk,Immediate Follow-up,0
Spain,Male,62,850,0.0,2,1,1,Low Risk,Normal Monitoring,0
France,Female,38,850,106831.69,1,1,1,Low Risk,Normal Monitoring,0
France,Male,29,751,159597.45,1,0,3,Medium Risk,Contact Customer,0
Germany,Female,37,627,147361.57,1,1,3,Medium Risk,Contact Customer,0
France,Male,43,736,176134.54,1,1,1,Low Risk,Normal Monitoring,0
France,Female,74,652,0.0,2,1,1,Low Risk,Normal Monitoring,0
France,Female,35,627,0.0,2,1,0,Low Risk,Normal Monitoring,0
France,Male,34,636,84055.43,1,0,2,Low Risk,Normal Monitoring,0
France,Male,60,775,0.0,2,1,1,Low Risk,Normal Monitoring,0
Spain,Female,45,850,174088.3,4,0,7,High Risk,Immediate Follow-up,1
Spain,Male,34,850,199229.14,1,0,3,Medium Risk,Contact Customer,0
France,Male,37,516,0.0,1,0,2,Low Risk,Normal Monitoring,0
Spain,Female,42,513,0.0,2,1,0,Low Risk,Normal Monitoring,0
Germany,Female,69,673,78833.15,2,1,3,Medium Risk,Contact Customer,0
France,Female,27,564,0.0,1,0,2,Low Risk,Normal Monitoring,0
France,Female,35,636,0.0,2,1,0,Low Risk,Normal Monitoring,0
France,Male,29,712,102540.61,1,1,1,Low Risk,Normal Monitoring,0
France,Male,51,568,0.0,3,1,4,Medium Risk,Contact Customer,0
Spain,Male,43,741,0.0,2,1,0,Low Risk,Normal Monitoring,1
Germany,Female,39,754,129401.87,1,1,3,Medium Risk,Contact Customer,0
France,Female,32,709,0.0,2,1,0,Low Risk,Normal Monitoring,0
France,Female,32,510,0.0,2,1,0,Low Risk,Normal Monitoring,0
Spain,Male,33,716,0.0,2,1,0,Low Risk,Normal Monitoring,0
Germany,Male,36,607,106702.94,2,0,5,High Risk,Immediate Follow-up,0
Spain,Male,26,656,139584.57,1,0,3,Medium Risk,Contact Customer,0
Germany,Male,52,550,121016.23,1,1,4,Medium Risk,Contact Customer,1
France,Male,26,486,0.0,2,1,0,Low Risk,Normal Monitoring,0
Germany,Male,59,598,118210.42,2,0,6,High Risk,Immediate Follow-up,1
Spain,Male,35,675,0.0,2,0,2,Low Risk,Normal Monitoring,0
France,Female,29,755,148654.84,2,1,1,Low Risk,Normal Monitoring,0
Spain,Male,32,656,136963.12,1,0,3,Medium Risk,Contact Customer,0
Germany,Male,47,644,137774.11,2,0,6,High Risk,Immediate Follow-up,0
France,Female,32,598,111156.52,1,1,1,Low Risk,Normal Monitoring,0
Spain,Female,31,850,121237.65,1,1,1,Low Risk,Normal Monitoring,0
France,Male,36,679,97234.58,1,0,3,Medium Risk,Contact Customer,0
France,Male,60,632,0.0,2,1,1,Low Risk,Normal Monitoring,0
Spain,Male,45,550,0.0,2,1,1,Low Risk,Normal Monitoring,0
Germany,Female,54,572,97382.53,1,1,4,Medium Risk,Contact Customer,0
Germany,Female,47,626,103108.8,1,1,4,Medium Risk,Contact Customer,1
Spain,Female,57,625,0.0,1,0,3,Medium Risk,Contact Customer,1
France,Female,58,515,131852.81,1,0,4,Medium Risk,Contact Customer,1
Spain,Male,35,612,0.0,1,1,0,Low Risk,Normal Monitoring,1
Spain,Female,39,628,107553.33,1,0,3,Medium Risk,Contact Customer,0
Spain,Female,43,529,0.0,2,0,2,Low Risk,Normal Monitoring,0
Germany,Female,46,668,161806.09,1,1,4,Medium Risk,Contact Customer,0
France,Male,30,526,0.0,2,0,2,Low Risk,Normal Monitoring,0
France,Female,52,791,0.0,1,1,1,Low Risk,Normal Monitoring,0
France,Male,27,573,128243.03,1,1,1,Low Risk,Normal Monitoring,0
France,Female,38,565,126645.13,1,1,1,Low Risk,Normal Monitoring,0
France,Female,47,604,62094.71,3,0,6,High Risk,Immediate Follow-up,1
France,Male,37,656,112291.34,1,0,3,Medium Risk,Contact Customer,0
France,Female,44,447,89188.83,1,1,0,Low Risk,Normal Monitoring,0
France,Male,55,682,0.0,1,0,3,Medium Risk,Contact Customer,1
Spain,Male,28,437,109161.25,1,0,3,Medium Risk,Contact Customer,0
Spain,Male,47,792,0.0,1,1,1,Low Risk,Normal Monitoring,1
Spain,Female,25,627,0.0,1,1,0,Low Risk,Normal Monitoring,0
France,Female,34,767,0.0,2,0,2,Low Risk,Normal Monitoring,0
France,Male,26,686,0.0,2,0,2,Low Risk,Normal Monitoring,0
France,Female,53,789,158271.74,1,1,2,Low Risk,Normal Monitoring,1
France,Male,56,794,96951.21,1,1,2,Low Risk,Normal Monitoring,0
Germany,Male,35,587,121863.61,1,1,3,Medium Risk,Contact Customer,1
Germany,Female,19,589,83495.11,1,1,2,Low Risk,Normal Monitoring,1
Germany,Female,25,543,146566.01,1,1,3,Medium Risk,Contact Customer,0
Spain,Female,45,589,0.0,1,0,3,Medium Risk,Contact Customer,1
Germany,Male,23,701,186101.18,2,1,3,Medium Risk,Contact Customer,0
France,Male,40,850,0.0,1,0,2,Low Risk,Normal Monitoring,1
Germany,Female,51,726,107494.86,2,0,6,High Risk,Immediate Follow-up,1
Spain,Male,47,767,0.0,1,0,3,Medium Risk,Contact Customer,1
Spain,Male,36,648,146943.38,2,1,1,Low Risk,Normal Monitoring,0
Spain,Female,36,651,0.0,2,0,2,Low Risk,Normal Monitoring,0
France,Female,36,633,125130.28,1,0,3,Medium Risk,Contact Customer,0
France,Female,37,740,0.0,2,1,0,Low Risk,Normal Monitoring,0
France,Female,34,592,0.0,2,1,0,Low Risk,Normal Monitoring,0
France,Female,41,670,0.0,3,0,5,High Risk,Immediate Follow-up,0
France,Male,36,628,0.0,2,1,0,Low Risk,Normal Monitoring,0
France,Male,47,745,0.0,2,0,3,Medium Risk,Contact Customer,0
France,Male,32,705,0.0,2,0,2,Low Risk,Normal Monitoring,0
France,Female,42,559,0.0,2,1,0,Low Risk,Normal Monitoring,0
France,Male,29,595,150685.79,1,0,3,Medium Risk,Contact Customer,0
France,Male,35,492,141359.37,2,0,3,Medium Risk,Contact Customer,0
France,Female,29,498,0.0,1,0,2,Low Risk,Normal Monitoring,0
France,Female,39,655,94631.26,2,1,1,Low Risk,Normal Monitoring,0
France,Female,39,636,118336.14,1,0,3,Medium Risk,Contact Customer,0
France,Female,45,634,0.0,1,1,1,Low Risk,Normal Monitoring,0
Spain,Male,63,793,0.0,2,1,1,Low Risk,Normal Monitoring,0
Germany,Male,50,526,124233.24,1,1,4,Medium Risk,Contact Customer,1
France,Female,26,768,51116.26,1,1,0,Low Risk,Normal Monitoring,1
Germany,Male,64,540,91869.69,1,1,4,Medium Risk,Contact Customer,0
France,Female,34,732,122338.43,2,0,3,Medium Risk,Contact Customer,0
France,Female,30,617,0.0,1,1,0,Low Risk,Normal Monitoring,0
Spain,Female,54,637,0.0,1,1,1,Low Risk,Normal Monitoring,0
France,Male,26,573,86270.93,2,1,0,Low Risk,Normal Monitoring,0
France,Male,44,531,0.0,2,1,0,Low Risk,Normal Monitoring,0
France,Female,38,489,117289.92,1,0,3,Medium Risk,Contact Customer,0
France,Male,35,601,0.0,2,1,0,Low Risk,Normal Monitoring,0
Germany,Male,33,452,153663.27,1,0,5,High Risk,Immediate Follow-up,0
Spain,Female,29,728,0.0,1,1,0,Low Risk,Normal Monitoring,0
Germany,Female,27,590,123599.49,2,0,5,High Risk,Immediate Follow-up,0
France,Male,29,490,0.0,2,0,2,Low Risk,Normal Monitoring,0
Spain,Female,76,596,134208.25,1,1,2,Low Risk,Normal Monitoring,0
France,Male,29,635,0.0,1,1,0,Low Risk,Normal Monitoring,0
Germany,Male,35,782,98556.89,2,0,5,High Risk,Immediate Follow-up,0
Spain,Female,37,790,0.0,3,0,5,High Risk,Immediate Follow-up,0
France,Male,40,587,0.0,4,1,3,Medium Risk,Contact Customer,1
Spain,Female,46,794,134593.79,1,1,2,Low Risk,Normal Monitoring,0
France,Male,41,515,0.0,2,1,0,Low Risk,Normal Monitoring,0
Spain,Male,24,746,68781.82,1,1,0,Low Risk,Normal Monitoring,0
Germany,Female,56,667,137464.04,1,0,6,High Risk,Immediate Follow-up,1
France,Male,32,709,147307.91,1,1,1,Low Risk,Normal Monitoring,0
France,Female,35,536,0.0,1,0,2,Low Risk,Normal Monitoring,1
France,Female,41,711,145754.91,1,1,1,Low Risk,Normal Monitoring,0
France,Male,46,753,0.0,3,0,6,High Risk,Immediate Follow-up,1
France,Male,44,748,112610.77,1,1,1,Low Risk,Normal Monitoring,0
France,Female,57,623,71481.79,2,1,1,Low Risk,Normal Monitoring,0
France,Male,33,465,0.0,2,1,0,Low Risk,Normal Monitoring,0
Spain,Female,34,640,77826.8,1,1,0,Low Risk,Normal Monitoring,0
France,Male,75,562,87140.85,1,1,1,Low Risk,Normal Monitoring,0
Germany,Female,42,502,132002.7,1,1,3,Medium Risk,Contact Customer,1
France,Male,32,536,178011.5,2,0,3,Medium Risk,Contact Customer,0
Germany,Female,32,670,102954.68,2,1,3,Medium Risk,Contact Customer,0
Germany,Male,51,775,123783.25,1,1,4,Medium Risk,Contact Customer,0
Germany,Male,30,759,101802.67,1,0,5,High Risk,Immediate Follow-up,0
France,Male,33,604,148659.48,1,0,3,Medium Risk,Contact Customer,0
Germany,Female,62,766,142724.48,1,1,4,Medium Risk,Contact Customer,1
Spain,Female,41,554,112152.89,1,1,1,Low Risk,Normal Monitoring,0
France,Female,53,487,89550.85,1,1,1,Low Risk,Normal Monitoring,0
France,Male,35,725,75915.75,1,0,2,Low Risk,Normal Monitoring,0
Germany,Female,42,732,118889.66,2,0,5,High Risk,Immediate Follow-up,0
France,Male,40,623,118788.57,1,0,3,Medium Risk,Contact Customer,0
France,Female,42,781,156555.54,1,1,1,Low Risk,Normal Monitoring,0
Germany,Male,53,714,99141.86,1,1,4,Medium Risk,Contact Customer,1
Germany,Female,31,577,61211.18,1,1,2,Low Risk,Normal Monitoring,0
Spain,Female,37,731,128932.4,1,1,1,Low Risk,Normal Monitoring,0
Spain,Female,23,650,0.0,1,1,0,Low Risk,Normal Monitoring,0
France,Male,32,779,80728.15,1,0,2,Low Risk,Normal Monitoring,0
Spain,Female,46,706,127660.46,2,0,4,Medium Risk,Contact Customer,1
Spain,Male,44,733,106070.89,1,1,1,Low Risk,Normal Monitoring,0
Germany,Female,42,579,137560.38,2,1,3,Medium Risk,Contact Customer,0
Germany,Female,34,476,111905.43,1,1,3,Medium Risk,Contact Customer,1
France,Male,40,775,126212.64,1,0,3,Medium Risk,Contact Customer,0
Spain,Male,68,538,0.0,2,0,3,Medium Risk,Contact Customer,1
France,Male,38,602,111835.94,2,0,3,Medium Risk,Contact Customer,0
France,Male,30,615,0.0,2,0,2,Low Risk,Normal Monitoring,0
Germany,Female,28,700,99705.69,2,0,5,High Risk,Immediate Follow-up,0
France,Male,32,615,0.0,2,0,2,Low Risk,Normal Monitoring,0
Germany,Male,44,544,108895.93,1,0,5,High Risk,Immediate Follow-up,1
Spain,Male,56,573,154669.77,1,1,2,Low Risk,Normal Monitoring,1
Spain,Male,50,555,128061.0,2,1,2,Low Risk,Normal Monitoring,0
France,Female,31,692,0.0,2,0,2,Low Risk,Normal Monitoring,1
France,Female,40,476,0.0,2,0,2,Low Risk,Normal Monitoring,0
Spain,Male,46,770,190678.02,1,1,2,Low Risk,Normal Monitoring,0
France,Female,40,641,0.0,1,0,2,Low Risk,Normal Monitoring,0
France,Female,35,705,0.0,1,0,2,Low Risk,Normal Monitoring,1
France,Male,38,784,136712.91,1,1,1,Low Risk,Normal Monitoring,0
Spain,Female,52,727,154733.97,1,0,4,Medium Risk,Contact Customer,1
France,Female,41,576,112609.91,1,0,3,Medium Risk,Contact Customer,1
Spain,Male,69,646,115462.44,1,0,4,Medium Risk,Contact Customer,0
France,Male,34,638,133501.36,1,1,1,Low Risk,Normal Monitoring,0
Germany,Male,30,632,58668.02,1,1,2,Low Risk,Normal Monitoring,0
Spain,Male,44,850,89118.26,1,0,2,Low Risk,Normal Monitoring,1
France,Female,28,492,0.0,2,0,2,Low Risk,Normal Monitoring,0
Germany,Female,77,673,76510.52,2,1,3,Medium Risk,Contact Customer,0
Spain,Male,34,609,140694.78,2,0,3,Medium Risk,Contact Customer,0
Germany,Male,36,701,95448.32,2,0,5,High Risk,Immediate Follow-up,0
France,Male,34,651,91562.99,1,1,1,Low Risk,Normal Monitoring,0
France,Male,31,508,72541.48,1,0,2,Low Risk,Normal Monitoring,0
Spain,Female,43,616,120867.18,1,0,3,Medium Risk,Contact Customer,1
France,Male,34,489,0.0,1,0,2,Low Risk,Normal Monitoring,0
Spain,Female,45,567,157320.51,1,0,4,Medium Risk,Contact Customer,0
Spain,Male,27,714,0.0,3,1,3,Medium Risk,Contact Customer,0
Germany,Female,30,678,139676.95,2,1,3,Medium Risk,Contact Customer,0
France,Female,55,581,0.0,1,1,1,Low Risk,Normal Monitoring,0
Spain,Male,60,748,0.0,2,1,1,Low Risk,Normal Monitoring,0
France,Female,19,781,0.0,2,1,0,Low Risk,Normal Monitoring,0
Spain,Male,21,691,103000.94,1,1,1,Low Risk,Normal Monitoring,0
Germany,Male,31,507,134237.07,1,1,3,Medium Risk,Contact Customer,1
Germany,Male,34,724,118235.7,2,0,5,High Risk,Immediate Follow-up,0
Spain,Female,57,705,0.0,2,1,1,Low Risk,Normal Monitoring,0
Spain,Female,64,708,0.0,3,1,4,Medium Risk,Contact Customer,1
Germany,Male,38,580,115442.19,2,0,5,High Risk,Immediate Follow-up,1
France,Male,38,850,0.0,2,0,2,Low Risk,Normal Monitoring,0
Spain,Male,25,714,0.0,1,1,0,Low Risk,Normal Monitoring,0
France,Female,43,559,0.0,2,1,0,Low Risk,Normal Monitoring,0
Spain,Female,44,577,115557.0,1,1,1,Low Risk,Normal Monitoring,0
Germany,Female,35,647,166518.63,2,0,5,High Risk,Immediate Follow-up,0
Spain,Male,30,554,135370.12,1,1,1,Low Risk,Normal Monitoring,1
Germany,Male,54,549,92877.33,1,0,6,High Risk,Immediate Follow-up,1
France,Female,26,528,102073.67,2,0,3,Medium Risk,Contact Customer,0
Germany,Male,46,720,97042.6,1,1,4,Medium Risk,Contact Customer,1
Spain,Male,41,743,0.0,1,0,2,Low Risk,Normal Monitoring,1
Germany,Male,24,615,108528.07,2,0,5,High Risk,Immediate Follow-up,1
Germany,Female,44,635,79064.85,2,1,2,Low Risk,Normal Monitoring,0
Spain,Male,45,686,74274.87,3,0,6,High Risk,Immediate Follow-up,1
Spain,Female,36,840,0.0,2,0,2,Low Risk,Normal Monitoring,0
France,Male,43,695,100421.1,1,1,1,Low Risk,Normal Monitoring,0
France,Male,26,564,84006.88,2,0,2,Low Risk,Normal Monitoring,0
France,Female,31,805,0.0,2,0,2,Low Risk,Normal Monitoring,0
Spain,Male,45,558,0.0,1,0,3,Medium Risk,Contact Customer,0
France,Female,39,657,80293.81,1,0,2,Low Risk,Normal Monitoring,0
France,Female,42,641,125437.14,2,0,3,Medium Risk,Contact Customer,0
France,Male,36,755,0.0,2,0,2,Low Risk,Normal Monitoring,0
France,Male,48,483,0.0,2,1,1,Low Risk,Normal Monitoring,0
Germany,Female,44,545,127536.44,1,0,5,High Risk,Immediate Follow-up,0
France,Male,66,678,0.0,2,1,1,Low Risk,Normal Monitoring,0
Germany,Female,48,781,82794.18,1,0,5,High Risk,Immediate Follow-up,1
Spain,Female,22,571,108117.1,1,1,1,Low Risk,Normal Monitoring,0
Spain,Female,35,634,0.0,1,0,2,Low Risk,Normal Monitoring,0
Germany,Male,27,523,61688.61,2,0,4,Medium Risk,Contact Customer,0
France,Female,40,501,0.0,2,0,2,Low Risk,Normal Monitoring,0
France,Male,74,662,0.0,2,0,3,Medium Risk,Contact Customer,0
Spain,Male,50,573,159304.07,1,1,2,Low Risk,Normal Monitoring,1
Germany,Male,33,648,138664.24,1,0,5,High Risk,Immediate Follow-up,0
France,Female,22,662,126362.57,2,1,1,Low Risk,Normal Monitoring,0
France,Male,39,725,160652.45,2,0,3,Medium Risk,Contact Customer,0
France,Female,35,563,183572.84,1,1,1,Low Risk,Normal Monitoring,1
France,Male,31,628,88421.81,1,0,2,Low Risk,Normal Monitoring,0
Spain,Female,45,546,0.0,1,0,3,Medium Risk,Contact Customer,1
Germany,Male,41,688,112871.19,2,1,3,Medium Risk,Contact Customer,0
Germany,Male,41,850,60880.68,1,0,4,Medium Risk,Contact Customer,0
France,Female,34,614,0.0,2,0,2,Low Risk,Normal Monitoring,0
France,Female,37,719,101455.7,1,0,3,Medium Risk,Contact Customer,1
France,Female,71,757,88084.13,2,1,1,Low Risk,Normal Monitoring,0
France,Male,29,669,0.0,2,1,0,Low Risk,Normal Monitoring,0
Germany,Male,59,438,127197.14,1,0,6,High Risk,Immediate Follow-up,1
France,Male,39,492,0.0,2,1,0,Low Risk,Normal Monitoring,0
France,Female,39,622,83456.79,2,0,2,Low Risk,Normal Monitoring,0
France,Male,42,645,98298.18,1,1,1,Low Risk,Normal Monitoring,0
France,Male,37,728,0.0,2,1,0,Low Risk,Normal Monitoring,0
France,Male,35,651,86911.8,1,0,2,Low Risk,Normal Monitoring,0
Germany,Female,42,783,139707.28,1,0,5,High Risk,Immediate Follow-up,0
Spain,Female,67,732,0.0,2,1,1,Low Risk,Normal Monitoring,0
Spain,Female,39,553,142876.98,2,0,3,Medium Risk,Contact Customer,0
France,Male,30,660,146301.31,1,0,3,Medium Risk,Contact Customer,0
France,Female,40,670,47364.45,1,1,0,Low Risk,Normal Monitoring,1
France,Male,38,718,0.0,2,0,2,Low Risk,Normal Monitoring,0
France,Male,51,787,58137.08,1,1,1,Low Risk,Normal Monitoring,0
Germany,Female,38,775,179886.41,2,0,5,High Risk,Immediate Follow-up,0
Germany,Male,24,479,107637.97,2,1,3,Medium Risk,Contact Customer,0
France,Female,20,660,167685.56,1,0,3,Medium Risk,Contact Customer,0
Germany,Male,68,721,136525.99,1,0,6,High Risk,Immediate Follow-up,0
Germany,Male,39,659,52106.33,2,1,2,Low Risk,Normal Monitoring,0
France,Female,39,743,0.0,1,0,2,Low Risk,Normal Monitoring,0
France,Female,45,670,104930.38,1,0,4,Medium Risk,Contact Customer,1
Germany,Female,34,766,106434.94,1,1,3,Medium Risk,Contact Customer,1
Spain,Female,38,845,112803.92,1,0,3,Medium Risk,Contact Customer,0
Germany,Female,46,710,120530.34,1,0,6,High Risk,Immediate Follow-up,1
Germany,Female,43,602,113641.49,4,0,8,High Risk,Immediate Follow-up,1
Spain,Male,43,604,145081.72,1,1,1,Low Risk,Normal Monitoring,0
Spain,Female,35,564,0.0,2,1,0,Low Risk,Normal Monitoring,0
Germany,Female,27,637,135842.89,1,1,3,Medium Risk,Contact Customer,0
France,Female,31,527,112203.25,1,0,3,Medium Risk,Contact Customer,0
France,Male,34,687,129895.19,1,1,1,Low Risk,Normal Monitoring,0
Germany,Male,41,756,149049.92,1,1,3,Medium Risk,Contact Customer,1
Germany,Male,42,503,153279.39,1,1,3,Medium Risk,Contact Customer,0
Spain,Male,42,657,41473.33,1,0,2,Low Risk,Normal Monitoring,1
France,Female,40,666,0.0,2,0,2,Low Risk,Normal Monitoring,0
Germany,Male,39,615,113193.51,2,1,3,Medium Risk,Contact Customer,0
Germany,Male,27,712,113174.21,2,0,5,High Risk,Immediate Follow-up,0
France,Female,24,764,0.0,2,0,2,Low Risk,Normal Monitoring,0
France,Male,42,471,164951.56,1,0,3,Medium Risk,Contact Customer,0
Spain,Male,27,608,153325.1,1,1,1,Low Risk,Normal Monitoring,0
Spain,Female,47,682,134032.01,1,0,4,Medium Risk,Contact Customer,0
Germany,Female,32,587,125445.04,2,1,3,Medium Risk,Contact Customer,0
Germany,Female,35,714,126077.43,2,1,3,Medium Risk,Contact Customer,0
Spain,Female,31,630,0.0,2,1,0,Low Risk,Normal Monitoring,0
Germany,Female,28,648,90371.09,1,1,3,Medium Risk,Contact Customer,0
France,Female,40,785,0.0,2,1,0,Low Risk,Normal Monitoring,0
Germany,Female,47,601,142802.02,1,1,4,Medium Risk,Contact Customer,0
France,Female,28,717,90537.16,1,1,1,Low Risk,Normal Monitoring,0
France,Female,44,707,0.0,2,1,0,Low Risk,Normal Monitoring,0
France,Female,23,771,156123.73,1,0,3,Medium Risk,Contact Customer,0
France,Female,35,602,0.0,2,0,2,Low Risk,Normal Monitoring,0
France,Male,38,626,141074.59,1,0,3,Medium Risk,Contact Customer,1
Spain,Male,59,588,0.0,2,1,1,Low Risk,Normal Monitoring,0
Germany,Female,42,616,117899.95,2,0,5,High Risk,Immediate Follow-up,0
Spain,Male,33,621,0.0,2,1,0,Low Risk,Normal Monitoring,0
France,Male,26,674,166257.96,1,1,1,Low Risk,Normal Monitoring,0
Spain,Female,46,633,0.0,2,0,3,Medium Risk,Contact Customer,0
Germany,Female,64,698,169362.43,1,0,6,High Risk,Immediate Follow-up,1
France,Male,26,508,205962.0,1,0,3,Medium Risk,Contact Customer,0
France,Female,24,736,0.0,2,0,2,Low Risk,Normal Monitoring,1
Germany,Male,68,672,126061.51,2,1,4,Medium Risk,Contact Customer,0
France,Female,21,613,105627.95,1,1,1,Low Risk,Normal Monitoring,0
France,Male,32,712,100606.02,1,0,3,Medium Risk,Contact Customer,0
France,Female,38,624,0.0,2,1,0,Low Risk,Normal Monitoring,0
France,Male,38,676,0.0,2,1,0,Low Risk,Normal Monitoring,0
Germany,Female,32,683,138171.1,2,1,3,Medium Risk,Contact Customer,0
France,Female,31,489,139395.08,1,1,1,Low Risk,Normal Monitoring,0
France,Male,29,739,0.0,2,1,0,Low Risk,Normal Monitoring,0
France,Female,37,701,0.0,2,1,0,Low Risk,Normal Monitoring,0
Germany,Female,50,666,109062.28,1,1,4,Medium Risk,Contact Customer,1
Germany,Female,40,565,89994.71,2,1,2,Low Risk,Normal Monitoring,0
France,Male,36,666,0.0,2,0,2,Low Risk,Normal Monitoring,0
France,Male,59,633,103996.74,1,1,2,Low Risk,Normal Monitoring,0
France,Male,34,578,175111.11,1,1,1,Low Risk,Normal Monitoring,0
Spain,Female,49,812,66079.45,2,0,3,Medium Risk,Contact Customer,1
Germany,Male,33,809,148055.74,1,0,5,High Risk,Immediate Follow-up,0
France,Male,36,615,0.0,1,1,0,Low Risk,Normal Monitoring,1
Spain,Female,31,684,0.0,2,0,2,Low Risk,Normal Monitoring,0
France,Male,40,544,0.0,2,0,2,Low Risk,Normal Monitoring,0
Germany,Male,47,713,95994.98,1,0,6,High Risk,Immediate Follow-up,0
France,Male,37,633,0.0,2,0,2,Low Risk,Normal Monitoring,0
Germany,Female,23,672,110741.56,1,0,5,High Risk,Immediate Follow-up,0
France,Male,35,661,0.0,1,0,2,Low Risk,Normal Monitoring,0
Spain,Female,28,749,0.0,1,0,2,Low Risk,Normal Monitoring,0
Spain,Female,32,635,0.0,2,1,0,Low Risk,Normal Monitoring,1
Germany,Female,70,850,96947.58,3,0,9,High Risk,Immediate Follow-up,1
France,Male,41,641,0.0,2,0,2,Low Risk,Normal Monitoring,0
Germany,Male,30,633,109786.82,2,1,3,Medium Risk,Contact Customer,0
Spain,Male,35,413,0.0,2,1,0,Low Risk,Normal Monitoring,0
France,Male,31,538,0.0,2,0,2,Low Risk,Normal Monitoring,0
France,Female,39,437,102721.49,1,0,3,Medium Risk,Contact Customer,0
Spain,Male,33,612,69478.57,1,0,2,Low Risk,Normal Monitoring,1
Germany,Female,53,516,156674.2,1,0,6,High Risk,Immediate Follow-up,1
Spain,Female,56,826,174506.1,2,1,2,Low Risk,Normal Monitoring,1
Germany,Female,23,660,166070.48,2,0,5,High Risk,Immediate Follow-up,0
Germany,Female,29,646,105957.44,1,0,5,High Risk,Immediate Follow-up,0
France,Male,36,767,0.0,1,0,2,Low Risk,Normal Monitoring,0
France,Male,40,640,110340.68,1,1,1,Low Risk,Normal Monitoring,0
France,Male,33,778,0.0,2,0,2,Low Risk,Normal Monitoring,0
Germany,Male,52,679,135870.01,2,0,6,High Risk,Immediate Follow-up,0
France,Male,31,549,0.0,2,1,0,Low Risk,Normal Monitoring,0
France,Male,47,598,0.0,2,1,1,Low Risk,Normal Monitoring,0
France,Female,45,655,0.0,2,0,3,Medium Risk,Contact Customer,0
France,Male,30,494,85704.95,1,1,0,Low Risk,Normal Monitoring,0
France,Female,42,653,0.0,2,1,0,Low Risk,Normal Monitoring,0
Germany,Female,38,539,105435.74,1,0,5,High Risk,Immediate Follow-up,1
France,Female,37,645,0.0,2,1,0,Low Risk,Normal Monitoring,0
Germany,Male,34,751,108513.25,2,1,3,Medium Risk,Contact Customer,0
France,Male,35,528,156687.1,1,0,3,Medium Risk,Contact Customer,0
Germany,Male,31,696,150604.52,1,0,5,High Risk,Immediate Follow-up,0
France,Female,44,716,155114.9,1,0,3,Medium Risk,Contact Customer,0
France,Female,35,602,0.0,2,1,0,Low Risk,Normal Monitoring,0
Spain,Female,64,647,91216.0,1,1,2,Low Risk,Normal Monitoring,0
Germany,Male,61,850,141784.02,1,1,4,Medium Risk,Contact Customer,0
France,Female,32,590,127763.24,1,0,3,Medium Risk,Contact Customer,0
Spain,Female,32,825,0.0,2,1,0,Low Risk,Normal Monitoring,0
Spain,Male,31,850,82613.56,2,0,2,Low Risk,Normal Monitoring,0
France,Female,32,789,69423.52,1,0,2,Low Risk,Normal Monitoring,0
France,Female,42,701,86167.82,1,0,2,Low Risk,Normal Monitoring,0
Spain,Female,47,713,0.0,1,0,3,Medium Risk,Contact Customer,1
France,Male,30,570,131406.56,1,1,1,Low Risk,Normal Monitoring,0
Germany,Female,44,536,121898.82,1,0,5,High Risk,Immediate Follow-up,0
Germany,Male,32,771,77487.2,1,0,4,Medium Risk,Contact Customer,0
France,Female,75,512,0.0,1,0,3,Medium Risk,Contact Customer,0
Spain,Male,45,698,164450.94,1,0,4,Medium Risk,Contact Customer,1
France,Male,33,656,138705.02,2,0,3,Medium Risk,Contact Customer,0
Spain,Male,37,761,132730.17,1,0,3,Medium Risk,Contact Customer,0
France,Female,30,709,0.0,2,1,0,Low Risk,Normal Monitoring,0
Spain,Female,66,597,0.0,1,1,1,Low Risk,Normal Monitoring,0
France,Male,28,592,116498.22,1,0,3,Medium Risk,Contact Customer,0
France,Female,41,599,0.0,2,0,2,Low Risk,Normal Monitoring,0
Germany,Female,35,572,139979.07,1,0,5,High Risk,Immediate Follow-up,0
Germany,Female,43,611,127216.31,2,1,3,Medium Risk,Contact Customer,0
France,Female,45,634,0.0,4,0,6,High Risk,Immediate Follow-up,1
France,Male,51,666,148222.65,1,0,4,Medium Risk,Contact Customer,1
France,Female,41,696,0.0,2,0,2,Low Risk,Normal Monitoring,0
France,Female,38,669,0.0,2,0,2,Low Risk,Normal Monitoring,0
Spain,Male,30,726,134152.29,1,1,1,Low Risk,Normal Monitoring,0
Germany,Female,32,497,111537.23,4,1,6,High Risk,Immediate Follow-up,1
Spain,Female,39,750,119565.92,1,0,3,Medium Risk,Contact Customer,0
Spain,Female,29,850,0.0,2,0,2,Low Risk,Normal Monitoring,0
Spain,Male,38,617,0.0,1,1,0,Low Risk,Normal Monitoring,0
Germany,Male,46,652,121063.8,3,0,9,High Risk,Immediate Follow-up,1
Spain,Female,27,560,124995.98,1,1,1,Low Risk,Normal Monitoring,0
Spain,Male,39,629,0.0,2,0,2,Low Risk,Normal Monitoring,0
Germany,Female,52,660,86891.84,1,0,5,High Risk,Immediate Follow-up,0
France,Male,38,676,0.0,2,1,0,Low Risk,Normal Monitoring,0
Spain,Male,43,581,78022.61,1,1,0,Low Risk,Normal Monitoring,0
France,Male,34,798,154495.79,1,0,3,Medium Risk,Contact Customer,0
France,Male,38,705,189443.72,1,1,1,Low Risk,Normal Monitoring,0
Spain,Female,31,714,152926.6,1,1,1,Low Risk,Normal Monitoring,0
France,Female,44,664,142989.69,1,1,1,Low Risk,Normal Monitoring,1
Germany,Male,43,697,115371.94,2,0,5,High Risk,Immediate Follow-up,0
France,Male,37,609,0.0,2,1,0,Low Risk,Normal Monitoring,0
Spain,Male,38,548,178056.54,2,0,3,Medium Risk,Contact Customer,0
Spain,Male,39,850,206014.94,2,1,1,Low Risk,Normal Monitoring,1
France,Male,41,656,0.0,2,0,2,Low Risk,Normal Monitoring,0
Germany,Male,37,727,101191.83,1,1,3,Medium Risk,Contact Customer,1
France,Female,55,642,0.0,2,1,1,Low Risk,Normal Monitoring,0
Spain,Female,31,710,0.0,2,0,2,Low Risk,Normal Monitoring,0
Spain,Male,33,710,0.0,2,0,2,Low Risk,Normal Monitoring,0
France,Female,37,718,0.0,2,1,0,Low Risk,Normal Monitoring,0
Germany,Male,32,586,149814.54,1,0,5,High Risk,Immediate Follow-up,0
Spain,Female,36,617,115617.24,1,1,1,Low Risk,Normal Monitoring,0
France,Male,28,630,0.0,2,0,2,Low Risk,Normal Monitoring,0
Germany,Female,42,791,113657.41,2,1,3,Medium Risk,Contact Customer,1
Spain,Male,39,673,138160.0,1,1,1,Low Risk,Normal Monitoring,0
Germany,Female,36,477,117700.86,1,0,5,High Risk,Immediate Follow-up,0
France,Female,37,662,0.0,2,0,2,Low Risk,Normal Monitoring,0
Germany,Male,37,850,122506.38,1,1,3,Medium Risk,Contact Customer,1
France,Female,58,635,0.0,1,1,1,Low Risk,Normal Monitoring,1
France,Male,59,537,0.0,2,0,3,Medium Risk,Contact Customer,1
France,Female,39,579,166501.17,2,0,3,Medium Risk,Contact Customer,0
Spain,Female,46,651,89743.05,1,0,3,Medium Risk,Contact Customer,1
France,Female,25,610,0.0,2,0,2,Low Risk,Normal Monitoring,0
France,Male,30,581,0.0,2,0,2,Low Risk,Normal Monitoring,0
France,Male,39,592,0.0,2,0,2,Low Risk,Normal Monitoring,0
Spain,Female,35,688,0.0,1,0,2,Low Risk,Normal Monitoring,1
France,Female,18,681,98894.39,1,1,1,Low Risk,Normal Monitoring,0
Germany,Male,37,658,168735.74,2,0,5,High Risk,Immediate Follow-up,0
France,Male,34,792,0.0,1,1,0,Low Risk,Normal Monitoring,0
Germany,Female,62,528,133201.17,1,0,6,High Risk,Immediate Follow-up,1
Spain,Female,36,624,0.0,2,0,2,Low Risk,Normal Monitoring,0
Germany,Male,31,562,127237.25,2,1,3,Medium Risk,Contact Customer,0
Germany,Male,36,678,117864.85,2,0,5,High Risk,Immediate Follow-up,0
Germany,Female,64,705,153469.26,3,0,9,High Risk,Immediate Follow-up,1
Germany,Male,23,650,93911.3,2,0,5,High Risk,Immediate Follow-up,0
Spain,Female,46,593,76597.79,1,1,1,Low Risk,Normal Monitoring,0
France,Female,40,652,79927.36,2,1,0,Low Risk,Normal Monitoring,0
Spain,Female,27,554,0.0,2,1,0,Low Risk,Normal Monitoring,0
Germany,Male,32,584,40172.91,1,1,2,Low Risk,Normal Monitoring,0
France,Male,33,516,115195.58,1,1,1,Low Risk,Normal Monitoring,0
Germany,Female,43,789,116644.29,2,1,3,Medium Risk,Contact Customer,0
Germany,Male,20,598,180293.84,2,1,3,Medium Risk,Contact Customer,0
Germany,Female,30,669,139872.81,1,0,5,High Risk,Immediate Follow-up,0
France,Female,24,645,34547.82,1,1,0,Low Risk,Normal Monitoring,0
France,Female,32,659,0.0,2,1,0,Low Risk,Normal Monitoring,0
Germany,Male,29,833,96462.25,2,1,3,Medium Risk,Contact Customer,0
Spain,Female,40,697,130334.35,2,1,1,Low Risk,Normal Monitoring,0
Germany,Male,39,580,119688.81,1,0,5,High Risk,Immediate Follow-up,0
France,Male,38,691,0.0,2,0,2,Low Risk,Normal Monitoring,0
France,Male,52,534,0.0,3,1,4,Medium Risk,Contact Customer,1
France,Female,32,478,71187.24,1,1,0,Low Risk,Normal Monitoring,0
France,Female,47,572,0.0,2,0,3,Medium Risk,Contact Customer,0
France,Male,37,501,0.0,2,0,2,Low Risk,Normal Monitoring,0
Spain,Female,38,624,0.0,2,0,2,Low Risk,Normal Monitoring,0
France,Female,39,595,136422.41,1,1,1,Low Risk,Normal Monitoring,0
France,Male,30,603,0.0,2,1,0,Low Risk,Normal Monitoring,0
France,Female,25,602,0.0,2,1,0,Low Risk,Normal Monitoring,0
France,Female,34,500,0.0,1,1,0,Low Risk,Normal Monitoring,0
France,Male,41,422,153238.88,1,0,3,Medium Risk,Contact Customer,0
France,Male,35,615,0.0,2,0,2,Low Risk,Normal Monitoring,0
France,Female,78,635,47536.4,1,1,1,Low Risk,Normal Monitoring,0
France,Female,32,711,0.0,2,0,2,Low Risk,Normal Monitoring,0
France,Male,36,834,142882.49,1,0,3,Medium Risk,Contact Customer,1
France,Female,44,633,0.0,2,0,2,Low Risk,Normal Monitoring,0
France,Female,31,650,160566.11,2,0,3,Medium Risk,Contact Customer,0
Germany,Male,65,743,131935.51,1,1,4,Medium Risk,Contact Customer,1
France,Male,38,567,127678.8,2,0,3,Medium Risk,Contact Customer,0
Germany,Female,46,706,105214.58,1,0,6,High Risk,Immediate Follow-up,1
France,Male,46,638,139859.54,1,0,4,Medium Risk,Contact Customer,0
France,Female,38,641,0.0,2,0,2,Low Risk,Normal Monitoring,0
France,Female,34,574,112324.45,2,1,1,Low Risk,Normal Monitoring,0
Germany,Male,30,642,134497.27,1,0,5,High Risk,Immediate Follow-up,0
Spain,Female,35,722,120171.58,1,0,3,Medium Risk,Contact Customer,0
France,Male,23,623,106012.2,2,1,1,Low Risk,Normal Monitoring,0
France,Male,25,681,0.0,1,1,0,Low Risk,Normal Monitoring,0
France,Female,34,530,0.0,2,1,0,Low Risk,Normal Monitoring,0
France,Female,55,797,0.0,4,1,4,Medium Risk,Contact Customer,1
France,Male,51,653,0.0,1,0,3,Medium Risk,Contact Customer,1
Germany,Male,42,850,119839.69,1,1,3,Medium Risk,Contact Customer,1
Spain,Male,34,581,0.0,2,1,0,Low Risk,Normal Monitoring,0
Germany,Male,38,589,92219.21,1,0,5,High Risk,Immediate Follow-up,0
Germany,Male,48,555,142055.41,2,1,4,Medium Risk,Contact Customer,0
France,Female,49,748,29602.08,1,0,3,Medium Risk,Contact Customer,1
France,Female,46,745,0.0,2,1,1,Low Risk,Normal Monitoring,0
France,Male,34,730,0.0,2,1,0,Low Risk,Normal Monitoring,0
France,Female,44,565,0.0,2,1,0,Low Risk,Normal Monitoring,0
France,Male,37,778,141803.77,1,1,1,Low Risk,Normal Monitoring,0
France,Male,24,812,0.0,2,1,0,Low Risk,Normal Monitoring,0
France,Male,42,526,0.0,1,1,0,Low Risk,Normal Monitoring,0
France,Female,47,708,126589.12,2,1,2,Low Risk,Normal Monitoring,1
France,Male,33,680,108393.35,1,1,1,Low Risk,Normal Monitoring,0
Spain,Male,43,567,115643.58,2,0,3,Medium Risk,Contact Customer,0
Spain,Male,48,564,132876.23,1,0,4,Medium Risk,Contact Customer,0
France,Female,24,709,110949.41,1,1,1,Low Risk,Normal Monitoring,0
France,Male,46,629,130666.2,1,1,2,Low Risk,Normal Monitoring,1
France,Female,45,510,103821.47,2,1,2,Low Risk,Normal Monitoring,0
France,Female,32,506,0.0,1,1,0,Low Risk,Normal Monitoring,0
France,Male,39,605,0.0,1,1,0,Low Risk,Normal Monitoring,0
Spain,Male,32,650,132187.73,2,1,1,Low Risk,Normal Monitoring,0
Germany,Male,49,850,98649.55,1,0,6,High Risk,Immediate Follow-up,1
Germany,Male,38,489,126444.08,2,1,3,Medium Risk,Contact Customer,0
Germany,Female,30,659,154159.51,1,0,5,High Risk,Immediate Follow-up,0
France,Female,43,753,0.0,2,0,2,Low Risk,Normal Monitoring,0
Germany,Male,48,477,129250.0,2,1,4,Medium Risk,Contact Customer,0
Spain,Female,45,610,0.0,1,0,3,Medium Risk,Contact Customer,1
France,Female,33,619,167733.51,2,1,1,Low Risk,Normal Monitoring,0
Germany,Female,31,619,56116.3,2,0,4,Medium Risk,Contact Customer,0
France,Female,30,758,141581.08,1,0,3,Medium Risk,Contact Customer,0
Germany,Male,50,516,139675.07,2,0,6,High Risk,Immediate Follow-up,0
France,Female,27,789,66201.96,1,1,0,Low Risk,Normal Monitoring,0
France,Female,44,687,0.0,2,0,2,Low Risk,Normal Monitoring,1
Germany,Male,34,485,133658.24,1,0,5,High Risk,Immediate Follow-up,0
Germany,Male,25,446,136202.78,1,0,5,High Risk,Immediate Follow-up,0
France,Female,60,597,131778.08,1,0,4,Medium Risk,Contact Customer,1
Spain,Male,74,712,0.0,2,0,3,Medium Risk,Contact Customer,0
France,Female,34,522,0.0,2,1,0,Low Risk,Normal Monitoring,0
Germany,Female,26,805,42712.87,2,1,2,Low Risk,Normal Monitoring,0
France,Female,28,781,0.0,2,0,2,Low Risk,Normal Monitoring,0
Spain,Female,57,689,0.0,2,0,3,Medium Risk,Contact Customer,1
Germany,Male,31,670,142631.54,2,1,3,Medium Risk,Contact Customer,0
France,Male,33,670,141204.65,2,0,3,Medium Risk,Contact Customer,0
Germany,Female,25,524,131402.21,1,0,5,High Risk,Immediate Follow-up,0
Spain,Female,39,734,92636.96,2,1,1,Low Risk,Normal Monitoring,0
France,Female,51,489,0.0,2,1,1,Low Risk,Normal Monitoring,1
Germany,Female,31,578,102088.68,4,0,8,High Risk,Immediate Follow-up,1
Spain,Male,39,622,0.0,2,1,0,Low Risk,Normal Monitoring,0
France,Female,38,843,134887.53,1,1,1,Low Risk,Normal Monitoring,0
France,Male,48,687,0.0,2,1,1,Low Risk,Normal Monitoring,0
Spain,Male,28,700,159900.38,1,0,3,Medium Risk,Contact Customer,0
Germany,Female,50,410,102278.79,2,0,6,High Risk,Immediate Follow-up,0
France,Female,41,537,0.0,2,1,0,Low Risk,Normal Monitoring,0
France,Female,43,780,0.0,1,1,0,Low Risk,Normal Monitoring,0
Spain,Male,58,652,0.0,2,1,1,Low Risk,Normal Monitoring,0
Germany,Male,35,620,76989.97,1,1,2,Low Risk,Normal Monitoring,0
France,Female,23,697,0.0,2,1,0,Low Risk,Normal Monitoring,0
France,Male,35,786,0.0,2,0,2,Low Risk,Normal Monitoring,0
Germany,Female,39,850,114491.82,1,0,5,High Risk,Immediate Follow-up,0
Germany,Male,54,749,144768.94,1,0,6,High Risk,Immediate Follow-up,1
France,Male,31,445,145056.59,1,1,1,Low Risk,Normal Monitoring,0
Germany,Male,50,443,117206.3,1,0,6,High Risk,Immediate Follow-up,1
Germany,Male,41,637,138014.4,2,0,5,High Risk,Immediate Follow-up,0
Germany,Female,45,616,128352.59,3,1,7,High Risk,Immediate Follow-up,1
France,Female,23,756,112568.31,1,1,1,Low Risk,Normal Monitoring,0
France,Male,33,644,0.0,1,0,2,Low Risk,Normal Monitoring,0
Germany,Male,41,850,176958.46,2,1,3,Medium Risk,Contact Customer,0
Germany,Female,38,703,99167.54,1,0,5,High Risk,Immediate Follow-up,0
Spain,Female,42,684,103210.27,1,0,3,Medium Risk,Contact Customer,0
Germany,Female,48,706,104478.12,3,1,7,High Risk,Immediate Follow-up,1
Spain,Male,61,580,125921.37,1,1,2,Low Risk,Normal Monitoring,0
Spain,Female,35,777,0.0,2,1,0,Low Risk,Normal Monitoring,0
Germany,Male,48,676,80697.44,1,0,5,High Risk,Immediate Follow-up,0
France,Female,44,708,161887.81,2,0,3,Medium Risk,Contact Customer,0
France,Male,24,809,109558.36,1,0,3,Medium Risk,Contact Customer,0
France,Male,38,588,124271.26,1,0,3,Medium Risk,Contact Customer,0
France,Male,43,623,0.0,2,1,0,Low Risk,Normal Monitoring,0
Spain,Male,42,537,190569.23,1,1,1,Low Risk,Normal Monitoring,0
Spain,Male,53,536,143923.96,1,0,4,Medium Risk,Contact Customer,1
France,Male,48,769,96542.16,2,1,2,Low Risk,Normal Monitoring,0
France,Male,33,690,0.0,2,0,2,Low Risk,Normal Monitoring,0
Spain,Male,45,771,139825.56,1,0,4,Medium Risk,Contact Customer,1
Germany,Male,24,497,111769.14,2,0,5,High Risk,Immediate Follow-up,0
Spain,Male,37,622,0.0,2,0,2,Low Risk,Normal Monitoring,0
Spain,Male,30,602,113672.18,2,0,3,Medium Risk,Contact Customer,0
France,Female,32,543,147256.86,1,0,3,Medium Risk,Contact Customer,0
Spain,Male,45,520,107023.03,1,0,4,Medium Risk,Contact Customer,0
France,Male,37,669,125529.55,1,1,1,Low Risk,Normal Monitoring,0
Spain,Female,41,631,0.0,1,0,2,Low Risk,Normal Monitoring,0
Germany,Male,48,537,131834.8,1,0,6,High Risk,Immediate Follow-up,1
France,Male,62,732,0.0,2,1,1,Low Risk,Normal Monitoring,0
Spain,Male,56,844,99529.7,1,1,2,Low Risk,Normal Monitoring,1
Spain,Male,35,838,0.0,2,1,0,Low Risk,Normal Monitoring,0
France,Male,27,652,107303.72,2,0,3,Medium Risk,Contact Customer,0
France,Male,33,660,72783.42,1,0,2,Low Risk,Normal Monitoring,0
Spain,Female,44,692,0.0,1,1,0,Low Risk,Normal Monitoring,0
France,Female,35,588,0.0,2,1,0,Low Risk,Normal Monitoring,0
Germany,Female,22,533,115743.6,1,0,5,High Risk,Immediate Follow-up,0
France,Male,43,850,161256.53,1,1,1,Low Risk,Normal Monitoring,0
France,Male,27,511,0.0,2,1,0,Low Risk,Normal Monitoring,0
Spain,Male,44,530,0.0,2,0,2,Low Risk,Normal Monitoring,0
France,Male,31,554,0.0,2,1,0,Low Risk,Normal Monitoring,0
Germany,Female,40,585,162261.01,2,0,5,High Risk,Immediate Follow-up,0
France,Male,39,754,74896.33,1,0,2,Low Risk,Normal Monitoring,0
France,Male,54,474,0.0,1,0,3,Medium Risk,Contact Customer,1
Germany,Male,35,837,144037.6,1,0,5,High Risk,Immediate Follow-up,0
France,Female,23,567,93522.2,1,1,1,Low Risk,Normal Monitoring,0
Spain,Male,38,800,0.0,2,0,2,Low Risk,Normal Monitoring,0
France,Male,18,646,0.0,2,1,0,Low Risk,Normal Monitoring,0
Germany,Male,38,627,106922.92,2,1,3,Medium Risk,Contact Customer,0
France,Male,26,505,112972.57,1,0,3,Medium Risk,Contact Customer,0
Germany,Female,35,566,123042.0,1,0,5,High Risk,Immediate Follow-up,1
Germany,Female,33,619,100488.92,2,1,3,Medium Risk,Contact Customer,0
France,Female,44,757,123322.15,1,0,3,Medium Risk,Contact Customer,0
France,Male,32,648,0.0,1,1,0,Low Risk,Normal Monitoring,0
Spain,Male,42,621,68683.68,1,1,0,Low Risk,Normal Monitoring,0
Germany,Male,49,543,59532.18,1,0,5,High Risk,Immediate Follow-up,0
France,Female,43,658,140260.36,2,0,3,Medium Risk,Contact Customer,0
Germany,Male,50,633,88302.65,1,1,3,Medium Risk,Contact Customer,0
France,Female,19,648,0.0,2,1,0,Low Risk,Normal Monitoring,0
Germany,Male,40,501,114655.58,1,0,5,High Risk,Immediate Follow-up,0
France,Female,42,683,148283.94,1,1,1,Low Risk,Normal Monitoring,1
Spain,Female,38,619,0.0,1,0,2,Low Risk,Normal Monitoring,1
France,Female,35,705,0.0,2,1,0,Low Risk,Normal Monitoring,0
Germany,Female,53,638,123916.67,1,0,6,High Risk,Immediate Follow-up,1
France,Female,31,710,0.0,2,0,2,Low Risk,Normal Monitoring,0
France,Female,54,590,0.0,2,1,1,Low Risk,Normal Monitoring,1
France,Male,43,725,165896.0,2,0,3,Medium Risk,Contact Customer,0
France,Female,32,638,0.0,2,0,2,Low Risk,Normal Monitoring,0
France,Male,36,791,111168.97,1,1,1,Low Risk,Normal Monitoring,0
France,Female,40,702,103549.24,1,0,3,Medium Risk,Contact Customer,1
France,Female,32,607,0.0,2,0,2,Low Risk,Normal Monitoring,0
France,Male,30,535,103804.97,1,1,1,Low Risk,Normal Monitoring,0
France,Male,45,651,165901.59,2,0,4,Medium Risk,Contact Customer,1
Germany,Male,59,506,119152.1,2,1,4,Medium Risk,Contact Customer,0
Spain,Female,57,511,122950.31,1,1,2,Low Risk,Normal Monitoring,0
France,Female,51,757,0.0,1,1,1,Low Risk,Normal Monitoring,1
Germany,Male,49,768,133384.66,1,0,6,High Risk,Immediate Follow-up,1
France,Male,32,757,0.0,2,0,2,Low Risk,Normal Monitoring,0
Spain,Male,64,663,0.0,2,1,1,Low Risk,Normal Monitoring,0
Germany,Female,37,537,158411.95,4,1,6,High Risk,Immediate Follow-up,1
Germany,Male,29,570,122028.65,2,1,3,Medium Risk,Contact Customer,0
France,Female,35,850,0.0,1,1,0,Low Risk,Normal Monitoring,0
Germany,Female,64,661,128751.65,2,0,6,High Risk,Immediate Follow-up,1
France,Male,54,659,133436.52,1,0,4,Medium Risk,Contact Customer,0
Spain,Male,40,454,123177.01,1,0,3,Medium Risk,Contact Customer,0
France,Female,59,708,0.0,1,0,3,Medium Risk,Contact Customer,1
France,Female,37,720,120328.88,2,1,1,Low Risk,Normal Monitoring,0
France,Female,39,785,130147.98,1,0,3,Medium Risk,Contact Customer,1
Spain,Female,36,743,92716.96,1,1,1,Low Risk,Normal Monitoring,0
Spain,Female,48,493,0.0,2,0,3,Medium Risk,Contact Customer,0
Spain,Male,34,557,0.0,1,1,0,Low Risk,Normal Monitoring,0
France,Male,40,850,76914.21,1,0,2,Low Risk,Normal Monitoring,0
France,Female,32,799,106045.92,2,1,1,Low Risk,Normal Monitoring,0
France,Male,34,756,103133.26,1,1,1,Low Risk,Normal Monitoring,0
France,Male,38,752,145974.79,2,1,1,Low Risk,Normal Monitoring,0
Spain,Female,36,696,0.0,3,0,5,High Risk,Immediate Follow-up,0
Spain,Female,49,630,0.0,2,1,1,Low Risk,Normal Monitoring,0
Spain,Female,38,659,0.0,2,1,0,Low Risk,Normal Monitoring,0
Spain,Male,39,685,0.0,2,1,0,Low Risk,Normal Monitoring,0
Spain,Female,31,599,0.0,1,1,0,Low Risk,Normal Monitoring,1
Spain,Female,31,559,139183.06,1,1,1,Low Risk,Normal Monitoring,0
Spain,Male,19,615,0.0,2,0,2,Low Risk,Normal Monitoring,0
Germany,Female,36,580,74974.89,1,1,2,Low Risk,Normal Monitoring,0
Spain,Male,44,487,61691.45,1,1,0,Low Risk,Normal Monitoring,0
Germany,Female,35,646,121952.75,2,1,3,Medium Risk,Contact Customer,0
France,Female,35,811,0.0,1,1,0,Low Risk,Normal Monitoring,0
Spain,Male,35,526,0.0,2,1,0,Low Risk,Normal Monitoring,0
Spain,Male,37,767,0.0,2,1,0,Low Risk,Normal Monitoring,0
France,Female,33,548,80107.83,2,1,0,Low Risk,Normal Monitoring,0
Spain,Female,45,737,0.0,2,1,1,Low Risk,Normal Monitoring,0
Germany,Male,40,613,147856.82,3,0,8,High Risk,Immediate Follow-up,1
Spain,Male,36,711,0.0,2,0,2,Low Risk,Normal Monitoring,0
Spain,Female,53,850,65407.16,2,0,3,Medium Risk,Contact Customer,1
France,Female,53,752,114233.18,1,1,2,Low Risk,Normal Monitoring,0
France,Female,37,710,0.0,2,0,2,Low Risk,Normal Monitoring,0
Spain,Female,53,664,187602.18,1,0,4,Medium Risk,Contact Customer,1
France,Female,22,510,156834.34,1,0,3,Medium Risk,Contact Customer,0
France,Female,34,577,0.0,2,1,0,Low Risk,Normal Monitoring,0
France,Male,42,529,157498.9,1,1,1,Low Risk,Normal Monitoring,0
Spain,Female,44,757,0.0,2,0,2,Low Risk,Normal Monitoring,0
France,Male,41,691,0.0,1,1,0,Low Risk,Normal Monitoring,1
Spain,Male,34,621,0.0,1,0,2,Low Risk,Normal Monitoring,0
Spain,Male,35,709,0.0,2,0,2,Low Risk,Normal Monitoring,0
Spain,Male,19,756,130274.22,1,1,1,Low Risk,Normal Monitoring,0
France,Female,41,788,0.0,1,1,0,Low Risk,Normal Monitoring,0
France,Female,39,705,149379.66,2,0,3,Medium Risk,Contact Customer,0
France,Male,29,483,0.0,1,1,0,Low Risk,Normal Monitoring,0
Spain,Male,35,719,100829.94,1,1,1,Low Risk,Normal Monitoring,0
Germany,Female,32,793,96408.98,1,1,3,Medium Risk,Contact Customer,0
France,Male,41,593,0.0,2,1,0,Low Risk,Normal Monitoring,0
France,Male,52,551,0.0,1,0,3,Medium Risk,Contact Customer,1
France,Male,39,690,0.0,2,0,2,Low Risk,Normal Monitoring,0
France,Male,71,823,149105.08,1,1,2,Low Risk,Normal Monitoring,0
Spain,Male,39,512,0.0,1,0,2,Low Risk,Normal Monitoring,0
Spain,Male,41,802,0.0,2,1,0,Low Risk,Normal Monitoring,0
Spain,Female,34,450,0.0,2,0,2,Low Risk,Normal Monitoring,0
Germany,Male,41,651,90218.11,1,0,5,High Risk,Immediate Follow-up,0
France,Female,33,697,87347.7,1,0,2,Low Risk,Normal Monitoring,0
France,Male,28,611,0.0,2,0,2,Low Risk,Normal Monitoring,0
France,Female,33,643,137811.75,1,1,1,Low Risk,Normal Monitoring,0
France,Male,37,822,105563.0,1,0,3,Medium Risk,Contact Customer,0
France,Male,38,632,0.0,2,0,2,Low Risk,Normal Monitoring,0
Spain,Female,26,575,0.0,2,0,2,Low Risk,Normal Monitoring,0
France,Male,31,672,91125.75,1,0,3,Medium Risk,Contact Customer,0
Spain,Male,39,517,0.0,2,1,0,Low Risk,Normal Monitoring,0
Spain,Male,39,621,0.0,2,0,2,Low Risk,Normal Monitoring,0
Germany,Female,77,775,135120.56,1,0,6,High Risk,Immediate Follow-up,0
France,Male,29,600,0.0,2,1,0,Low Risk,Normal Monitoring,0
France,Male,28,640,0.0,2,1,0,Low Risk,Normal Monitoring,0
France,Female,36,752,86837.95,1,1,0,Low Risk,Normal Monitoring,0
France,Male,26,613,100446.57,1,1,1,Low Risk,Normal Monitoring,0
France,Female,32,484,0.0,2,1,0,Low Risk,Normal Monitoring,0
France,Female,33,511,0.0,2,0,2,Low Risk,Normal Monitoring,0
France,Female,32,745,0.0,4,1,3,Medium Risk,Contact Customer,1
Spain,Female,32,786,114512.59,1,0,3,Medium Risk,Contact Customer,0
France,Male,35,727,136364.46,1,0,3,Medium Risk,Contact Customer,0
France,Male,31,622,106260.67,1,1,1,Low Risk,Normal Monitoring,0
France,Male,24,794,146126.75,1,1,1,Low Risk,Normal Monitoring,0
Spain,Male,52,636,111284.53,1,1,2,Low Risk,Normal Monitoring,1
Spain,Female,42,741,121056.63,2,0,3,Medium Risk,Contact Customer,0
France,Male,34,687,128270.56,1,0,3,Medium Risk,Contact Customer,0
Spain,Male,30,660,0.0,2,0,2,Low Risk,Normal Monitoring,0
France,Male,35,660,0.0,2,0,2,Low Risk,Normal Monitoring,0
France,Female,79,617,0.0,1,1,1,Low Risk,Normal Monitoring,0
France,Male,32,762,191775.65,1,0,3,Medium Risk,Contact Customer,0
Spain,Female,35,752,0.0,1,0,2,Low Risk,Normal Monitoring,1
Spain,Male,34,561,85141.79,2,1,0,Low Risk,Normal Monitoring,0
France,Male,26,609,126392.18,1,1,1,Low Risk,Normal Monitoring,0
France,Male,28,803,0.0,2,0,2,Low Risk,Normal Monitoring,0
France,Female,40,556,129860.37,1,0,3,Medium Risk,Contact Customer,0
France,Female,53,531,127642.44,1,0,4,Medium Risk,Contact Customer,1
France,Female,35,411,0.0,2,1,0,Low Risk,Normal Monitoring,0
Germany,Female,44,587,125584.17,2,1,3,Medium Risk,Contact Customer,1
Spain,Male,56,683,50911.21,3,0,6,High Risk,Immediate Follow-up,1
France,Male,29,654,91955.61,1,0,3,Medium Risk,Contact Customer,0
Germany,Female,36,670,84266.44,2,0,4,Medium Risk,Contact Customer,0
France,Female,36,655,147149.59,1,1,1,Low Risk,Normal Monitoring,0
France,Female,36,752,0.0,2,0,2,Low Risk,Normal Monitoring,0
France,Female,23,534,104822.45,1,1,1,Low Risk,Normal Monitoring,0
France,Male,42,635,146766.72,2,1,1,Low Risk,Normal Monitoring,0
Germany,Male,70,491,148745.92,2,1,4,Medium Risk,Contact Customer,0
France,Male,27,516,0.0,1,0,2,Low Risk,Normal Monitoring,1
France,Female,48,530,0.0,1,0,3,Medium Risk,Contact Customer,0
Spain,Male,35,687,0.0,2,1,0,Low Risk,Normal Monitoring,0
France,Female,41,684,135203.81,2,1,1,Low Risk,Normal Monitoring,0
Germany,Male,23,706,93301.97,2,1,3,Medium Risk,Contact Customer,0
Germany,Male,33,490,96341.0,2,0,5,High Risk,Immediate Follow-up,0
France,Male,44,796,165326.2,1,1,1,Low Risk,Normal Monitoring,0
France,Male,27,849,0.0,2,1,0,Low Risk,Normal Monitoring,0
France,Female,41,779,99786.2,1,0,3,Medium Risk,Contact Customer,0
Spain,Female,22,794,114440.24,1,1,1,Low Risk,Normal Monitoring,0
Spain,Male,36,748,141573.55,1,0,3,Medium Risk,Contact Customer,0
Spain,Female,22,663,0.0,1,0,2,Low Risk,Normal Monitoring,1
Spain,Female,55,645,133676.65,1,1,2,Low Risk,Normal Monitoring,0
France,Female,33,464,147493.7,2,0,3,Medium Risk,Contact Customer,0
France,Male,54,737,0.0,1,0,3,Medium Risk,Contact Customer,1
France,Female,29,590,0.0,2,0,2,Low Risk,Normal Monitoring,0
Germany,Female,37,522,95022.57,1,1,3,Medium Risk,Contact Customer,0
France,Female,34,648,0.0,1,0,2,Low Risk,Normal Monitoring,0
France,Male,37,754,0.0,1,1,0,Low Risk,Normal Monitoring,0
France,Male,50,669,149713.61,3,1,5,High Risk,Immediate Follow-up,1
Germany,Female,43,648,107963.38,1,0,5,High Risk,Immediate Follow-up,1
France,Male,40,763,0.0,2,0,2,Low Risk,Normal Monitoring,0
Spain,Male,32,790,0.0,1,0,2,Low Risk,Normal Monitoring,0
France,Male,37,581,0.0,2,1,0,Low Risk,Normal Monitoring,0
France,Male,43,703,0.0,2,0,2,Low Risk,Normal Monitoring,0
France,Female,33,571,102017.25,2,0,3,Medium Risk,Contact Customer,0
Spain,Female,27,657,0.0,2,0,2,Low Risk,Normal Monitoring,0
France,Male,44,737,0.0,2,0,2,Low Risk,Normal Monitoring,0
Spain,Male,29,793,96674.55,2,0,3,Medium Risk,Contact Customer,0
Spain,Female,44,783,81811.71,1,0,2,Low Risk,Normal Monitoring,1
Spain,Male,33,751,79281.61,1,0,2,Low Risk,Normal Monitoring,0
France,Male,31,579,0.0,2,0,2,Low Risk,Normal Monitoring,0
Germany,Female,36,655,122314.39,1,0,5,High Risk,Immediate Follow-up,0
Germany,Male,43,614,140733.74,1,1,3,Medium Risk,Contact Customer,0
Germany,Male,49,678,116933.11,1,0,6,High Risk,Immediate Follow-up,1
Spain,Male,41,562,165445.04,2,0,3,Medium Risk,Contact Customer,0
Germany,Female,53,711,123805.03,1,0,6,High Risk,Immediate Follow-up,0
France,Male,37,620,107548.94,1,0,3,Medium Risk,Contact Customer,0
France,Male,49,437,111634.29,2,1,2,Low Risk,Normal Monitoring,0
Germany,Female,41,691,109153.96,3,1,6,High Risk,Immediate Follow-up,1
Spain,Female,34,552,0.0,2,0,2,Low Risk,Normal Monitoring,0
Germany,Male,34,765,86055.17,2,1,2,Low Risk,Normal Monitoring,0
Germany,Female,51,707,98438.23,1,0,6,High Risk,Immediate Follow-up,1
Spain,Male,29,764,0.0,2,0,2,Low Risk,Normal Monitoring,0
France,Female,32,585,144705.87,2,0,3,Medium Risk,Contact Customer,0
France,Male,31,784,0.0,2,1,0,Low Risk,Normal Monitoring,0
France,Male,41,605,91612.91,1,1,1,Low Risk,Normal Monitoring,0
Spain,Male,40,699,0.0,1,0,2,Low Risk,Normal Monitoring,0
France,Female,40,544,0.0,1,1,0,Low Risk,Normal Monitoring,0
France,Female,32,803,192122.84,1,1,1,Low Risk,Normal Monitoring,1
France,Male,41,735,179904.0,1,1,1,Low Risk,Normal Monitoring,0
France,Male,59,673,178058.06,2,1,2,Low Risk,Normal Monitoring,1
France,Male,30,652,176166.56,2,1,1,Low Risk,Normal Monitoring,0
France,Male,42,694,156864.2,2,0,3,Medium Risk,Contact Customer,0
France,Female,44,741,0.0,2,1,0,Low Risk,Normal Monitoring,0
Spain,Male,30,590,0.0,2,0,2,Low Risk,Normal Monitoring,0
Spain,Female,33,809,0.0,2,1,0,Low Risk,Normal Monitoring,0
France,Male,34,523,161588.89,1,1,1,Low Risk,Normal Monitoring,0
France,Male,48,540,109349.29,1,0,4,Medium Risk,Contact Customer,1
Spain,Female,29,596,0.0,2,0,2,Low Risk,Normal Monitoring,0
France,Female,36,597,0.0,2,1,0,Low Risk,Normal Monitoring,0
Spain,Male,37,407,0.0,1,1,0,Low Risk,Normal Monitoring,1
France,Male,60,748,152335.7,1,0,4,Medium Risk,Contact Customer,1
France,Female,51,562,124662.54,1,1,2,Low Risk,Normal Monitoring,1
Germany,Female,47,734,91522.04,2,1,4,Medium Risk,Contact Customer,0
France,Male,45,710,0.0,2,1,1,Low Risk,Normal Monitoring,0
Spain,Female,39,539,62052.28,1,1,0,Low Risk,Normal Monitoring,0
France,Male,32,542,107871.72,1,0,3,Medium Risk,Contact Customer,0
France,Female,36,717,99472.76,2,0,3,Medium Risk,Contact Customer,1
Spain,Female,50,682,128039.01,1,1,2,Low Risk,Normal Monitoring,0
France,Male,33,515,0.0,2,1,0,Low Risk,Normal Monitoring,0
Spain,Female,33,526,114634.63,2,0,3,Medium Risk,Contact Customer,1
France,Male,26,702,56738.47,2,1,0,Low Risk,Normal Monitoring,1
Germany,Male,34,651,90355.12,2,0,5,High Risk,Immediate Follow-up,0
Germany,Male,36,792,115725.24,2,0,5,High Risk,Immediate Follow-up,0
Germany,Male,58,817,114327.59,2,1,4,Medium Risk,Contact Customer,0
Germany,Female,36,674,100762.64,1,0,5,High Risk,Immediate Follow-up,0
France,Female,40,641,0.0,1,0,2,Low Risk,Normal Monitoring,1
Spain,Male,39,513,89039.9,2,1,0,Low Risk,Normal Monitoring,0
France,Male,34,561,78829.53,1,1,0,Low Risk,Normal Monitoring,0
Germany,Male,30,627,112372.96,1,1,3,Medium Risk,Contact Customer,0
Germany,Male,81,682,122029.15,1,1,4,Medium Risk,Contact Customer,0
France,Female,29,683,157829.12,1,0,3,Medium Risk,Contact Customer,0
Germany,Female,31,420,108377.75,2,1,3,Medium Risk,Contact Customer,0
France,Female,54,670,95507.12,1,1,2,Low Risk,Normal Monitoring,0
Germany,Male,43,505,127146.68,1,0,5,High Risk,Immediate Follow-up,0
Germany,Male,24,580,133811.78,1,0,5,High Risk,Immediate Follow-up,1
France,Male,36,577,121092.47,2,1,1,Low Risk,Normal Monitoring,0
Germany,Male,34,773,126979.75,1,0,5,High Risk,Immediate Follow-up,0
France,Male,37,616,144235.73,2,0,3,Medium Risk,Contact Customer,1
France,Female,38,763,152582.2,2,0,3,Medium Risk,Contact Customer,0
Spain,Male,43,640,172478.15,1,0,3,Medium Risk,Contact Customer,1
France,Male,36,592,126477.42,1,0,3,Medium Risk,Contact Customer,0
Spain,Male,43,528,97473.87,2,1,1,Low Risk,Normal Monitoring,0
France,Male,53,630,138053.67,1,1,2,Low Risk,Normal Monitoring,0
France,Female,31,529,164003.05,2,1,1,Low Risk,Normal Monitoring,0
France,Female,47,546,0.0,1,1,1,Low Risk,Normal Monitoring,1
France,Female,62,753,0.0,2,1,1,Low Risk,Normal Monitoring,0
Spain,Female,39,772,122486.11,2,1,1,Low Risk,Normal Monitoring,0
France,Male,36,567,0.0,2,0,2,Low Risk,Normal Monitoring,0
Germany,Female,45,628,53667.44,1,0,5,High Risk,Immediate Follow-up,0
France,Male,20,658,0.0,2,0,2,Low Risk,Normal Monitoring,0
Spain,Male,58,679,109327.65,1,1,2,Low Risk,Normal Monitoring,0
Spain,Male,34,629,121151.05,1,0,3,Medium Risk,Contact Customer,0
Spain,Male,42,731,101043.63,1,1,1,Low Risk,Normal Monitoring,0
Germany,Male,33,775,83501.66,2,0,4,Medium Risk,Contact Customer,0
Spain,Male,33,660,80462.24,1,0,2,Low Risk,Normal Monitoring,0
France,Male,39,752,0.0,1,0,2,Low Risk,Normal Monitoring,0
France,Male,37,655,109093.41,2,0,3,Medium Risk,Contact Customer,0
Spain,Female,46,543,140355.6,1,1,2,Low Risk,Normal Monitoring,0
France,Male,42,811,0.0,2,1,0,Low Risk,Normal Monitoring,0
Germany,Male,45,689,130170.82,2,0,6,High Risk,Immediate Follow-up,0
France,Female,42,531,0.0,2,1,0,Low Risk,Normal Monitoring,0
France,Male,40,515,109542.29,1,1,1,Low Risk,Normal Monitoring,0
France,Female,41,466,33563.95,2,0,2,Low Risk,Normal Monitoring,1
France,Male,36,782,148795.17,2,1,1,Low Risk,Normal Monitoring,0
France,Male,64,611,0.0,2,1,1,Low Risk,Normal Monitoring,0
Germany,Male,40,621,174126.75,3,0,8,High Risk,Immediate Follow-up,1
Spain,Male,41,604,0.0,1,0,2,Low Risk,Normal Monitoring,0
Spain,Female,35,655,106405.03,1,1,1,Low Risk,Normal Monitoring,0
Spain,Male,38,689,0.0,1,1,0,Low Risk,Normal Monitoring,0
Spain,Male,30,681,128393.29,1,1,1,Low Risk,Normal Monitoring,0
Germany,Male,41,643,127841.52,1,0,5,High Risk,Immediate Follow-up,0
France,Female,24,617,137295.19,2,1,1,Low Risk,Normal Monitoring,0
Spain,Female,55,638,155828.22,1,1,2,Low Risk,Normal Monitoring,1
France,Male,39,743,0.0,2,0,2,Low Risk,Normal Monitoring,0
Germany,Female,25,828,144351.86,1,0,5,High Risk,Immediate Follow-up,0
Spain,Male,35,776,106365.29,1,1,1,Low Risk,Normal Monitoring,0
Germany,Male,35,540,127801.88,1,1,3,Medium Risk,Contact Customer,0
Germany,Female,45,616,122793.96,1,1,4,Medium Risk,Contact Customer,0
Germany,Male,38,628,113525.84,1,0,5,High Risk,Immediate Follow-up,1
Spain,Female,23,667,136100.69,2,0,3,Medium Risk,Contact Customer,1
France,Male,30,615,0.0,2,1,0,Low Risk,Normal Monitoring,0
France,Male,30,543,140916.81,1,0,3,Medium Risk,Contact Customer,0
France,Female,31,553,0.0,2,1,0,Low Risk,Normal Monitoring,0
Germany,Male,26,554,121365.39,1,1,3,Medium Risk,Contact Customer,0
Spain,Female,36,684,0.0,1,0,2,Low Risk,Normal Monitoring,0
France,Female,35,452,0.0,2,0,2,Low Risk,Normal Monitoring,0
France,Male,47,606,93578.68,2,1,2,Low Risk,Normal Monitoring,1
France,Male,40,629,0.0,1,0,2,Low Risk,Normal Monitoring,0
Spain,Female,33,659,115409.6,1,1,1,Low Risk,Normal Monitoring,0
France,Female,33,493,90791.69,1,1,1,Low Risk,Normal Monitoring,0
France,Female,62,794,123681.32,3,0,7,High Risk,Immediate Follow-up,1
France,Female,44,554,92436.86,1,0,3,Medium Risk,Contact Customer,0
Germany,Female,52,796,167194.36,1,1,4,Medium Risk,Contact Customer,1
France,Female,36,807,0.0,2,1,0,Low Risk,Normal Monitoring,0
Germany,Male,44,500,160838.13,2,0,5,High Risk,Immediate Follow-up,0
Spain,Male,43,722,0.0,1,0,2,Low Risk,Normal Monitoring,1
Spain,Female,40,559,144470.77,1,1,1,Low Risk,Normal Monitoring,0
Spain,Female,38,584,0.0,2,1,0,Low Risk,Normal Monitoring,0
Germany,Female,68,834,130169.27,2,1,4,Medium Risk,Contact Customer,0
Spain,Male,35,754,0.0,2,1,0,Low Risk,Normal Monitoring,0
France,Male,43,590,81076.8,2,1,0,Low Risk,Normal Monitoring,1
France,Male,36,740,0.0,1,1,0,Low Risk,Normal Monitoring,0
Germany,Female,57,502,101465.31,1,0,6,High Risk,Immediate Follow-up,1
France,Male,48,733,0.0,1,1,1,Low Risk,Normal Monitoring,0
Germany,Female,37,755,113865.23,2,1,3,Medium Risk,Contact Customer,0
Spain,Female,46,554,87603.35,3,1,4,Medium Risk,Contact Customer,1
France,Male,36,534,120037.96,1,0,3,Medium Risk,Contact Customer,0
Spain,Male,33,656,0.0,2,0,2,Low Risk,Normal Monitoring,0
Germany,Male,49,575,121205.15,4,1,7,High Risk,Immediate Follow-up,1
Spain,Male,47,480,75408.33,1,0,3,Medium Risk,Contact Customer,1
France,Male,40,575,0.0,2,1,0,Low Risk,Normal Monitoring,0
France,Female,40,672,0.0,1,0,2,Low Risk,Normal Monitoring,1
Spain,Female,35,758,0.0,2,0,2,Low Risk,Normal Monitoring,0
France,Male,50,682,121818.84,2,1,2,Low Risk,Normal Monitoring,0
France,Female,29,501,0.0,2,0,2,Low Risk,Normal Monitoring,0
Germany,Male,34,746,141806.0,2,1,3,Medium Risk,Contact Customer,0
France,Female,51,556,61354.14,1,0,3,Medium Risk,Contact Customer,1
Germany,Female,53,823,124954.94,1,1,4,Medium Risk,Contact Customer,1
Germany,Female,68,491,95039.12,1,1,4,Medium Risk,Contact Customer,1
France,Female,29,638,103417.74,1,1,1,Low Risk,Normal Monitoring,0
France,Male,45,734,0.0,2,0,3,Medium Risk,Contact Customer,0
France,Male,40,555,43028.77,1,0,2,Low Risk,Normal Monitoring,0
Germany,Female,44,745,119638.21,1,1,3,Medium Risk,Contact Customer,1
France,Male,37,728,122689.51,2,0,3,Medium Risk,Contact Customer,1
France,Male,44,626,0.0,2,0,2,Low Risk,Normal Monitoring,0
Germany,Male,37,681,73179.34,2,1,2,Low Risk,Normal Monitoring,0
France,Female,38,478,171913.87,1,0,3,Medium Risk,Contact Customer,1
France,Male,38,709,0.0,2,1,0,Low Risk,Normal Monitoring,0
Germany,Male,33,562,92659.2,2,0,5,High Risk,Immediate Follow-up,0
Germany,Female,34,769,137239.17,1,1,3,Medium Risk,Contact Customer,1
Germany,Female,46,684,102955.14,2,0,6,High Risk,Immediate Follow-up,0
France,Female,61,536,65190.29,1,1,1,Low Risk,Normal Monitoring,1
Germany,Female,29,631,96863.52,2,1,3,Medium Risk,Contact Customer,0
Spain,Male,34,657,154983.98,1,0,3,Medium Risk,Contact Customer,0
Germany,Male,59,699,106819.65,1,1,4,Medium Risk,Contact Customer,0
Spain,Male,38,606,128578.52,1,1,1,Low Risk,Normal Monitoring,0
France,Female,63,612,126473.33,1,1,2,Low Risk,Normal Monitoring,0
France,Female,38,660,110570.78,2,0,3,Medium Risk,Contact Customer,0
Spain,Male,50,829,0.0,2,1,1,Low Risk,Normal Monitoring,0
Spain,Male,29,567,0.0,2,0,2,Low Risk,Normal Monitoring,0
France,Female,33,850,0.0,2,1,0,Low Risk,Normal Monitoring,0
Spain,Female,44,712,0.0,2,0,2,Low Risk,Normal Monitoring,0
France,Male,30,562,111099.79,2,0,3,Medium Risk,Contact Customer,0
France,Female,29,755,0.0,3,0,5,High Risk,Immediate Follow-up,0
Spain,Male,25,793,100913.57,1,0,3,Medium Risk,Contact Customer,0
Spain,Male,26,471,0.0,2,1,0,Low Risk,Normal Monitoring,0
France,Male,42,707,16893.59,1,1,0,Low Risk,Normal Monitoring,0
Spain,Male,38,784,122267.85,1,0,3,Medium Risk,Contact Customer,0
France,Male,32,703,125685.79,1,1,1,Low Risk,Normal Monitoring,0
Spain,Male,36,704,127397.34,1,0,3,Medium Risk,Contact Customer,0
France,Male,38,662,105271.56,1,1,1,Low Risk,Normal Monitoring,0
Germany,Female,28,636,115265.14,1,0,5,High Risk,Immediate Follow-up,0
Spain,Male,36,640,0.0,1,0,2,Low Risk,Normal Monitoring,0
Spain,Male,31,739,0.0,2,1,0,Low Risk,Normal Monitoring,0
Germany,Male,23,767,139542.82,1,1,3,Medium Risk,Contact Customer,0
Germany,Female,46,753,111512.75,3,0,9,High Risk,Immediate Follow-up,1
France,Male,37,714,148466.93,2,1,1,Low Risk,Normal Monitoring,0
France,Male,29,707,0.0,2,0,2,Low Risk,Normal Monitoring,0
France,Female,35,577,108155.49,1,0,3,Medium Risk,Contact Customer,0
France,Female,42,633,0.0,2,0,2,Low Risk,Normal Monitoring,0
Germany,Male,41,849,84622.13,1,1,2,Low Risk,Normal Monitoring,0
Spain,Female,41,614,146997.64,2,0,3,Medium Risk,Contact Customer,0
France,Female,47,558,0.0,2,0,3,Medium Risk,Contact Customer,0
France,Female,27,832,98590.25,1,0,3,Medium Risk,Contact Customer,0
France,Female,26,567,0.0,2,1,0,Low Risk,Normal Monitoring,0
Germany,Female,45,587,134980.74,1,1,4,Medium Risk,Contact Customer,1
Spain,Female,79,712,108078.56,1,1,2,Low Risk,Normal Monitoring,0
Spain,Female,29,655,0.0,2,1,0,Low Risk,Normal Monitoring,0
France,Female,42,641,0.0,2,0,2,Low Risk,Normal Monitoring,0
France,Male,35,676,106836.67,2,0,3,Medium Risk,Contact Customer,0
France,Male,29,472,102490.27,1,1,1,Low Risk,Normal Monitoring,0
Germany,Male,34,644,112746.54,2,0,5,High Risk,Immediate Follow-up,0
France,Male,38,598,125487.89,1,0,3,Medium Risk,Contact Customer,0
Spain,Male,25,792,142862.21,1,1,1,Low Risk,Normal Monitoring,0
France,Female,37,700,0.0,2,0,2,Low Risk,Normal Monitoring,0
France,Male,34,616,0.0,2,0,2,Low Risk,Normal Monitoring,0
Spain,Male,35,743,79388.33,1,1,0,Low Risk,Normal Monitoring,0
France,Male,37,427,0.0,2,1,0,Low Risk,Normal Monitoring,0
France,Male,29,731,0.0,2,1,0,Low Risk,Normal Monitoring,0
France,Female,31,610,107784.65,1,1,1,Low Risk,Normal Monitoring,0
Spain,Female,41,724,142880.28,3,0,6,High Risk,Immediate Follow-up,1
Spain,Female,38,653,149571.94,1,0,3,Medium Risk,Contact Customer,0
France,Male,49,774,142767.39,1,1,2,Low Risk,Normal Monitoring,0
Germany,Male,49,547,121537.71,2,0,6,High Risk,Immediate Follow-up,1
Spain,Male,50,719,0.0,2,0,3,Medium Risk,Contact Customer,0
Spain,Male,43,740,0.0,1,0,2,Low Risk,Normal Monitoring,1
France,Male,42,543,89838.71,3,0,5,High Risk,Immediate Follow-up,1
Germany,Male,45,688,103399.87,1,0,6,High Risk,Immediate Follow-up,0
France,Female,30,474,0.0,2,0,2,Low Risk,Normal Monitoring,0
Germany,Male,43,505,136855.94,2,0,5,High Risk,Immediate Follow-up,0
France,Female,39,688,0.0,2,0,2,Low Risk,Normal Monitoring,1
Germany,Female,55,650,140891.46,3,1,7,High Risk,Immediate Follow-up,1
France,Male,37,610,0.0,1,0,2,Low Risk,Normal Monitoring,0
Spain,Female,46,705,89364.91,1,1,1,Low Risk,Normal Monitoring,0
France,Female,29,669,146011.4,1,0,3,Medium Risk,Contact Customer,0
Spain,Male,20,650,0.0,2,1,0,Low Risk,Normal Monitoring,0
Germany,Male,29,550,145294.08,2,0,5,High Risk,Immediate Follow-up,0
Germany,Female,45,595,106000.12,1,0,6,High Risk,Immediate Follow-up,1
Spain,Female,26,572,0.0,2,0,2,Low Risk,Normal Monitoring,0
Spain,Female,58,622,0.0,2,1,1,Low Risk,Normal Monitoring,0
Spain,Male,20,662,104508.77,2,0,3,Medium Risk,Contact Customer,0
Germany,Female,58,783,127539.3,1,1,4,Medium Risk,Contact Customer,1
Spain,Male,44,714,0.0,1,1,0,Low Risk,Normal Monitoring,0
Germany,Male,51,671,96891.46,1,0,6,High Risk,Immediate Follow-up,1
France,Female,32,600,78535.25,1,0,2,Low Risk,Normal Monitoring,0
Spain,Female,37,847,112712.17,1,0,3,Medium Risk,Contact Customer,0
Spain,Male,55,650,119618.42,1,1,2,Low Risk,Normal Monitoring,0
Spain,Female,28,710,0.0,1,0,2,Low Risk,Normal Monitoring,0
France,Female,33,682,74963.5,1,1,0,Low Risk,Normal Monitoring,0
France,Male,26,642,138023.79,2,1,1,Low Risk,Normal Monitoring,0
Spain,Female,28,536,0.0,1,1,0,Low Risk,Normal Monitoring,0
France,Female,47,754,185513.67,1,0,4,Medium Risk,Contact Customer,0
France,Male,60,678,185648.56,1,0,4,Medium Risk,Contact Customer,1
Germany,Female,49,533,102286.6,3,0,9,High Risk,Immediate Follow-up,1
Germany,Male,38,741,128015.83,1,0,5,High Risk,Immediate Follow-up,0
France,Male,31,757,39539.39,2,0,2,Low Risk,Normal Monitoring,0
France,Male,40,721,0.0,1,1,0,Low Risk,Normal Monitoring,0
France,Male,37,700,77608.46,2,1,0,Low Risk,Normal Monitoring,0
France,Male,26,663,141462.13,1,0,3,Medium Risk,Contact Customer,0
Spain,Female,35,677,0.0,2,0,2,Low Risk,Normal Monitoring,0
France,Male,27,655,131691.33,1,0,3,Medium Risk,Contact Customer,0
Spain,Male,29,832,93833.86,1,1,1,Low Risk,Normal Monitoring,0
Spain,Female,46,721,137933.39,1,1,2,Low Risk,Normal Monitoring,0
Spain,Male,54,542,105770.14,1,1,2,Low Risk,Normal Monitoring,1
Spain,Female,54,654,0.0,2,1,1,Low Risk,Normal Monitoring,0
Spain,Female,38,821,0.0,2,1,0,Low Risk,Normal Monitoring,1
France,Female,38,508,166328.65,2,1,1,Low Risk,Normal Monitoring,0
Germany,Female,42,588,164307.77,1,0,5,High Risk,Immediate Follow-up,0
Germany,Male,38,691,163965.69,2,1,3,Medium Risk,Contact Customer,0
France,Male,40,664,125608.72,1,0,3,Medium Risk,Contact Customer,0
France,Female,66,439,0.0,1,0,3,Medium Risk,Contact Customer,0
Spain,Male,37,479,118433.94,1,1,1,Low Risk,Normal Monitoring,0
France,Female,55,850,98488.08,1,0,4,Medium Risk,Contact Customer,1
France,Male,40,518,0.0,2,1,0,Low Risk,Normal Monitoring,0
Germany,Female,64,717,98362.35,2,1,4,Medium Risk,Contact Customer,0
France,Female,51,698,144237.91,4,0,7,High Risk,Immediate Follow-up,1
France,Male,34,850,0.0,1,1,0,Low Risk,Normal Monitoring,0
Spain,Male,47,700,0.0,1,0,3,Medium Risk,Contact Customer,1
France,Female,29,626,105767.28,2,0,3,Medium Risk,Contact Customer,0
Spain,Male,32,774,0.0,2,0,2,Low Risk,Normal Monitoring,0
Spain,Female,48,719,0.0,2,0,3,Medium Risk,Contact Customer,0
Spain,Male,31,646,0.0,1,1,0,Low Risk,Normal Monitoring,1
France,Female,25,485,134467.26,1,1,1,Low Risk,Normal Monitoring,0
Germany,Male,38,784,138515.02,1,1,3,Medium Risk,Contact Customer,0
Germany,Male,32,850,128647.98,2,0,5,High Risk,Immediate Follow-up,0
France,Female,38,669,121858.98,1,0,3,Medium Risk,Contact Customer,0
Spain,Male,70,731,0.0,2,1,1,Low Risk,Normal Monitoring,0
France,Female,49,721,120108.56,1,1,2,Low Risk,Normal Monitoring,0
France,Female,37,515,196853.62,1,1,1,Low Risk,Normal Monitoring,0
France,Female,35,774,121418.62,1,1,1,Low Risk,Normal Monitoring,0
Spain,Male,36,585,0.0,2,1,0,Low Risk,Normal Monitoring,0
France,Female,29,695,0.0,2,0,2,Low Risk,Normal Monitoring,0
Germany,Female,42,729,97495.8,2,0,5,High Risk,Immediate Follow-up,0
France,Female,42,713,0.0,2,0,2,Low Risk,Normal Monitoring,0
Spain,Male,33,555,127343.4,1,1,1,Low Risk,Normal Monitoring,0
Spain,Female,50,699,158633.61,1,0,4,Medium Risk,Contact Customer,0
France,Male,55,587,0.0,1,0,3,Medium Risk,Contact Customer,0
Spain,Female,69,762,183744.98,1,1,2,Low Risk,Normal Monitoring,0
France,Male,44,510,0.0,2,1,0,Low Risk,Normal Monitoring,0
Spain,Male,46,842,0.0,1,0,3,Medium Risk,Contact Customer,0
France,Male,31,608,79962.92,2,0,2,Low Risk,Normal Monitoring,0
France,Female,36,850,0.0,2,1,0,Low Risk,Normal Monitoring,0
France,Male,36,642,0.0,2,1,0,Low Risk,Normal Monitoring,0
France,Male,33,850,140956.99,1,0,3,Medium Risk,Contact Customer,0
Spain,Female,43,455,0.0,1,1,0,Low Risk,Normal Monitoring,0
France,Male,29,726,0.0,2,1,0,Low Risk,Normal Monitoring,1
Spain,Male,30,544,145241.63,1,1,1,Low Risk,Normal Monitoring,0
Germany,Male,31,651,138008.06,2,0,5,High Risk,Immediate Follow-up,0
France,Female,31,814,0.0,2,1,0,Low Risk,Normal Monitoring,0
France,Male,39,537,0.0,2,1,0,Low Risk,Normal Monitoring,0
France,Male,37,553,0.0,2,0,2,Low Risk,Normal Monitoring,0
Spain,Male,38,800,0.0,1,0,2,Low Risk,Normal Monitoring,0
France,Male,34,791,0.0,2,0,2,Low Risk,Normal Monitoring,0
Spain,Female,29,699,127570.93,2,0,3,Medium Risk,Contact Customer,0
France,Female,28,756,0.0,1,1,0,Low Risk,Normal Monitoring,0
Spain,Female,27,591,107812.67,1,1,1,Low Risk,Normal Monitoring,1
Germany,Male,22,850,91560.58,2,0,5,High Risk,Immediate Follow-up,0
Germany,Male,34,760,121303.77,2,1,3,Medium Risk,Contact Customer,0
Spain,Male,43,569,161546.68,2,1,1,Low Risk,Normal Monitoring,0
Spain,Female,35,661,128415.45,1,0,3,Medium Risk,Contact Customer,0
France,Female,31,670,57530.06,1,1,0,Low Risk,Normal Monitoring,1
France,Male,38,694,0.0,2,1,0,Low Risk,Normal Monitoring,0
France,Female,28,728,142243.54,2,0,3,Medium Risk,Contact Customer,0
Germany,Female,39,764,138341.51,1,0,5,High Risk,Immediate Follow-up,1
France,Male,32,639,0.0,2,0,2,Low Risk,Normal Monitoring,0
France,Female,30,683,0.0,2,1,0,Low Risk,Normal Monitoring,1
Spain,Male,30,663,0.0,3,0,5,High Risk,Immediate Follow-up,0
Spain,Male,41,826,146466.46,2,0,3,Medium Risk,Contact Customer,0
Spain,Male,36,735,0.0,2,0,2,Low Risk,Normal Monitoring,0
France,Female,58,682,0.0,1,1,1,Low Risk,Normal Monitoring,0
France,Female,39,663,0.0,2,1,0,Low Risk,Normal Monitoring,0
Spain,Female,29,562,120307.58,1,1,1,Low Risk,Normal Monitoring,0
France,Male,27,696,87637.26,2,0,2,Low Risk,Normal Monitoring,0
Spain,Male,38,850,94652.04,1,1,1,Low Risk,Normal Monitoring,0
France,Female,22,719,114415.84,1,1,1,Low Risk,Normal Monitoring,0
France,Female,71,804,0.0,2,1,1,Low Risk,Normal Monitoring,0
France,Male,40,604,84315.02,1,0,2,Low Risk,Normal Monitoring,0
Spain,Female,27,782,0.0,2,0,2,Low Risk,Normal Monitoring,0
Germany,Male,42,512,93955.83,2,0,5,High Risk,Immediate Follow-up,0
France,Male,36,569,67087.69,1,0,2,Low Risk,Normal Monitoring,0
Germany,Female,22,597,101528.61,1,0,5,High Risk,Immediate Follow-up,1
Germany,Male,30,753,110824.52,1,1,3,Medium Risk,Contact Customer,0
France,Female,33,430,0.0,1,1,0,Low Risk,Normal Monitoring,0
France,Male,28,756,179960.2,1,0,3,Medium Risk,Contact Customer,0
France,Male,38,493,134006.77,1,0,3,Medium Risk,Contact Customer,0
Germany,Female,37,777,121532.17,2,1,3,Medium Risk,Contact Customer,0
Spain,Female,38,779,0.0,2,1,0,Low Risk,Normal Monitoring,0
Spain,Female,38,702,0.0,1,1,0,Low Risk,Normal Monitoring,0
France,Male,35,551,129717.3,2,0,3,Medium Risk,Contact Customer,0
Germany,Male,22,749,94762.16,2,1,3,Medium Risk,Contact Customer,0
Germany,Male,55,742,155196.17,1,1,4,Medium Risk,Contact Customer,1
Germany,Male,29,752,129514.99,1,1,3,Medium Risk,Contact Customer,0
Germany,Female,57,740,113386.36,2,1,4,Medium Risk,Contact Customer,1
France,Male,24,576,0.0,1,1,0,Low Risk,Normal Monitoring,1
Spain,Male,43,637,172196.23,1,1,1,Low Risk,Normal Monitoring,0
France,Male,28,724,97612.12,1,1,1,Low Risk,Normal Monitoring,0
France,Male,20,685,104719.94,2,0,3,Medium Risk,Contact Customer,0
France,Female,38,625,0.0,1,0,2,Low Risk,Normal Monitoring,0
Germany,Male,37,571,139592.98,3,0,8,High Risk,Immediate Follow-up,1
Spain,Female,29,584,0.0,2,0,2,Low Risk,Normal Monitoring,0
France,Female,22,550,139096.85,1,0,3,Medium Risk,Contact Customer,0
Spain,Female,72,662,140301.72,1,1,2,Low Risk,Normal Monitoring,0
Spain,Male,43,803,0.0,1,0,2,Low Risk,Normal Monitoring,0
France,Male,66,615,0.0,2,1,1,Low Risk,Normal Monitoring,0
Spain,Male,39,481,111233.09,1,1,1,Low Risk,Normal Monitoring,0
France,Male,23,701,0.0,2,0,2,Low Risk,Normal Monitoring,0
France,Male,29,751,147737.63,1,1,1,Low Risk,Normal Monitoring,0
France,Male,35,675,0.0,2,1,0,Low Risk,Normal Monitoring,0
Germany,Male,40,733,125725.02,2,1,3,Medium Risk,Contact Customer,0
France,Male,38,822,128289.7,3,0,6,High Risk,Immediate Follow-up,1
France,Female,46,559,0.0,1,0,3,Medium Risk,Contact Customer,1
Germany,Female,49,731,88826.07,1,1,3,Medium Risk,Contact Customer,1
France,Female,41,678,143443.61,1,0,3,Medium Risk,Contact Customer,1
France,Female,68,645,0.0,4,1,4,Medium Risk,Contact Customer,1
France,Male,29,701,0.0,2,0,2,Low Risk,Normal Monitoring,0
Spain,Male,26,554,149134.46,1,1,1,Low Risk,Normal Monitoring,0
France,Male,30,723,124119.54,1,0,3,Medium Risk,Contact Customer,0
Germany,Male,44,766,116822.7,1,0,5,High Risk,Immediate Follow-up,0
France,Female,24,597,103219.47,1,0,3,Medium Risk,Contact Customer,0
France,Male,41,574,0.0,2,0,2,Low Risk,Normal Monitoring,0
Germany,Female,40,655,81954.6,1,1,2,Low Risk,Normal Monitoring,1
Germany,Female,37,780,95196.26,1,0,5,High Risk,Immediate Follow-up,1
Spain,Male,43,672,0.0,2,1,0,Low Risk,Normal Monitoring,0
France,Male,38,717,0.0,2,1,0,Low Risk,Normal Monitoring,0
France,Female,32,521,136555.01,2,1,1,Low Risk,Normal Monitoring,0
France,Male,59,633,0.0,1,1,1,Low Risk,Normal Monitoring,0
France,Male,39,669,119452.03,1,1,1,Low Risk,Normal Monitoring,0
France,Male,44,740,0.0,1,1,0,Low Risk,Normal Monitoring,1
Germany,Female,24,462,69881.09,2,1,2,Low Risk,Normal Monitoring,0
France,Male,39,619,0.0,2,1,0,Low Risk,Normal Monitoring,0
France,Female,44,665,0.0,2,1,0,Low Risk,Normal Monitoring,0
Spain,Female,27,655,0.0,2,0,2,Low Risk,Normal Monitoring,0
Spain,Male,20,463,204223.03,1,0,3,Medium Risk,Contact Customer,0
France,Female,63,799,110314.21,2,0,4,Medium Risk,Contact Customer,1
Spain,Female,48,713,163760.82,1,0,4,Medium Risk,Contact Customer,1
Germany,Female,31,807,141069.18,3,1,6,High Risk,Immediate Follow-up,0
France,Male,38,728,115934.74,1,1,1,Low Risk,Normal Monitoring,0
France,Male,52,582,151457.88,1,1,2,Low Risk,Normal Monitoring,0
Germany,Female,35,704,154206.07,2,1,3,Medium Risk,Contact Customer,0
France,Female,26,714,89928.99,1,0,2,Low Risk,Normal Monitoring,0
France,Male,30,628,89182.09,1,1,0,Low Risk,Normal Monitoring,0
Germany,Male,41,809,79706.25,2,0,4,Medium Risk,Contact Customer,0
Spain,Female,44,547,0.0,3,0,5,High Risk,Immediate Follow-up,1
France,Female,27,560,0.0,2,0,2,Low Risk,Normal Monitoring,0
France,Male,31,811,117799.28,1,1,1,Low Risk,Normal Monitoring,0
France,Male,26,584,0.0,2,0,2,Low Risk,Normal Monitoring,0
France,Male,28,691,0.0,2,0,2,Low Risk,Normal Monitoring,0
Germany,Male,34,680,146422.22,1,0,5,High Risk,Immediate Follow-up,1
Germany,Male,33,588,150186.22,2,1,3,Medium Risk,Contact Customer,0
Germany,Male,40,721,100275.88,1,0,5,High Risk,Immediate Follow-up,1
France,Male,47,850,0.0,1,0,3,Medium Risk,Contact Customer,1
France,Male,32,529,147493.89,1,0,3,Medium Risk,Contact Customer,0
France,Male,43,622,0.0,2,0,2,Low Risk,Normal Monitoring,0
France,Female,42,683,0.0,2,1,0,Low Risk,Normal Monitoring,0
France,Male,29,575,121823.4,2,1,1,Low Risk,Normal Monitoring,0
Spain,Female,40,577,0.0,2,1,0,Low Risk,Normal Monitoring,0
Germany,Male,31,510,113688.63,1,0,5,High Risk,Immediate Follow-up,1
Spain,Female,40,652,100471.34,1,1,1,Low Risk,Normal Monitoring,0
Germany,Female,28,569,100032.52,1,0,5,High Risk,Immediate Follow-up,1
Spain,Male,31,687,0.0,2,0,2,Low Risk,Normal Monitoring,0
France,Male,32,822,116358.0,1,0,3,Medium Risk,Contact Customer,0
Germany,Female,23,656,163549.63,1,1,3,Medium Risk,Contact Customer,0
Germany,Male,51,745,99183.9,1,1,4,Medium Risk,Contact Customer,0
Spain,Female,53,386,131955.07,1,1,2,Low Risk,Normal Monitoring,1
Spain,Female,41,684,134177.06,1,0,3,Medium Risk,Contact Customer,0
Spain,Female,38,635,0.0,2,0,2,Low Risk,Normal Monitoring,0
France,Male,30,582,0.0,2,1,0,Low Risk,Normal Monitoring,0
Spain,Male,19,613,0.0,1,1,0,Low Risk,Normal Monitoring,0
Germany,Female,56,795,94348.94,1,0,6,High Risk,Immediate Follow-up,1
France,Female,32,659,155584.21,1,1,1,Low Risk,Normal Monitoring,0
France,Female,28,745,0.0,2,0,2,Low Risk,Normal Monitoring,0
Spain,Female,41,604,0.0,2,1,0,Low Risk,Normal Monitoring,0
Germany,Male,32,509,170661.47,1,1,3,Medium Risk,Contact Customer,0
Germany,Female,29,706,185544.36,1,0,5,High Risk,Immediate Follow-up,0
Spain,Female,44,619,52831.13,1,1,0,Low Risk,Normal Monitoring,1
Germany,Male,51,572,97750.07,3,1,7,High Risk,Immediate Follow-up,1
France,Male,36,695,114007.5,2,0,3,Medium Risk,Contact Customer,0
France,Female,71,543,104308.77,1,1,2,Low Risk,Normal Monitoring,0
France,Female,33,640,84719.13,2,1,0,Low Risk,Normal Monitoring,0
France,Male,39,672,0.0,2,0,2,Low Risk,Normal Monitoring,0
France,Male,39,701,140236.98,1,1,1,Low Risk,Normal Monitoring,0
Spain,Male,25,634,0.0,2,1,0,Low Risk,Normal Monitoring,0
Spain,Female,42,531,75302.85,2,0,2,Low Risk,Normal Monitoring,0
France,Male,27,699,0.0,2,0,2,Low Risk,Normal Monitoring,0
France,Female,51,605,104760.82,1,1,2,Low Risk,Normal Monitoring,1
France,Female,49,534,0.0,1,0,3,Medium Risk,Contact Customer,1
Spain,Female,31,449,113693.0,1,0,3,Medium Risk,Contact Customer,0
Spain,Female,36,684,174180.39,1,0,3,Medium Risk,Contact Customer,0
Germany,Male,42,622,115766.26,1,0,5,High Risk,Immediate Follow-up,1
France,Female,40,714,0.0,2,0,2,Low Risk,Normal Monitoring,0
Spain,Female,48,712,0.0,2,0,3,Medium Risk,Contact Customer,0
France,Female,72,783,121215.9,2,1,2,Low Risk,Normal Monitoring,0
Germany,Male,45,743,144677.19,3,0,9,High Risk,Immediate Follow-up,1
France,Male,36,683,115350.63,1,1,1,Low Risk,Normal Monitoring,0
Spain,Male,40,654,105683.63,1,0,3,Medium Risk,Contact Customer,0
France,Male,37,700,135179.49,1,0,3,Medium Risk,Contact Customer,0
Spain,Male,31,744,117551.23,1,0,3,Medium Risk,Contact Customer,0
Germany,Male,25,645,157404.02,2,0,5,High Risk,Immediate Follow-up,0
Spain,Male,36,525,77910.23,1,0,2,Low Risk,Normal Monitoring,0
France,Male,25,732,110942.9,1,0,3,Medium Risk,Contact Customer,0
France,Female,40,721,0.0,2,1,0,Low Risk,Normal Monitoring,0
France,Male,32,622,179305.09,1,1,1,Low Risk,Normal Monitoring,0
Germany,Male,31,654,150593.59,2,1,3,Medium Risk,Contact Customer,0
France,Female,43,529,123815.86,1,1,1,Low Risk,Normal Monitoring,1
Spain,Female,59,720,0.0,2,1,1,Low Risk,Normal Monitoring,1
Germany,Female,25,850,69385.17,2,0,4,Medium Risk,Contact Customer,0
Germany,Male,27,667,138032.15,1,0,5,High Risk,Immediate Follow-up,0
France,Male,41,620,0.0,2,1,0,Low Risk,Normal Monitoring,0
France,Male,29,616,0.0,1,1,0,Low Risk,Normal Monitoring,0
Germany,Female,46,637,143500.82,1,0,6,High Risk,Immediate Follow-up,1
Spain,Female,29,710,119670.18,1,0,3,Medium Risk,Contact Customer,0
Spain,Male,33,717,99106.73,1,0,3,Medium Risk,Contact Customer,0
Germany,Male,24,786,120135.55,2,1,3,Medium Risk,Contact Customer,0
France,Female,39,651,0.0,1,0,2,Low Risk,Normal Monitoring,0
France,Female,55,530,120905.03,1,1,2,Low Risk,Normal Monitoring,1
Spain,Female,57,815,0.0,3,0,6,High Risk,Immediate Follow-up,1
Germany,Female,34,715,102277.52,1,0,5,High Risk,Immediate Follow-up,1
Germany,Female,55,496,125292.53,1,1,4,Medium Risk,Contact Customer,1
Spain,Male,42,680,0.0,1,0,2,Low Risk,Normal Monitoring,0
France,Female,51,646,101629.3,1,0,4,Medium Risk,Contact Customer,0
Germany,Male,47,807,171937.27,1,1,4,Medium Risk,Contact Customer,0
France,Male,47,727,0.0,2,0,3,Medium Risk,Contact Customer,0
France,Male,25,787,0.0,2,0,2,Low Risk,Normal Monitoring,0
France,Male,34,806,0.0,2,0,2,Low Risk,Normal Monitoring,0
France,Male,31,603,129743.75,1,0,3,Medium Risk,Contact Customer,0
Spain,Male,32,649,0.0,1,1,0,Low Risk,Normal Monitoring,1
Germany,Male,41,547,151191.31,1,0,5,High Risk,Immediate Follow-up,1
Germany,Male,32,684,102630.13,2,1,3,Medium Risk,Contact Customer,0
France,Female,57,477,114023.64,2,1,2,Low Risk,Normal Monitoring,1
Germany,Male,41,558,124227.14,1,1,3,Medium Risk,Contact Customer,0
France,Female,23,695,0.0,2,1,0,Low Risk,Normal Monitoring,0
Spain,Male,35,592,80285.16,1,0,2,Low Risk,Normal Monitoring,1
France,Male,31,789,175477.15,1,1,1,Low Risk,Normal Monitoring,0
France,Female,29,597,132144.35,1,0,3,Medium Risk,Contact Customer,0
Germany,Male,47,839,136911.07,1,1,4,Medium Risk,Contact Customer,1
Germany,Male,31,405,133299.67,2,1,3,Medium Risk,Contact Customer,0
France,Male,39,658,0.0,2,0,2,Low Risk,Normal Monitoring,0
Germany,Male,42,684,117691.0,1,1,3,Medium Risk,Contact Customer,1
France,Male,35,633,0.0,2,0,2,Low Risk,Normal Monitoring,0
France,Male,46,589,0.0,2,0,3,Medium Risk,Contact Customer,0
Germany,Female,37,750,133199.71,2,1,3,Medium Risk,Contact Customer,0
Spain,Male,51,771,135506.58,3,1,5,High Risk,Immediate Follow-up,1
Germany,Male,33,812,127154.14,2,1,3,Medium Risk,Contact Customer,0
Spain,Male,39,539,0.0,2,1,0,Low Risk,Normal Monitoring,0
Germany,Female,42,670,49508.79,3,1,5,High Risk,Immediate Follow-up,0
France,Male,41,673,0.0,1,1,0,Low Risk,Normal Monitoring,0
France,Female,62,538,75051.49,1,0,3,Medium Risk,Contact Customer,1
Spain,Male,52,575,123925.23,1,0,4,Medium Risk,Contact Customer,1
France,Male,41,682,0.0,2,1,0,Low Risk,Normal Monitoring,1
France,Male,33,712,153819.58,1,0,3,Medium Risk,Contact Customer,1
Spain,Female,39,598,0.0,2,1,0,Low Risk,Normal Monitoring,0
Spain,Male,30,776,0.0,2,1,0,Low Risk,Normal Monitoring,0
Spain,Female,23,606,70417.79,1,1,0,Low Risk,Normal Monitoring,0
Spain,Male,38,686,111484.88,1,1,1,Low Risk,Normal Monitoring,0
Spain,Male,38,850,146343.98,1,1,1,Low Risk,Normal Monitoring,0
France,Male,72,642,160541.0,2,1,2,Low Risk,Normal Monitoring,0
Germany,Male,27,606,130274.26,2,0,5,High Risk,Immediate Follow-up,0
France,Female,21,627,98993.02,1,1,1,Low Risk,Normal Monitoring,0
Spain,Male,36,850,0.0,2,0,2,Low Risk,Normal Monitoring,0
Germany,Male,32,850,141827.33,2,1,3,Medium Risk,Contact Customer,0
France,Female,40,724,110054.45,1,1,1,Low Risk,Normal Monitoring,0
France,Male,28,579,0.0,2,1,0,Low Risk,Normal Monitoring,0
Spain,Male,28,727,0.0,1,0,2,Low Risk,Normal Monitoring,0
Germany,Female,36,813,98088.09,1,1,3,Medium Risk,Contact Customer,1
France,Male,48,642,118317.27,4,0,7,High Risk,Immediate Follow-up,1
Spain,Male,22,669,0.0,2,0,2,Low Risk,Normal Monitoring,0
Germany,Male,54,574,99774.5,1,0,6,High Risk,Immediate Follow-up,1
France,Female,32,774,0.0,2,0,2,Low Risk,Normal Monitoring,0
France,Female,38,735,0.0,3,0,5,High Risk,Immediate Follow-up,1
Spain,Female,27,639,133806.54,2,0,3,Medium Risk,Contact Customer,0
Spain,Male,44,738,0.0,2,0,2,Low Risk,Normal Monitoring,1
France,Male,32,835,124993.29,2,1,1,Low Risk,Normal Monitoring,0
Spain,Female,44,637,157622.58,1,1,1,Low Risk,Normal Monitoring,0
Germany,Male,48,589,126111.61,1,1,4,Medium Risk,Contact Customer,0
France,Male,42,591,161651.37,2,1,1,Low Risk,Normal Monitoring,0
France,Female,40,723,142856.95,2,0,3,Medium Risk,Contact Customer,0
Germany,Male,44,831,111100.98,1,1,3,Medium Risk,Contact Customer,1
Spain,Male,35,733,102918.38,1,1,1,Low Risk,Normal Monitoring,0
France,Female,30,731,0.0,2,0,2,Low Risk,Normal Monitoring,0
France,Male,47,654,0.0,2,0,3,Medium Risk,Contact Customer,0
France,Male,37,828,0.0,2,0,2,Low Risk,Normal Monitoring,0
Spain,Male,22,590,125265.61,1,1,1,Low Risk,Normal Monitoring,0
France,Male,37,657,82500.28,1,1,0,Low Risk,Normal Monitoring,0
Germany,Female,64,531,175754.87,2,1,4,Medium Risk,Contact Customer,0
France,Female,47,516,109387.33,1,0,4,Medium Risk,Contact Customer,0
France,Male,37,561,100443.36,2,1,1,Low Risk,Normal Monitoring,0
Spain,Female,54,682,83102.72,2,1,1,Low Risk,Normal Monitoring,0
Spain,Male,28,575,0.0,1,1,0,Low Risk,Normal Monitoring,0
France,Female,28,623,0.0,2,0,2,Low Risk,Normal Monitoring,0
France,Female,40,642,0.0,2,0,2,Low Risk,Normal Monitoring,0
France,Female,48,779,115290.27,1,0,4,Medium Risk,Contact Customer,1
France,Female,42,671,0.0,2,0,2,Low Risk,Normal Monitoring,0
France,Female,40,495,140197.71,2,0,3,Medium Risk,Contact Customer,0
France,Female,28,850,105245.34,1,1,1,Low Risk,Normal Monitoring,0
France,Male,50,630,0.0,2,1,1,Low Risk,Normal Monitoring,0
France,Male,32,588,0.0,2,1,0,Low Risk,Normal Monitoring,0
Germany,Male,35,562,142296.13,1,1,3,Medium Risk,Contact Customer,0
Spain,Female,56,740,99097.33,1,1,2,Low Risk,Normal Monitoring,1
France,Male,28,695,171069.39,2,1,1,Low Risk,Normal Monitoring,0
France,Female,39,589,0.0,2,0,2,Low Risk,Normal Monitoring,0
France,Female,31,607,102523.88,1,1,1,Low Risk,Normal Monitoring,0
France,Male,35,794,0.0,2,1,0,Low Risk,Normal Monitoring,0
Germany,Male,44,580,143391.07,1,0,5,High Risk,Immediate Follow-up,1
Germany,Female,44,644,106022.73,2,0,5,High Risk,Immediate Follow-up,0
Spain,Female,36,636,0.0,1,0,2,Low Risk,Normal Monitoring,0
Germany,Male,36,599,128960.21,2,1,3,Medium Risk,Contact Customer,0
France,Female,35,507,0.0,2,0,2,Low Risk,Normal Monitoring,0
France,Female,48,682,0.0,2,0,3,Medium Risk,Contact Customer,0
France,Female,24,714,0.0,2,0,2,Low Risk,Normal Monitoring,0
France,Female,25,696,126442.59,1,0,3,Medium Risk,Contact Customer,0
Spain,Male,51,599,0.0,1,1,1,Low Risk,Normal Monitoring,0
France,Male,37,577,127261.35,1,0,3,Medium Risk,Contact Customer,0
Spain,Female,32,733,0.0,2,0,2,Low Risk,Normal Monitoring,0
France,Female,33,647,0.0,1,0,2,Low Risk,Normal Monitoring,0
France,Female,34,831,0.0,2,0,2,Low Risk,Normal Monitoring,0
Germany,Male,30,543,73481.05,1,1,2,Low Risk,Normal Monitoring,0
France,Male,34,679,160515.37,1,0,3,Medium Risk,Contact Customer,0
Germany,Female,61,713,149525.34,2,0,6,High Risk,Immediate Follow-up,0
Germany,Male,43,690,166522.78,1,0,5,High Risk,Immediate Follow-up,1
France,Male,29,751,135536.5,1,0,3,Medium Risk,Contact Customer,0
Germany,Female,43,613,120481.69,1,0,5,High Risk,Immediate Follow-up,1
Spain,Male,28,701,103421.32,1,1,1,Low Risk,Normal Monitoring,0
France,Male,33,698,135658.73,2,1,1,Low Risk,Normal Monitoring,0
France,Female,36,451,0.0,2,1,0,Low Risk,Normal Monitoring,0
France,Male,28,665,191402.82,2,0,3,Medium Risk,Contact Customer,0
Germany,Male,50,726,94504.35,1,1,4,Medium Risk,Contact Customer,0
Germany,Female,44,608,126147.84,1,1,3,Medium Risk,Contact Customer,1
France,Female,46,549,0.0,1,1,1,Low Risk,Normal Monitoring,0
France,Male,33,803,0.0,2,0,2,Low Risk,Normal Monitoring,0
France,Male,43,663,87624.03,2,0,2,Low Risk,Normal Monitoring,0
France,Female,45,558,153697.53,2,0,4,Medium Risk,Contact Customer,1
France,Female,25,714,0.0,2,0,2,Low Risk,Normal Monitoring,0
France,Male,39,704,0.0,1,0,2,Low Risk,Normal Monitoring,0
Germany,Female,45,805,116585.97,1,0,6,High Risk,Immediate Follow-up,1
Germany,Male,34,659,134464.58,2,0,5,High Risk,Immediate Follow-up,0
Germany,Male,62,738,83008.31,1,1,3,Medium Risk,Contact Customer,0
Spain,Male,35,635,113635.16,1,0,3,Medium Risk,Contact Customer,0
Spain,Female,36,530,0.0,2,0,2,Low Risk,Normal Monitoring,0
Germany,Male,41,661,122552.48,2,1,3,Medium Risk,Contact Customer,0
Spain,Male,31,531,118899.45,2,0,3,Medium Risk,Contact Customer,0
France,Female,29,694,99713.87,1,0,3,Medium Risk,Contact Customer,0
France,Female,36,731,0.0,1,0,2,Low Risk,Normal Monitoring,0
France,Female,36,556,134208.22,1,1,1,Low Risk,Normal Monitoring,0
Germany,Female,41,647,85906.65,3,0,7,High Risk,Immediate Follow-up,0
Germany,Male,32,850,137714.25,1,1,3,Medium Risk,Contact Customer,0
Spain,Male,33,573,160777.9,1,1,1,Low Risk,Normal Monitoring,0
France,Male,45,591,0.0,2,1,1,Low Risk,Normal Monitoring,0
France,Male,21,723,0.0,2,0,2,Low Risk,Normal Monitoring,0
France,Male,25,617,102585.88,2,1,1,Low Risk,Normal Monitoring,0
Germany,Female,39,704,102556.18,2,0,5,High Risk,Immediate Follow-up,1
Germany,Male,42,457,126772.57,1,1,3,Medium Risk,Contact Customer,0
Germany,Female,38,787,158373.23,1,1,3,Medium Risk,Contact Customer,0
France,Female,34,651,0.0,2,0,2,Low Risk,Normal Monitoring,0
Germany,Male,42,612,141927.1,1,1,3,Medium Risk,Contact Customer,0
Spain,Male,47,828,109876.82,2,0,4,Medium Risk,Contact Customer,1
France,Female,34,724,0.0,2,1,0,Low Risk,Normal Monitoring,0
Germany,Male,44,648,111369.79,2,1,3,Medium Risk,Contact Customer,0
Spain,Male,35,569,116969.35,1,0,3,Medium Risk,Contact Customer,0
Germany,Female,34,765,136729.51,2,0,5,High Risk,Immediate Follow-up,0
Germany,Female,44,577,152086.15,1,1,3,Medium Risk,Contact Customer,1
Spain,Male,46,603,0.0,2,0,3,Medium Risk,Contact Customer,0
Spain,Male,28,568,127289.28,1,0,3,Medium Risk,Contact Customer,0
Germany,Male,45,748,119852.01,1,0,6,High Risk,Immediate Follow-up,1
Spain,Male,38,573,0.0,2,1,0,Low Risk,Normal Monitoring,0
Spain,Female,41,771,0.0,2,1,0,Low Risk,Normal Monitoring,0
France,Male,35,763,0.0,1,1,0,Low Risk,Normal Monitoring,0
France,Female,35,410,117183.74,1,1,1,Low Risk,Normal Monitoring,0
France,Male,33,728,129907.63,1,1,1,Low Risk,Normal Monitoring,0
Spain,Female,78,655,0.0,2,1,1,Low Risk,Normal Monitoring,0
Germany,Female,36,580,145387.32,2,1,3,Medium Risk,Contact Customer,1
France,Male,35,712,124616.23,1,1,1,Low Risk,Normal Monitoring,0
France,Male,31,680,0.0,2,0,2,Low Risk,Normal Monitoring,0
Spain,Female,48,383,95808.19,1,0,4,Medium Risk,Contact Customer,1
France,Male,35,721,0.0,2,0,2,Low Risk,Normal Monitoring,0
France,Female,42,620,0.0,2,1,0,Low Risk,Normal Monitoring,0
Spain,Female,36,774,117152.3,1,0,3,Medium Risk,Contact Customer,0
France,Male,35,563,106250.72,1,0,3,Medium Risk,Contact Customer,0
Germany,Female,27,850,111837.78,2,1,3,Medium Risk,Contact Customer,0
France,Male,47,681,97023.21,1,1,2,Low Risk,Normal Monitoring,0
France,Female,31,631,137687.72,1,0,3,Medium Risk,Contact Customer,0
Spain,Female,40,614,113348.5,1,1,1,Low Risk,Normal Monitoring,0
Spain,Male,24,704,122109.78,1,1,1,Low Risk,Normal Monitoring,0
France,Male,32,786,120452.4,2,0,3,Medium Risk,Contact Customer,0
France,Female,53,534,0.0,2,1,1,Low Risk,Normal Monitoring,0
Spain,Male,34,590,65812.35,2,1,0,Low Risk,Normal Monitoring,0
Spain,Female,40,583,54428.37,1,0,2,Low Risk,Normal Monitoring,1
France,Female,75,656,0.0,2,1,1,Low Risk,Normal Monitoring,0
France,Male,33,597,0.0,2,0,2,Low Risk,Normal Monitoring,0
Germany,Female,48,588,143279.58,2,0,6,High Risk,Immediate Follow-up,1
Germany,Male,32,667,103846.65,1,0,5,High Risk,Immediate Follow-up,0
France,Male,37,627,125190.86,1,1,1,Low Risk,Normal Monitoring,0
France,Female,33,708,0.0,2,1,0,Low Risk,Normal Monitoring,0
France,Male,65,641,38340.02,1,0,3,Medium Risk,Contact Customer,1
Germany,Female,28,527,123802.98,2,1,3,Medium Risk,Contact Customer,0
France,Male,37,592,96651.03,1,1,1,Low Risk,Normal Monitoring,0
France,Male,33,465,0.0,2,0,2,Low Risk,Normal Monitoring,0
France,Male,39,628,0.0,2,0,2,Low Risk,Normal Monitoring,0
France,Male,43,678,133237.21,1,0,3,Medium Risk,Contact Customer,1
France,Female,61,570,142105.35,1,1,2,Low Risk,Normal Monitoring,0
France,Male,37,815,166115.42,1,0,3,Medium Risk,Contact Customer,0
France,Female,37,817,81070.34,2,0,2,Low Risk,Normal Monitoring,0
France,Male,35,717,0.0,1,1,0,Low Risk,Normal Monitoring,0
France,Female,53,641,123835.52,2,1,2,Low Risk,Normal Monitoring,0
France,Male,51,624,123401.43,2,1,2,Low Risk,Normal Monitoring,0
Germany,Male,49,579,169377.31,1,1,4,Medium Risk,Contact Customer,0
France,Male,38,698,130015.24,1,1,1,Low Risk,Normal Monitoring,0
France,Male,32,645,0.0,2,1,0,Low Risk,Normal Monitoring,0
France,Male,34,691,133936.04,2,0,3,Medium Risk,Contact Customer,0
France,Male,34,638,114543.27,1,1,1,Low Risk,Normal Monitoring,0
France,Female,31,705,119794.67,1,0,3,Medium Risk,Contact Customer,0
France,Male,33,720,0.0,2,1,0,Low Risk,Normal Monitoring,0
Spain,Male,44,553,0.0,1,0,2,Low Risk,Normal Monitoring,0
France,Female,29,658,0.0,2,1,0,Low Risk,Normal Monitoring,0
Germany,Female,32,648,157138.99,3,0,8,High Risk,Immediate Follow-up,1
Spain,Male,45,636,0.0,2,1,1,Low Risk,Normal Monitoring,0
Germany,Female,41,527,136733.24,1,1,3,Medium Risk,Contact Customer,0
Germany,Female,28,717,82498.14,2,0,4,Medium Risk,Contact Customer,0
Spain,Male,39,614,151914.93,1,0,3,Medium Risk,Contact Customer,0
France,Male,43,737,80090.93,1,0,2,Low Risk,Normal Monitoring,1
Spain,Male,51,587,83739.32,1,1,1,Low Risk,Normal Monitoring,0
France,Female,35,682,181166.44,1,1,1,Low Risk,Normal Monitoring,1
France,Male,38,710,130588.82,1,1,1,Low Risk,Normal Monitoring,0
France,Male,42,507,0.0,2,0,2,Low Risk,Normal Monitoring,0
Germany,Male,33,609,94126.67,1,0,5,High Risk,Immediate Follow-up,0
France,Male,32,786,0.0,2,0,2,Low Risk,Normal Monitoring,0
France,Male,38,688,148045.68,1,0,3,Medium Risk,Contact Customer,1
France,Male,38,710,0.0,2,0,2,Low Risk,Normal Monitoring,0
Spain,Male,33,779,0.0,2,0,2,Low Risk,Normal Monitoring,0
France,Female,44,733,168165.84,1,1,1,Low Risk,Normal Monitoring,0
Germany,Female,26,583,72835.56,2,0,4,Medium Risk,Contact Customer,0
France,Male,41,627,0.0,2,0,2,Low Risk,Normal Monitoring,0
Germany,Male,31,666,123212.08,2,1,3,Medium Risk,Contact Customer,0
Spain,Male,38,620,0.0,2,1,0,Low Risk,Normal Monitoring,0
Spain,Female,39,614,0.0,2,1,0,Low Risk,Normal Monitoring,0
France,Male,40,606,119501.88,2,0,3,Medium Risk,Contact Customer,0
Germany,Female,39,700,144550.83,2,1,3,Medium Risk,Contact Customer,0
Germany,Male,34,677,126729.41,1,1,3,Medium Risk,Contact Customer,1
Germany,Male,36,850,119984.07,1,0,5,High Risk,Immediate Follow-up,1
France,Male,35,564,0.0,1,0,2,Low Risk,Normal Monitoring,0
Spain,Female,56,771,0.0,1,1,1,Low Risk,Normal Monitoring,1
Spain,Male,42,620,121490.05,1,1,1,Low Risk,Normal Monitoring,0
Spain,Male,46,610,91897.8,1,0,4,Medium Risk,Contact Customer,0
Spain,Male,39,609,139443.75,2,0,3,Medium Risk,Contact Customer,0
Germany,Male,35,683,144961.97,1,1,3,Medium Risk,Contact Customer,0
Germany,Male,42,633,126041.02,1,1,3,Medium Risk,Contact Customer,0
Germany,Male,28,676,69459.05,2,1,2,Low Risk,Normal Monitoring,0
France,Male,38,693,198338.77,2,1,1,Low Risk,Normal Monitoring,0
France,Male,36,709,0.0,2,0,2,Low Risk,Normal Monitoring,0
Germany,Male,35,569,109196.66,3,0,8,High Risk,Immediate Follow-up,1
Spain,Female,38,684,134168.5,3,0,6,High Risk,Immediate Follow-up,1
France,Male,34,565,0.0,1,1,0,Low Risk,Normal Monitoring,0
France,Male,29,681,0.0,1,0,2,Low Risk,Normal Monitoring,0
Spain,Female,36,503,0.0,2,1,0,Low Risk,Normal Monitoring,0
France,Male,40,656,0.0,2,1,0,Low Risk,Normal Monitoring,0
Germany,Male,65,566,120100.41,1,0,6,High Risk,Immediate Follow-up,1
France,Female,62,592,0.0,1,1,1,Low Risk,Normal Monitoring,0
Spain,Female,50,687,0.0,2,0,3,Medium Risk,Contact Customer,0
Spain,Male,22,686,0.0,2,0,2,Low Risk,Normal Monitoring,0
Spain,Male,30,616,0.0,2,0,2,Low Risk,Normal Monitoring,0
Spain,Male,67,494,0.0,2,1,1,Low Risk,Normal Monitoring,0
France,Male,38,534,0.0,1,0,2,Low Risk,Normal Monitoring,0
Spain,Female,31,695,0.0,2,1,0,Low Risk,Normal Monitoring,0
Spain,Female,31,579,0.0,2,0,2,Low Risk,Normal Monitoring,0
Germany,Male,38,432,135559.8,2,1,3,Medium Risk,Contact Customer,0
Germany,Female,25,816,150355.35,2,1,3,Medium Risk,Contact Customer,0
France,Female,37,730,0.0,2,1,0,Low Risk,Normal Monitoring,0
France,Female,35,593,133489.12,2,1,1,Low Risk,Normal Monitoring,0
Germany,Female,37,715,105489.31,1,0,5,High Risk,Immediate Follow-up,1
Germany,Male,25,775,60205.2,2,0,4,Medium Risk,Contact Customer,0
France,Male,38,539,0.0,2,0,2,Low Risk,Normal Monitoring,0
Spain,Male,19,576,0.0,2,0,2,Low Risk,Normal Monitoring,0
Spain,Male,50,617,0.0,1,0,3,Medium Risk,Contact Customer,1
France,Male,40,688,0.0,1,1,0,Low Risk,Normal Monitoring,0
France,Male,33,608,0.0,1,1,0,Low Risk,Normal Monitoring,0
Spain,Male,35,597,0.0,3,1,3,Medium Risk,Contact Customer,1
France,Female,42,670,112333.63,1,1,1,Low Risk,Normal Monitoring,0
Germany,Female,57,616,116936.81,1,1,4,Medium Risk,Contact Customer,0
Germany,Female,50,579,117721.02,1,1,4,Medium Risk,Contact Customer,1
France,Male,37,786,165896.22,2,1,1,Low Risk,Normal Monitoring,0
Spain,Female,44,704,153656.85,1,0,3,Medium Risk,Contact Customer,0
France,Female,50,796,94164.0,1,1,2,Low Risk,Normal Monitoring,0
Spain,Male,39,598,0.0,2,0,2,Low Risk,Normal Monitoring,0
France,Male,49,602,191808.73,1,0,4,Medium Risk,Contact Customer,0
France,Male,58,619,152199.33,1,1,2,Low Risk,Normal Monitoring,0
Germany,Female,52,492,125396.24,1,0,6,High Risk,Immediate Follow-up,1
Germany,Male,41,641,104405.54,3,0,8,High Risk,Immediate Follow-up,0
France,Female,27,518,133801.49,1,1,1,Low Risk,Normal Monitoring,0
Spain,Female,40,623,0.0,3,0,5,High Risk,Immediate Follow-up,0
France,Female,28,733,0.0,2,0,2,Low Risk,Normal Monitoring,0
Germany,Male,42,625,100047.33,1,0,5,High Risk,Immediate Follow-up,0
France,Female,31,759,109848.6,1,1,1,Low Risk,Normal Monitoring,0
France,Female,32,604,127849.38,1,0,3,Medium Risk,Contact Customer,0
Spain,Female,46,512,0.0,2,1,1,Low Risk,Normal Monitoring,0
France,Female,29,520,95947.76,1,0,3,Medium Risk,Contact Customer,0
Spain,Male,26,805,0.0,2,1,0,Low Risk,Normal Monitoring,0
France,Male,43,626,137638.69,1,0,3,Medium Risk,Contact Customer,1
France,Male,38,656,0.0,1,1,0,Low Risk,Normal Monitoring,0
Spain,Male,41,785,0.0,2,1,0,Low Risk,Normal Monitoring,0
France,Male,31,553,0.0,2,0,2,Low Risk,Normal Monitoring,0
France,Female,44,569,0.0,2,0,2,Low Risk,Normal Monitoring,0
France,Male,38,670,89416.99,1,0,2,Low Risk,Normal Monitoring,0
Spain,Male,42,586,0.0,2,1,0,Low Risk,Normal Monitoring,0
Spain,Female,45,617,0.0,1,0,3,Medium Risk,Contact Customer,0
France,Female,60,508,143262.04,1,1,2,Low Risk,Normal Monitoring,0
Spain,Female,35,624,119656.45,2,1,1,Low Risk,Normal Monitoring,0
France,Male,29,654,132954.64,1,1,1,Low Risk,Normal Monitoring,0
Germany,Female,44,681,105206.7,2,1,3,Medium Risk,Contact Customer,0
Spain,Male,28,578,0.0,2,0,2,Low Risk,Normal Monitoring,0
Spain,Female,37,621,83061.26,2,0,2,Low Risk,Normal Monitoring,0
France,Male,40,632,147650.68,1,1,1,Low Risk,Normal Monitoring,0
France,Male,44,644,73348.56,1,0,2,Low Risk,Normal Monitoring,1
France,Male,28,821,0.0,2,0,2,Low Risk,Normal Monitoring,0
France,Female,38,754,0.0,2,0,2,Low Risk,Normal Monitoring,0
Spain,Female,27,568,116320.68,1,1,1,Low Risk,Normal Monitoring,0
France,Male,33,584,0.0,2,1,0,Low Risk,Normal Monitoring,0
France,Female,29,549,0.0,2,1,0,Low Risk,Normal Monitoring,0
France,Female,38,729,0.0,2,0,2,Low Risk,Normal Monitoring,0
France,Male,61,523,66250.71,1,1,1,Low Risk,Normal Monitoring,0
Germany,Female,24,477,95675.62,2,0,5,High Risk,Immediate Follow-up,1
Germany,Male,42,675,92616.64,2,0,5,High Risk,Immediate Follow-up,0
Spain,Female,41,782,0.0,1,0,2,Low Risk,Normal Monitoring,0
Spain,Female,36,616,0.0,1,1,0,Low Risk,Normal Monitoring,1
Spain,Female,37,738,100565.94,1,1,1,Low Risk,Normal Monitoring,0
Spain,Female,42,717,190305.78,1,0,3,Medium Risk,Contact Customer,1
Germany,Female,35,526,118536.4,1,0,5,High Risk,Immediate Follow-up,1
France,Male,19,660,127649.64,1,1,1,Low Risk,Normal Monitoring,0
France,Male,35,525,165358.77,1,1,1,Low Risk,Normal Monitoring,0
Spain,Male,29,629,0.0,2,1,0,Low Risk,Normal Monitoring,0
Germany,Female,36,616,78249.53,1,0,4,Medium Risk,Contact Customer,0
Germany,Female,61,521,125193.96,1,1,4,Medium Risk,Contact Customer,0
France,Female,29,691,0.0,2,0,2,Low Risk,Normal Monitoring,0
Germany,Female,41,687,154007.21,1,0,5,High Risk,Immediate Follow-up,0
Spain,Female,43,677,133214.88,2,1,1,Low Risk,Normal Monitoring,0
Spain,Male,63,695,146202.93,1,1,2,Low Risk,Normal Monitoring,1
France,Female,27,663,0.0,2,0,2,Low Risk,Normal Monitoring,0
France,Male,30,496,90963.49,1,1,1,Low Risk,Normal Monitoring,0
Spain,Male,41,747,0.0,1,0,2,Low Risk,Normal Monitoring,1
France,Female,52,546,0.0,1,0,3,Medium Risk,Contact Customer,1
Spain,Male,68,706,114386.85,1,1,2,Low Risk,Normal Monitoring,0
France,Female,26,472,0.0,2,0,2,Low Risk,Normal Monitoring,0
France,Female,40,703,0.0,2,1,0,Low Risk,Normal Monitoring,0
France,Female,38,850,0.0,2,0,2,Low Risk,Normal Monitoring,0
Spain,Male,71,667,137260.78,1,1,2,Low Risk,Normal Monitoring,1
France,Male,33,559,111060.05,2,0,3,Medium Risk,Contact Customer,0
Spain,Male,60,636,124447.73,1,1,2,Low Risk,Normal Monitoring,1
France,Female,34,672,0.0,2,1,0,Low Risk,Normal Monitoring,0
France,Male,42,667,0.0,1,1,0,Low Risk,Normal Monitoring,1
Germany,Male,33,648,135310.41,2,1,3,Medium Risk,Contact Customer,0
France,Male,32,497,0.0,2,0,2,Low Risk,Normal Monitoring,0
France,Female,73,743,0.0,2,1,1,Low Risk,Normal Monitoring,0
France,Male,29,619,0.0,2,0,2,Low Risk,Normal Monitoring,0
Spain,Male,34,639,139393.19,2,0,3,Medium Risk,Contact Customer,0
Spain,Male,28,540,0.0,2,0,2,Low Risk,Normal Monitoring,0
France,Female,26,766,104258.8,1,1,1,Low Risk,Normal Monitoring,0
France,Female,26,749,0.0,2,1,0,Low Risk,Normal Monitoring,0
Germany,Male,32,655,113447.01,1,0,5,High Risk,Immediate Follow-up,0
France,Male,33,630,0.0,2,0,2,Low Risk,Normal Monitoring,0
Germany,Female,33,778,111063.73,2,0,5,High Risk,Immediate Follow-up,0
Germany,Female,30,757,161378.02,1,0,5,High Risk,Immediate Follow-up,1
Spain,Female,39,529,82766.43,1,1,0,Low Risk,Normal Monitoring,0
Spain,Male,29,620,0.0,2,0,2,Low Risk,Normal Monitoring,0
France,Female,61,615,104267.7,1,0,4,Medium Risk,Contact Customer,1
France,Female,25,735,91718.8,1,0,3,Medium Risk,Contact Customer,0
Spain,Female,47,705,63488.7,1,1,1,Low Risk,Normal Monitoring,1
Spain,Female,46,644,12459.19,1,0,3,Medium Risk,Contact Customer,1
Germany,Female,37,505,159863.9,2,1,3,Medium Risk,Contact Customer,0
Germany,Male,23,471,104592.55,2,0,5,High Risk,Immediate Follow-up,0
Spain,Female,50,722,132088.59,1,1,2,Low Risk,Normal Monitoring,0
Spain,Female,39,577,0.0,2,0,2,Low Risk,Normal Monitoring,0
Spain,Male,44,744,120654.68,1,0,3,Medium Risk,Contact Customer,0
France,Female,30,573,0.0,2,0,2,Low Risk,Normal Monitoring,0
France,Female,32,653,83772.95,1,1,0,Low Risk,Normal Monitoring,0
France,Female,31,660,172325.67,1,1,1,Low Risk,Normal Monitoring,0
France,Male,46,787,117685.31,2,1,2,Low Risk,Normal Monitoring,0
France,Male,41,617,0.0,2,1,0,Low Risk,Normal Monitoring,0
France,Male,39,567,0.0,2,0,2,Low Risk,Normal Monitoring,0
Spain,Female,64,682,0.0,2,1,1,Low Risk,Normal Monitoring,0
France,Male,35,684,135871.5,1,1,1,Low Risk,Normal Monitoring,0
France,Male,41,447,0.0,4,1,3,Medium Risk,Contact Customer,1
Germany,Female,49,625,128504.76,1,0,6,High Risk,Immediate Follow-up,1
France,Male,36,585,0.0,2,0,2,Low Risk,Normal Monitoring,0
France,Female,42,516,56228.25,1,0,2,Low Risk,Normal Monitoring,0
Germany,Female,45,732,98792.4,1,0,6,High Risk,Immediate Follow-up,1
Germany,Male,40,628,181768.32,2,1,3,Medium Risk,Contact Customer,0
Spain,Female,48,682,101198.01,1,1,2,Low Risk,Normal Monitoring,0
France,Male,25,746,0.0,2,1,0,Low Risk,Normal Monitoring,0
France,Female,60,655,0.0,2,1,1,Low Risk,Normal Monitoring,0
France,Female,39,644,0.0,1,0,2,Low Risk,Normal Monitoring,0
France,Male,34,778,139064.06,2,0,3,Medium Risk,Contact Customer,0
France,Female,35,617,104508.1,1,1,1,Low Risk,Normal Monitoring,0
Germany,Male,35,660,113948.58,1,0,5,High Risk,Immediate Follow-up,1
France,Male,47,537,0.0,2,1,1,Low Risk,Normal Monitoring,0
France,Female,39,554,0.0,2,1,0,Low Risk,Normal Monitoring,0
France,Male,31,806,0.0,2,1,0,Low Risk,Normal Monitoring,0
Germany,Male,37,611,117524.72,2,1,3,Medium Risk,Contact Customer,0
France,Female,37,665,160389.82,1,1,1,Low Risk,Normal Monitoring,0
France,Female,37,648,0.0,2,0,2,Low Risk,Normal Monitoring,0
France,Male,27,692,125547.53,1,0,3,Medium Risk,Contact Customer,0
Spain,Male,46,507,92783.68,1,1,2,Low Risk,Normal Monitoring,0
Germany,Male,49,696,97036.22,2,0,6,High Risk,Immediate Follow-up,1
France,Male,34,681,0.0,2,0,2,Low Risk,Normal Monitoring,0
France,Female,26,687,0.0,2,1,0,Low Risk,Normal Monitoring,0
Spain,Male,40,641,102145.13,1,1,1,Low Risk,Normal Monitoring,0
France,Female,33,507,113452.66,1,0,3,Medium Risk,Contact Customer,0
Spain,Female,46,688,155681.72,1,0,4,Medium Risk,Contact Customer,0
Germany,Male,38,535,127475.24,1,0,5,High Risk,Immediate Follow-up,1
France,Male,41,701,0.0,2,1,0,Low Risk,Normal Monitoring,0
France,Male,43,488,112751.13,1,1,1,Low Risk,Normal Monitoring,0
France,Female,29,539,0.0,2,1,0,Low Risk,Normal Monitoring,0
France,Male,45,674,144889.18,1,1,2,Low Risk,Normal Monitoring,1
Spain,Male,40,538,0.0,2,1,0,Low Risk,Normal Monitoring,0
France,Female,22,829,150126.44,1,0,3,Medium Risk,Contact Customer,1
France,Male,54,768,69712.74,1,1,1,Low Risk,Normal Monitoring,0
Spain,Female,44,585,0.0,2,1,0,Low Risk,Normal Monitoring,0
France,Male,31,581,0.0,2,0,2,Low Risk,Normal Monitoring,0
Germany,Female,35,682,117438.92,2,1,3,Medium Risk,Contact Customer,0
France,Male,38,653,119315.75,1,0,3,Medium Risk,Contact Customer,0
France,Female,30,712,89571.59,1,1,0,Low Risk,Normal Monitoring,0
Germany,Female,34,620,102251.57,1,0,5,High Risk,Immediate Follow-up,0
France,Male,42,709,118546.71,1,1,1,Low Risk,Normal Monitoring,0
France,Male,61,832,0.0,1,1,1,Low Risk,Normal Monitoring,1
Spain,Male,38,635,103257.14,1,0,3,Medium Risk,Contact Customer,0
Spain,Female,43,749,124209.02,1,1,1,Low Risk,Normal Monitoring,0
Spain,Male,32,629,0.0,2,1,0,Low Risk,Normal Monitoring,0
Spain,Female,41,836,150302.84,1,1,1,Low Risk,Normal Monitoring,0
Spain,Male,34,542,108653.93,1,1,1,Low Risk,Normal Monitoring,0
France,Female,45,645,85325.93,1,0,3,Medium Risk,Contact Customer,0
France,Female,29,844,0.0,2,0,2,Low Risk,Normal Monitoring,0
Germany,Male,37,747,135776.36,3,0,8,High Risk,Immediate Follow-up,1
France,Male,40,645,131411.24,1,1,1,Low Risk,Normal Monitoring,0
Spain,Female,36,752,0.0,2,1,0,Low Risk,Normal Monitoring,0
Spain,Female,41,760,0.0,2,0,2,Low Risk,Normal Monitoring,0
Germany,Female,45,714,106431.97,2,1,4,Medium Risk,Contact Customer,0
France,Male,50,717,90305.76,1,1,2,Low Risk,Normal Monitoring,0
Germany,Male,28,645,117466.03,2,1,3,Medium Risk,Contact Customer,0
France,Male,32,681,148884.47,2,1,1,Low Risk,Normal Monitoring,0
Germany,Female,44,681,91115.76,2,0,5,High Risk,Immediate Follow-up,1
Germany,Female,37,679,77373.87,2,1,2,Low Risk,Normal Monitoring,0
Spain,Male,23,528,104744.89,1,0,3,Medium Risk,Contact Customer,0
France,Female,31,710,0.0,2,1,0,Low Risk,Normal Monitoring,0
Germany,Male,39,733,91538.51,1,1,3,Medium Risk,Contact Customer,0
France,Female,32,724,0.0,2,1,0,Low Risk,Normal Monitoring,0
France,Female,34,726,185734.75,1,1,1,Low Risk,Normal Monitoring,0
France,Male,30,520,143396.54,2,1,1,Low Risk,Normal Monitoring,0
France,Male,40,556,125909.85,1,1,1,Low Risk,Normal Monitoring,0
France,Female,45,579,0.0,2,0,3,Medium Risk,Contact Customer,0
France,Male,36,674,154525.7,1,1,1,Low Risk,Normal Monitoring,0
France,Female,29,570,0.0,1,0,2,Low Risk,Normal Monitoring,0
France,Male,51,631,100654.8,1,0,4,Medium Risk,Contact Customer,0
Spain,Male,44,623,83325.77,1,1,0,Low Risk,Normal Monitoring,0
France,Male,35,665,110934.54,1,0,3,Medium Risk,Contact Customer,0
Spain,Female,36,523,113680.54,1,0,3,Medium Risk,Contact Customer,0
Germany,Male,31,706,117020.08,2,0,5,High Risk,Immediate Follow-up,0
France,Female,49,619,145359.99,1,0,4,Medium Risk,Contact Customer,0
Germany,Female,39,593,151391.68,1,0,5,High Risk,Immediate Follow-up,1
Spain,Male,66,608,123935.35,1,1,2,Low Risk,Normal Monitoring,0
France,Female,36,526,0.0,2,0,2,Low Risk,Normal Monitoring,0
Spain,Male,40,684,70291.02,1,1,0,Low Risk,Normal Monitoring,1
Germany,Female,42,604,166031.45,1,0,5,High Risk,Immediate Follow-up,0
Germany,Male,36,636,96643.32,1,0,5,High Risk,Immediate Follow-up,0
Spain,Female,33,669,0.0,2,1,0,Low Risk,Normal Monitoring,0
France,Male,71,624,0.0,2,1,1,Low Risk,Normal Monitoring,0
France,Male,29,631,0.0,2,1,0,Low Risk,Normal Monitoring,0
France,Male,48,753,0.0,2,1,1,Low Risk,Normal Monitoring,0
France,Male,40,588,0.0,2,0,2,Low Risk,Normal Monitoring,0
Germany,Male,26,729,97268.1,2,0,5,High Risk,Immediate Follow-up,0
France,Female,42,602,0.0,2,0,2,Low Risk,Normal Monitoring,1
Germany,Female,55,689,76296.81,1,0,5,High Risk,Immediate Follow-up,1
Spain,Male,27,486,0.0,2,0,2,Low Risk,Normal Monitoring,0
Germany,Female,42,809,64497.94,3,1,5,High Risk,Immediate Follow-up,1
France,Male,38,562,0.0,1,0,2,Low Risk,Normal Monitoring,0
Spain,Female,32,763,0.0,2,0,2,Low Risk,Normal Monitoring,0
France,Male,57,669,0.0,2,1,1,Low Risk,Normal Monitoring,0
France,Male,39,709,0.0,2,0,2,Low Risk,Normal Monitoring,0
Spain,Female,45,554,0.0,2,1,1,Low Risk,Normal Monitoring,0
France,Male,37,699,0.0,2,0,2,Low Risk,Normal Monitoring,0
Spain,Male,54,732,134249.7,1,1,2,Low Risk,Normal Monitoring,0
France,Female,45,625,0.0,1,1,1,Low Risk,Normal Monitoring,1
France,Male,30,599,105443.68,1,1,1,Low Risk,Normal Monitoring,0
Spain,Female,50,584,0.0,1,1,1,Low Risk,Normal Monitoring,1
France,Male,35,499,0.0,2,0,2,Low Risk,Normal Monitoring,0
Spain,Male,38,526,0.0,2,0,2,Low Risk,Normal Monitoring,0
Germany,Female,35,625,86147.46,2,0,4,Medium Risk,Contact Customer,1
Spain,Female,38,537,96939.06,1,1,1,Low Risk,Normal Monitoring,0
Spain,Male,47,696,106758.6,1,1,2,Low Risk,Normal Monitoring,0
France,Female,33,679,112528.65,2,0,3,Medium Risk,Contact Customer,0
France,Male,60,684,116563.58,1,0,4,Medium Risk,Contact Customer,1
France,Male,32,850,0.0,1,1,0,Low Risk,Normal Monitoring,0
Spain,Female,42,495,0.0,2,0,2,Low Risk,Normal Monitoring,0
Spain,Female,38,537,141786.78,1,1,1,Low Risk,Normal Monitoring,0
France,Male,41,850,136416.82,1,1,1,Low Risk,Normal Monitoring,0
France,Male,30,513,0.0,2,0,2,Low Risk,Normal Monitoring,0
Germany,Female,40,618,133245.52,2,1,3,Medium Risk,Contact Customer,0
Germany,Female,41,802,90757.64,2,1,3,Medium Risk,Contact Customer,0
France,Male,43,547,92350.36,1,1,1,Low Risk,Normal Monitoring,0
Germany,Male,69,613,78778.49,1,1,3,Medium Risk,Contact Customer,0
Germany,Female,34,592,102143.93,2,1,3,Medium Risk,Contact Customer,0
France,Male,29,546,0.0,1,1,0,Low Risk,Normal Monitoring,0
Germany,Male,37,721,98459.6,1,0,5,High Risk,Immediate Follow-up,0
Germany,Female,47,671,114603.76,2,0,6,High Risk,Immediate Follow-up,1
Spain,Male,35,624,0.0,2,0,2,Low Risk,Normal Monitoring,0
Germany,Female,51,751,148074.79,1,0,6,High Risk,Immediate Follow-up,1
Spain,Male,36,636,0.0,3,1,3,Medium Risk,Contact Customer,1
Spain,Female,62,607,108004.64,1,1,2,Low Risk,Normal Monitoring,1
Germany,Female,29,509,107712.57,2,1,3,Medium Risk,Contact Customer,0
Spain,Male,35,653,0.0,2,1,0,Low Risk,Normal Monitoring,0
Spain,Female,37,709,0.0,3,0,5,High Risk,Immediate Follow-up,0
France,Male,32,559,145303.52,1,0,3,Medium Risk,Contact Customer,0
Germany,Male,37,684,138476.41,2,1,3,Medium Risk,Contact Customer,0
France,Female,27,635,127471.56,1,1,1,Low Risk,Normal Monitoring,1
France,Male,26,709,156551.63,1,1,1,Low Risk,Normal Monitoring,0
Germany,Female,49,656,97092.87,1,0,6,High Risk,Immediate Follow-up,1
France,Male,32,793,0.0,2,0,2,Low Risk,Normal Monitoring,1
Spain,Male,37,609,129312.79,1,1,1,Low Risk,Normal Monitoring,0
Germany,Female,29,618,100315.1,2,1,3,Medium Risk,Contact Customer,0
France,Female,35,850,81684.97,1,0,2,Low Risk,Normal Monitoring,0
Spain,Male,51,669,88827.53,1,0,3,Medium Risk,Contact Customer,1
Germany,Male,40,594,152092.44,2,1,3,Medium Risk,Contact Customer,0
Spain,Male,71,616,0.0,2,1,1,Low Risk,Normal Monitoring,0
France,Female,49,676,0.0,1,0,3,Medium Risk,Contact Customer,1
Spain,Female,38,608,102406.76,1,1,1,Low Risk,Normal Monitoring,0
France,Male,21,710,109130.96,2,1,1,Low Risk,Normal Monitoring,0
France,Male,29,695,0.0,2,1,0,Low Risk,Normal Monitoring,0
Germany,Male,33,530,75242.28,1,1,2,Low Risk,Normal Monitoring,0
Spain,Male,29,509,0.0,2,0,2,Low Risk,Normal Monitoring,0
France,Female,45,517,0.0,1,0,3,Medium Risk,Contact Customer,1
Germany,Male,33,758,129142.54,2,1,3,Medium Risk,Contact Customer,0
France,Male,51,665,0.0,1,0,3,Medium Risk,Contact Customer,0
Germany,Female,22,631,139129.92,1,1,3,Medium Risk,Contact Customer,0
Spain,Male,33,576,0.0,2,1,0,Low Risk,Normal Monitoring,0
Spain,Male,22,544,66483.32,1,1,0,Low Risk,Normal Monitoring,0
Germany,Male,40,596,62389.03,3,0,7,High Risk,Immediate Follow-up,1
France,Female,34,481,0.0,2,1,0,Low Risk,Normal Monitoring,0
France,Male,46,498,91857.66,1,0,4,Medium Risk,Contact Customer,1
Spain,Male,31,512,0.0,2,0,2,Low Risk,Normal Monitoring,0
France,Female,56,594,0.0,1,0,3,Medium Risk,Contact Customer,1
France,Female,30,570,176173.52,1,0,3,Medium Risk,Contact Customer,1
Spain,Male,38,721,0.0,1,1,0,Low Risk,Normal Monitoring,0
France,Female,37,453,131834.76,2,0,3,Medium Risk,Contact Customer,0
France,Male,48,562,92347.96,1,1,2,Low Risk,Normal Monitoring,0
France,Male,40,682,0.0,2,1,0,Low Risk,Normal Monitoring,0
France,Male,40,748,95297.11,1,0,3,Medium Risk,Contact Customer,0
France,Female,32,729,0.0,2,0,2,Low Risk,Normal Monitoring,0
France,Male,39,663,0.0,1,0,2,Low Risk,Normal Monitoring,0
France,Female,53,735,123845.36,2,1,2,Low Risk,Normal Monitoring,1
Germany,Male,62,627,143426.34,2,1,4,Medium Risk,Contact Customer,0
France,Male,46,713,0.0,1,1,1,Low Risk,Normal Monitoring,0
Germany,Male,31,562,112708.2,1,1,3,Medium Risk,Contact Customer,0
France,Male,43,632,100013.51,1,0,3,Medium Risk,Contact Customer,0
France,Female,33,479,208165.53,1,0,3,Medium Risk,Contact Customer,1
Spain,Male,21,658,0.0,2,1,0,Low Risk,Normal Monitoring,0
France,Female,40,598,0.0,1,0,2,Low Risk,Normal Monitoring,1
France,Male,19,597,0.0,2,1,0,Low Risk,Normal Monitoring,0
France,Female,33,512,121685.31,2,1,1,Low Risk,Normal Monitoring,0
France,Male,39,704,111525.02,1,0,3,Medium Risk,Contact Customer,0
France,Male,26,474,0.0,2,0,2,Low Risk,Normal Monitoring,0
Germany,Male,36,604,113546.3,1,1,3,Medium Risk,Contact Customer,0
France,Male,41,683,95696.52,2,1,1,Low Risk,Normal Monitoring,0
France,Male,28,537,88963.31,2,1,0,Low Risk,Normal Monitoring,0
Spain,Male,31,794,144880.34,2,1,1,Low Risk,Normal Monitoring,0
France,Male,55,732,136576.02,1,1,2,Low Risk,Normal Monitoring,1
France,Female,38,495,63093.01,1,1,0,Low Risk,Normal Monitoring,0
Germany,Male,38,552,132271.12,2,1,3,Medium Risk,Contact Customer,0
France,Female,29,602,88814.4,2,1,0,Low Risk,Normal Monitoring,0
Germany,Male,40,607,90594.55,1,1,3,Medium Risk,Contact Customer,0
Germany,Female,33,675,141816.25,1,0,5,High Risk,Immediate Follow-up,1
France,Female,54,443,138547.97,1,1,2,Low Risk,Normal Monitoring,1
France,Female,31,727,52192.08,2,1,0,Low Risk,Normal Monitoring,0
France,Male,38,482,124976.19,1,0,3,Medium Risk,Contact Customer,0
France,Female,34,686,0.0,2,0,2,Low Risk,Normal Monitoring,0
Germany,Male,35,588,104356.38,1,0,5,High Risk,Immediate Follow-up,0
Spain,Female,48,605,150315.92,1,1,2,Low Risk,Normal Monitoring,0
France,Male,39,583,129299.28,2,0,3,Medium Risk,Contact Customer,0
Germany,Male,37,738,140950.92,2,0,5,High Risk,Immediate Follow-up,0
Spain,Male,30,744,128065.12,1,0,3,Medium Risk,Contact Customer,0
France,Male,23,781,107433.48,1,0,3,Medium Risk,Contact Customer,0
France,Male,34,699,117468.67,1,0,3,Medium Risk,Contact Customer,0
France,Female,27,639,0.0,2,0,2,Low Risk,Normal Monitoring,0
France,Female,27,583,0.0,3,0,5,High Risk,Immediate Follow-up,0
France,Male,42,587,0.0,1,0,2,Low Risk,Normal Monitoring,0
France,Male,40,694,0.0,2,0,2,Low Risk,Normal Monitoring,0
France,Female,29,570,153040.03,1,1,1,Low Risk,Normal Monitoring,1
Germany,Male,45,692,142084.04,4,0,9,High Risk,Immediate Follow-up,1
France,Female,30,511,0.0,2,0,2,Low Risk,Normal Monitoring,0
France,Male,32,788,112079.58,1,0,3,Medium Risk,Contact Customer,0
Spain,Male,66,526,132044.6,2,1,2,Low Risk,Normal Monitoring,0
Spain,Female,46,749,66582.81,1,0,3,Medium Risk,Contact Customer,1
France,Female,33,691,0.0,2,1,0,Low Risk,Normal Monitoring,0
France,Female,39,481,0.0,1,1,0,Low Risk,Normal Monitoring,0
France,Male,33,752,0.0,2,1,0,Low Risk,Normal Monitoring,0
France,Female,38,658,102895.1,1,0,3,Medium Risk,Contact Customer,0
Spain,Male,42,679,0.0,1,1,0,Low Risk,Normal Monitoring,0
Germany,Male,27,754,117578.35,2,1,3,Medium Risk,Contact Customer,0
France,Male,47,679,198546.1,2,0,4,Medium Risk,Contact Customer,1
Spain,Female,39,633,0.0,2,0,2,Low Risk,Normal Monitoring,0
France,Female,31,674,0.0,1,0,2,Low Risk,Normal Monitoring,0
Germany,Male,28,600,116623.31,1,1,3,Medium Risk,Contact Customer,0
Spain,Male,49,645,0.0,2,0,3,Medium Risk,Contact Customer,0
France,Male,36,698,0.0,2,1,0,Low Risk,Normal Monitoring,0
Spain,Male,54,508,0.0,1,1,1,Low Risk,Normal Monitoring,0
France,Female,44,555,105770.7,3,0,6,High Risk,Immediate Follow-up,1
France,Female,48,751,0.0,1,0,3,Medium Risk,Contact Customer,1
France,Female,39,738,94435.45,2,1,1,Low Risk,Normal Monitoring,0
Germany,Female,39,706,112889.91,1,1,3,Medium Risk,Contact Customer,0
France,Female,53,595,0.0,2,0,3,Medium Risk,Contact Customer,1
Germany,Female,43,577,127940.47,1,0,5,High Risk,Immediate Follow-up,1
Germany,Female,36,578,129745.1,1,1,3,Medium Risk,Contact Customer,0
France,Male,32,699,0.0,2,1,0,Low Risk,Normal Monitoring,0
France,Female,30,826,0.0,2,1,0,Low Risk,Normal Monitoring,0
Germany,Female,46,656,141535.52,1,0,6,High Risk,Immediate Follow-up,1
France,Female,47,556,139914.27,1,1,2,Low Risk,Normal Monitoring,0
France,Male,41,569,120243.49,1,0,3,Medium Risk,Contact Customer,1
France,Male,34,765,91835.16,1,0,3,Medium Risk,Contact Customer,0
Spain,Male,37,544,0.0,2,0,2,Low Risk,Normal Monitoring,0
Spain,Female,22,588,67178.19,1,1,0,Low Risk,Normal Monitoring,1
Spain,Female,31,740,0.0,2,0,2,Low Risk,Normal Monitoring,0
Spain,Male,38,850,115378.94,1,1,1,Low Risk,Normal Monitoring,0
Germany,Male,30,766,127786.28,2,1,3,Medium Risk,Contact Customer,0
France,Female,41,849,0.0,2,1,0,Low Risk,Normal Monitoring,1
France,Female,33,612,64900.32,2,0,2,Low Risk,Normal Monitoring,0
Germany,Male,53,517,109172.88,1,0,6,High Risk,Immediate Follow-up,1
France,Female,55,645,0.0,2,1,1,Low Risk,Normal Monitoring,0
Germany,Male,43,696,114091.38,1,1,3,Medium Risk,Contact Customer,0
France,Female,40,716,0.0,2,1,0,Low Risk,Normal Monitoring,0
France,Male,32,590,0.0,2,0,2,Low Risk,Normal Monitoring,0
France,Female,45,656,145933.27,1,1,2,Low Risk,Normal Monitoring,0
Germany,Female,35,473,131504.73,1,0,5,High Risk,Immediate Follow-up,0
Germany,Female,44,742,107926.02,1,1,3,Medium Risk,Contact Customer,1
Germany,Female,57,834,112281.6,3,0,9,High Risk,Immediate Follow-up,1
France,Male,41,721,0.0,2,1,0,Low Risk,Normal Monitoring,0
Spain,Male,29,590,0.0,1,1,0,Low Risk,Normal Monitoring,1
Spain,Female,31,516,0.0,1,0,2,Low Risk,Normal Monitoring,0
France,Male,33,850,124781.67,1,1,1,Low Risk,Normal Monitoring,0
France,Female,39,748,132865.56,1,1,1,Low Risk,Normal Monitoring,1
Germany,Female,38,798,129055.13,1,0,5,High Risk,Immediate Follow-up,0
Germany,Male,76,612,96166.88,1,1,4,Medium Risk,Contact Customer,0
France,Female,40,540,165298.12,1,1,1,Low Risk,Normal Monitoring,0
Spain,Female,33,719,0.0,2,0,2,Low Risk,Normal Monitoring,0
France,Male,48,598,120682.53,1,0,4,Medium Risk,Contact Customer,1
Spain,Male,32,796,102773.15,2,1,1,Low Risk,Normal Monitoring,0
Germany,Male,42,579,144386.32,1,1,3,Medium Risk,Contact Customer,1
Germany,Female,40,850,104449.8,1,1,3,Medium Risk,Contact Customer,0
Spain,Male,35,599,137102.65,1,0,3,Medium Risk,Contact Customer,0
France,Female,30,724,142475.87,1,1,1,Low Risk,Normal Monitoring,0
France,Female,43,508,0.0,1,0,2,Low Risk,Normal Monitoring,0
Spain,Male,37,773,103195.2,2,0,3,Medium Risk,Contact Customer,0
France,Male,28,526,112070.44,1,1,1,Low Risk,Normal Monitoring,0
France,Female,29,542,0.0,2,1,0,Low Risk,Normal Monitoring,0
France,Male,35,470,96473.59,1,0,3,Medium Risk,Contact Customer,0
Spain,Male,37,805,0.0,2,0,2,Low Risk,Normal Monitoring,0
Germany,Male,49,548,108437.89,1,0,6,High Risk,Immediate Follow-up,1
France,Male,37,672,153195.59,1,1,1,Low Risk,Normal Monitoring,0
France,Male,45,773,96877.21,1,1,2,Low Risk,Normal Monitoring,0
France,Male,44,614,0.0,2,1,0,Low Risk,Normal Monitoring,0
France,Female,38,537,0.0,1,0,2,Low Risk,Normal Monitoring,1
France,Female,40,704,95452.89,1,1,1,Low Risk,Normal Monitoring,0
Spain,Male,41,586,63873.56,1,0,2,Low Risk,Normal Monitoring,0
France,Female,24,677,148298.59,2,0,3,Medium Risk,Contact Customer,0
Spain,Female,31,558,0.0,2,0,2,Low Risk,Normal Monitoring,0
Germany,Female,37,634,143258.85,2,0,5,High Risk,Immediate Follow-up,0
Germany,Male,37,655,121342.24,1,1,3,Medium Risk,Contact Customer,0
Germany,Female,28,619,99152.73,2,0,5,High Risk,Immediate Follow-up,0
France,Female,41,662,0.0,2,0,2,Low Risk,Normal Monitoring,0
Spain,Male,33,705,68423.89,1,1,0,Low Risk,Normal Monitoring,0
Spain,Female,35,527,0.0,1,0,2,Low Risk,Normal Monitoring,1
Germany,Female,25,630,79656.81,1,0,4,Medium Risk,Contact Customer,0
France,Male,35,850,0.0,2,1,0,Low Risk,Normal Monitoring,0
France,Female,53,668,110240.04,1,0,4,Medium Risk,Contact Customer,1
France,Female,32,573,125321.84,2,1,1,Low Risk,Normal Monitoring,0
France,Male,27,680,0.0,1,0,2,Low Risk,Normal Monitoring,0
France,Female,32,758,84378.9,1,1,0,Low Risk,Normal Monitoring,0
France,Male,45,597,0.0,2,0,3,Medium Risk,Contact Customer,0
Germany,Male,35,580,136281.41,2,1,3,Medium Risk,Contact Customer,0
France,Male,59,622,119380.37,1,1,2,Low Risk,Normal Monitoring,0
Germany,Male,62,638,108716.59,2,1,4,Medium Risk,Contact Customer,0
France,Female,20,640,0.0,2,1,0,Low Risk,Normal Monitoring,0
Spain,Male,28,644,0.0,2,0,2,Low Risk,Normal Monitoring,0
France,Female,31,753,106596.29,1,0,3,Medium Risk,Contact Customer,0
France,Female,37,629,99546.25,3,1,4,Medium Risk,Contact Customer,1
France,Female,30,775,0.0,1,0,2,Low Risk,Normal Monitoring,1
France,Female,41,701,0.0,1,0,2,Low Risk,Normal Monitoring,0
Spain,Male,19,708,112615.86,1,1,1,Low Risk,Normal Monitoring,0
Spain,Female,22,521,0.0,1,1,0,Low Risk,Normal Monitoring,0
France,Female,24,636,0.0,2,1,0,Low Risk,Normal Monitoring,0
France,Female,31,529,0.0,2,0,2,Low Risk,Normal Monitoring,0
France,Male,28,757,75381.15,1,1,0,Low Risk,Normal Monitoring,0
Spain,Female,24,767,0.0,2,1,0,Low Risk,Normal Monitoring,0
Spain,Male,33,525,0.0,2,0,2,Low Risk,Normal Monitoring,0
Spain,Male,38,759,0.0,2,0,2,Low Risk,Normal Monitoring,0
Germany,Female,45,520,123086.39,1,1,4,Medium Risk,Contact Customer,1
France,Female,26,738,0.0,2,0,2,Low Risk,Normal Monitoring,0
Spain,Male,37,548,0.0,1,0,2,Low Risk,Normal Monitoring,0
Spain,Male,48,535,109472.47,1,0,4,Medium Risk,Contact Customer,1
Spain,Male,59,615,155766.05,1,1,2,Low Risk,Normal Monitoring,0
Germany,Male,38,850,101985.81,2,0,5,High Risk,Immediate Follow-up,0
France,Female,34,487,96019.5,1,0,3,Medium Risk,Contact Customer,0
France,Male,30,731,0.0,2,1,0,Low Risk,Normal Monitoring,0
Spain,Female,35,726,0.0,2,1,0,Low Risk,Normal Monitoring,0
France,Female,35,609,147900.43,1,0,3,Medium Risk,Contact Customer,0
France,Male,52,714,100755.66,1,1,2,Low Risk,Normal Monitoring,0
Spain,Female,35,694,0.0,1,0,2,Low Risk,Normal Monitoring,1
France,Female,33,786,83036.05,1,1,0,Low Risk,Normal Monitoring,1
Spain,Male,27,698,125427.37,2,0,3,Medium Risk,Contact Customer,0
France,Female,46,601,98202.76,1,0,4,Medium Risk,Contact Customer,0
Spain,Male,41,769,72509.91,1,0,2,Low Risk,Normal Monitoring,0
Germany,Male,44,850,140393.65,2,1,3,Medium Risk,Contact Customer,0
Spain,Female,50,646,142644.64,2,1,2,Low Risk,Normal Monitoring,1
France,Female,44,659,23503.31,1,1,0,Low Risk,Normal Monitoring,1
Spain,Male,33,487,145729.71,1,0,3,Medium Risk,Contact Customer,0
Germany,Female,40,740,122295.17,2,1,3,Medium Risk,Contact Customer,0
France,Male,39,686,0.0,2,0,2,Low Risk,Normal Monitoring,0
Spain,Female,36,612,119799.27,2,0,3,Medium Risk,Contact Customer,0
Spain,Male,37,655,163708.58,2,0,3,Medium Risk,Contact Customer,0
France,Male,34,617,61687.33,2,0,2,Low Risk,Normal Monitoring,0
France,Female,27,674,79144.34,1,1,0,Low Risk,Normal Monitoring,0
Spain,Male,32,711,0.0,2,1,0,Low Risk,Normal Monitoring,0
Germany,Female,27,624,104848.68,1,1,3,Medium Risk,Contact Customer,0
Spain,Male,26,597,0.0,2,1,0,Low Risk,Normal Monitoring,0
Spain,Male,46,682,0.0,1,1,1,Low Risk,Normal Monitoring,0
France,Male,45,775,0.0,1,0,3,Medium Risk,Contact Customer,0
France,Female,29,727,146652.01,1,1,1,Low Risk,Normal Monitoring,0
France,Male,31,629,0.0,2,0,2,Low Risk,Normal Monitoring,0
France,Male,46,684,0.0,2,1,1,Low Risk,Normal Monitoring,0
Germany,Female,37,549,130622.34,2,1,3,Medium Risk,Contact Customer,0
Germany,Male,69,593,187013.13,2,1,4,Medium Risk,Contact Customer,0
Spain,Male,40,536,0.0,2,1,0,Low Risk,Normal Monitoring,0
France,Female,36,707,0.0,1,0,2,Low Risk,Normal Monitoring,0
Spain,Male,41,592,0.0,2,0,2,Low Risk,Normal Monitoring,0
France,Male,44,703,98862.54,1,0,3,Medium Risk,Contact Customer,0
Spain,Female,45,723,0.0,2,0,3,Medium Risk,Contact Customer,0
Germany,Male,52,452,98443.14,2,0,6,High Risk,Immediate Follow-up,0
Spain,Male,42,552,0.0,2,0,2,Low Risk,Normal Monitoring,0
France,Female,47,633,0.0,1,1,1,Low Risk,Normal Monitoring,1
Germany,Female,23,479,123575.51,1,1,3,Medium Risk,Contact Customer,0
France,Male,25,768,0.0,2,1,0,Low Risk,Normal Monitoring,0
France,Male,31,742,105239.1,1,1,1,Low Risk,Normal Monitoring,0
Germany,Male,56,668,110993.79,1,0,6,High Risk,Immediate Follow-up,1
Spain,Male,44,707,0.0,2,1,0,Low Risk,Normal Monitoring,0
Spain,Male,39,754,157691.98,2,0,3,Medium Risk,Contact Customer,1
Germany,Male,47,544,105245.21,1,0,6,High Risk,Immediate Follow-up,1
Spain,Male,32,718,0.0,2,1,0,Low Risk,Normal Monitoring,0
France,Male,31,762,117687.35,1,1,1,Low Risk,Normal Monitoring,0
France,Male,23,772,0.0,2,0,2,Low Risk,Normal Monitoring,0
Germany,Female,37,691,123067.63,1,1,3,Medium Risk,Contact Customer,1
France,Male,45,502,0.0,1,0,3,Medium Risk,Contact Customer,0
France,Female,34,563,0.0,2,0,2,Low Risk,Normal Monitoring,0
France,Female,41,676,101457.14,1,1,1,Low Risk,Normal Monitoring,0
Spain,Male,52,576,100549.43,2,1,2,Low Risk,Normal Monitoring,0
Spain,Male,35,629,174588.8,2,1,1,Low Risk,Normal Monitoring,0
Spain,Male,52,625,121161.57,1,0,4,Medium Risk,Contact Customer,0
France,Male,45,628,0.0,2,1,1,Low Risk,Normal Monitoring,0
Germany,Female,36,471,90063.74,2,1,3,Medium Risk,Contact Customer,0
France,Female,45,811,0.0,2,1,1,Low Risk,Normal Monitoring,0
France,Male,42,504,134936.97,2,0,3,Medium Risk,Contact Customer,0
France,Female,24,687,110495.27,1,0,3,Medium Risk,Contact Customer,0
Germany,Female,37,660,133200.09,1,0,5,High Risk,Immediate Follow-up,0
France,Female,41,548,82596.8,1,1,0,Low Risk,Normal Monitoring,0
Germany,Male,31,609,103837.75,1,1,3,Medium Risk,Contact Customer,0
Spain,Female,42,659,0.0,1,0,2,Low Risk,Normal Monitoring,1
France,Male,52,526,93590.47,1,1,2,Low Risk,Normal Monitoring,1
Germany,Male,40,725,104149.66,1,0,5,High Risk,Immediate Follow-up,0
Germany,Male,38,519,114141.64,1,1,3,Medium Risk,Contact Customer,1
Germany,Female,31,562,117153.0,1,1,3,Medium Risk,Contact Customer,0
Germany,Male,45,482,156353.46,1,0,6,High Risk,Immediate Follow-up,1
Spain,Male,37,535,175534.78,2,1,1,Low Risk,Normal Monitoring,0
France,Female,27,561,135637.0,1,0,3,Medium Risk,Contact Customer,1
France,Female,30,661,0.0,2,0,2,Low Risk,Normal Monitoring,0
France,Male,27,771,0.0,2,1,0,Low Risk,Normal Monitoring,0
France,Male,26,545,0.0,2,1,0,Low Risk,Normal Monitoring,0
Germany,Female,33,850,83415.04,1,1,2,Low Risk,Normal Monitoring,0
Germany,Male,43,601,141859.12,2,1,3,Medium Risk,Contact Customer,0
Germany,Male,38,712,132767.66,2,1,3,Medium Risk,Contact Customer,0
France,Female,31,589,110635.32,1,0,3,Medium Risk,Contact Customer,0
Spain,Male,37,600,177657.35,1,1,1,Low Risk,Normal Monitoring,0
Germany,Male,41,642,157777.58,1,0,5,High Risk,Immediate Follow-up,0
Germany,Male,47,575,107915.94,2,1,4,Medium Risk,Contact Customer,1
Germany,Female,57,570,86568.75,1,1,3,Medium Risk,Contact Customer,0
Germany,Male,52,532,137755.76,1,0,6,High Risk,Immediate Follow-up,1
France,Male,30,796,137262.71,2,0,3,Medium Risk,Contact Customer,0
Spain,Male,32,833,0.0,1,1,0,Low Risk,Normal Monitoring,1
Spain,Female,36,642,0.0,2,1,0,Low Risk,Normal Monitoring,0
France,Male,28,655,0.0,2,1,0,Low Risk,Normal Monitoring,0
Germany,Male,50,736,116309.01,1,0,6,High Risk,Immediate Follow-up,1
France,Female,34,617,131244.65,2,0,3,Medium Risk,Contact Customer,0
Germany,Male,28,762,125155.83,2,1,3,Medium Risk,Contact Customer,0
Germany,Male,35,703,140691.08,2,0,5,High Risk,Immediate Follow-up,0
France,Male,41,507,58820.32,2,1,0,Low Risk,Normal Monitoring,0
Germany,Female,26,581,105099.45,1,1,3,Medium Risk,Contact Customer,1
France,Male,31,593,0.0,2,1,0,Low Risk,Normal Monitoring,0
France,Male,23,648,168372.52,1,0,3,Medium Risk,Contact Customer,0
Germany,Male,34,462,94682.56,2,0,5,High Risk,Immediate Follow-up,0
Spain,Male,36,596,0.0,2,1,0,Low Risk,Normal Monitoring,0
France,Female,44,627,0.0,2,0,2,Low Risk,Normal Monitoring,1
France,Male,40,494,0.0,2,1,0,Low Risk,Normal Monitoring,0
France,Male,73,627,146329.73,1,1,2,Low Risk,Normal Monitoring,0
Spain,Male,37,850,0.0,2,0,2,Low Risk,Normal Monitoring,0
France,Female,49,632,167962.7,1,0,4,Medium Risk,Contact Customer,0
France,Male,33,490,0.0,2,1,0,Low Risk,Normal Monitoring,0
France,Male,40,715,0.0,1,1,0,Low Risk,Normal Monitoring,0
France,Male,48,679,0.0,2,0,3,Medium Risk,Contact Customer,0
France,Male,44,619,116967.68,1,0,3,Medium Risk,Contact Customer,1
Spain,Female,33,465,0.0,2,1,0,Low Risk,Normal Monitoring,0
Spain,Male,32,736,0.0,1,1,0,Low Risk,Normal Monitoring,0
Germany,Female,34,501,93244.42,1,1,3,Medium Risk,Contact Customer,0
France,Female,29,535,0.0,2,1,0,Low Risk,Normal Monitoring,0
France,Female,33,759,0.0,2,0,2,Low Risk,Normal Monitoring,0
France,Male,35,819,0.0,2,1,0,Low Risk,Normal Monitoring,0
Germany,Male,43,533,80442.06,2,1,2,Low Risk,Normal Monitoring,0
Germany,Female,35,632,150561.03,2,0,5,High Risk,Immediate Follow-up,0
France,Male,60,686,0.0,3,1,4,Medium Risk,Contact Customer,1
France,Female,34,687,125474.44,1,0,3,Medium Risk,Contact Customer,0
Germany,Female,33,667,127076.68,2,0,5,High Risk,Immediate Follow-up,0
Spain,Female,25,699,0.0,2,1,0,Low Risk,Normal Monitoring,0
Spain,Male,37,497,128650.11,2,1,1,Low Risk,Normal Monitoring,0
Spain,Female,33,780,145580.61,1,1,1,Low Risk,Normal Monitoring,0
France,Female,51,652,0.0,1,0,3,Medium Risk,Contact Customer,1
France,Male,47,477,144900.58,1,0,4,Medium Risk,Contact Customer,1
France,Female,37,652,0.0,2,0,2,Low Risk,Normal Monitoring,0
France,Female,31,488,97588.6,1,0,3,Medium Risk,Contact Customer,0
France,Male,24,572,0.0,2,1,0,Low Risk,Normal Monitoring,0
France,Female,38,755,0.0,2,0,2,Low Risk,Normal Monitoring,0
Germany,Female,24,779,122200.31,2,0,5,High Risk,Immediate Follow-up,0
Spain,Female,46,693,151709.33,1,0,4,Medium Risk,Contact Customer,0
Spain,Female,22,530,0.0,2,0,2,Low Risk,Normal Monitoring,0
Spain,Female,33,738,122134.4,2,1,1,Low Risk,Normal Monitoring,0
Germany,Male,31,690,137260.45,2,0,5,High Risk,Immediate Follow-up,0
France,Female,30,611,88594.14,1,0,2,Low Risk,Normal Monitoring,0
Spain,Male,34,643,0.0,2,1,0,Low Risk,Normal Monitoring,0
Germany,Male,41,632,127205.32,4,0,8,High Risk,Immediate Follow-up,1
Spain,Female,31,727,96997.09,2,0,3,Medium Risk,Contact Customer,0
France,Female,64,508,0.0,1,1,1,Low Risk,Normal Monitoring,0
France,Male,31,550,142200.19,2,1,1,Low Risk,Normal Monitoring,0
Germany,Female,39,754,160761.41,1,1,3,Medium Risk,Contact Customer,0
France,Male,26,759,0.0,2,0,2,Low Risk,Normal Monitoring,0
Spain,Male,33,794,0.0,2,0,2,Low Risk,Normal Monitoring,0
France,Male,29,549,0.0,2,0,2,Low Risk,Normal Monitoring,0
France,Male,31,671,116234.61,1,0,3,Medium Risk,Contact Customer,0
Germany,Female,26,756,155143.52,1,1,3,Medium Risk,Contact Customer,1
France,Female,21,632,0.0,2,0,2,Low Risk,Normal Monitoring,0
France,Male,38,579,0.0,2,0,2,Low Risk,Normal Monitoring,0
France,Male,34,748,84009.47,1,1,0,Low Risk,Normal Monitoring,0
Germany,Female,28,488,139246.22,2,0,5,High Risk,Immediate Follow-up,0
Germany,Male,58,710,170113.0,2,1,4,Medium Risk,Contact Customer,0
Spain,Female,41,619,0.0,3,1,3,Medium Risk,Contact Customer,1
France,Male,64,773,145578.28,1,1,2,Low Risk,Normal Monitoring,0
Spain,Male,75,657,126273.95,1,1,2,Low Risk,Normal Monitoring,0
France,Female,26,579,162482.76,1,1,1,Low Risk,Normal Monitoring,0
France,Male,29,542,0.0,1,0,2,Low Risk,Normal Monitoring,0
France,Female,32,709,87814.89,1,0,2,Low Risk,Normal Monitoring,0
Spain,Male,61,617,113858.95,1,1,2,Low Risk,Normal Monitoring,0
Germany,Male,43,568,87612.64,4,1,5,High Risk,Immediate Follow-up,1
France,Female,73,769,0.0,1,1,1,Low Risk,Normal Monitoring,0
Germany,Male,26,608,106648.98,1,1,3,Medium Risk,Contact Customer,0
Spain,Male,31,503,0.0,2,1,0,Low Risk,Normal Monitoring,0
Germany,Female,38,608,103653.51,2,1,3,Medium Risk,Contact Customer,0
Germany,Male,37,731,116880.53,1,0,5,High Risk,Immediate Follow-up,1
Germany,Female,40,850,97990.49,2,0,5,High Risk,Immediate Follow-up,0
Germany,Female,34,591,150635.3,1,1,3,Medium Risk,Contact Customer,0
Spain,Male,37,579,0.0,2,1,0,Low Risk,Normal Monitoring,0
France,Male,39,570,129674.89,2,0,3,Medium Risk,Contact Customer,0
France,Female,37,709,0.0,2,0,2,Low Risk,Normal Monitoring,0
France,Male,53,611,83568.26,1,0,3,Medium Risk,Contact Customer,0
Spain,Male,48,775,178144.91,2,0,4,Medium Risk,Contact Customer,1
Germany,Male,36,699,147137.74,1,1,3,Medium Risk,Contact Customer,0
France,Male,37,618,0.0,1,1,0,Low Risk,Normal Monitoring,1
France,Male,36,704,114370.41,1,1,1,Low Risk,Normal Monitoring,0
Germany,Female,47,835,108289.28,2,1,4,Medium Risk,Contact Customer,1
Germany,Male,39,714,149887.49,2,0,5,High Risk,Immediate Follow-up,0
Spain,Female,43,581,170172.9,1,1,1,Low Risk,Normal Monitoring,0
France,Male,27,592,0.0,2,1,0,Low Risk,Normal Monitoring,0
France,Male,43,551,0.0,2,0,2,Low Risk,Normal Monitoring,0
Germany,Female,28,689,64808.32,2,0,4,Medium Risk,Contact Customer,0
France,Female,56,604,62732.65,1,1,1,Low Risk,Normal Monitoring,0
France,Female,41,514,0.0,2,1,0,Low Risk,Normal Monitoring,0
France,Male,29,698,95167.55,1,1,1,Low Risk,Normal Monitoring,0
Germany,Female,54,581,152508.99,1,0,6,High Risk,Immediate Follow-up,1
Germany,Male,31,573,134644.19,1,1,3,Medium Risk,Contact Customer,0
Spain,Female,33,449,0.0,2,0,2,Low Risk,Normal Monitoring,0
Germany,Female,31,850,51293.47,1,0,4,Medium Risk,Contact Customer,0
France,Male,41,612,0.0,3,0,5,High Risk,Immediate Follow-up,0
Spain,Male,49,690,116622.73,1,1,2,Low Risk,Normal Monitoring,0
Spain,Female,49,599,0.0,2,0,3,Medium Risk,Contact Customer,0
France,Male,33,498,198113.86,1,0,3,Medium Risk,Contact Customer,0
France,Female,29,497,85646.81,1,0,2,Low Risk,Normal Monitoring,1
Spain,Male,51,802,0.0,1,1,1,Low Risk,Normal Monitoring,0
France,Male,33,644,141234.98,1,0,3,Medium Risk,Contact Customer,0
France,Male,34,714,0.0,2,1,0,Low Risk,Normal Monitoring,0
France,Female,40,690,77641.99,1,0,2,Low Risk,Normal Monitoring,1
Spain,Male,30,522,0.0,2,0,2,Low Risk,Normal Monitoring,0
Germany,Female,40,502,117304.29,1,0,5,High Risk,Immediate Follow-up,0
Spain,Female,62,730,0.0,2,1,1,Low Risk,Normal Monitoring,0
Germany,Male,36,590,92340.69,2,1,3,Medium Risk,Contact Customer,0
Germany,Male,35,458,146780.52,2,1,3,Medium Risk,Contact Customer,0
Spain,Male,41,553,144974.55,1,1,1,Low Risk,Normal Monitoring,0
France,Male,47,479,0.0,1,0,3,Medium Risk,Contact Customer,0
France,Male,31,693,0.0,2,1,0,Low Risk,Normal Monitoring,0
Spain,Male,43,707,0.0,2,0,2,Low Risk,Normal Monitoring,0
Spain,Male,37,636,115137.26,1,0,3,Medium Risk,Contact Customer,0
France,Male,33,807,101952.97,2,0,3,Medium Risk,Contact Customer,0
France,Female,45,513,164649.52,3,0,7,High Risk,Immediate Follow-up,1
France,Male,31,582,0.0,2,1,0,Low Risk,Normal Monitoring,0
France,Male,32,694,91956.49,1,1,1,Low Risk,Normal Monitoring,0
France,Male,39,777,0.0,2,1,0,Low Risk,Normal Monitoring,0
Germany,Male,32,598,123938.6,2,0,5,High Risk,Immediate Follow-up,0
Germany,Male,46,762,123571.77,3,1,7,High Risk,Immediate Follow-up,1
France,Female,34,588,120777.88,1,1,1,Low Risk,Normal Monitoring,0
Germany,Male,42,663,90248.79,1,1,3,Medium Risk,Contact Customer,0
France,Male,36,777,0.0,1,0,2,Low Risk,Normal Monitoring,0
France,Male,71,592,0.0,2,1,1,Low Risk,Normal Monitoring,0
Germany,Male,48,631,106396.48,1,1,4,Medium Risk,Contact Customer,1
Germany,Female,47,725,104887.43,1,0,6,High Risk,Immediate Follow-up,1
France,Male,34,850,72079.71,1,1,0,Low Risk,Normal Monitoring,0
France,Male,37,540,0.0,2,0,2,Low Risk,Normal Monitoring,0
Spain,Male,36,674,0.0,2,1,0,Low Risk,Normal Monitoring,0
France,Male,38,553,99844.68,1,0,3,Medium Risk,Contact Customer,0
France,Female,28,630,0.0,2,1,0,Low Risk,Normal Monitoring,0
France,Male,26,466,156815.71,1,1,1,Low Risk,Normal Monitoring,0
France,Male,47,613,146034.74,1,1,2,Low Risk,Normal Monitoring,0
France,Male,27,558,152283.39,1,0,3,Medium Risk,Contact Customer,0
Germany,Female,33,775,118897.1,2,1,3,Medium Risk,Contact Customer,0
Germany,Male,52,698,96781.39,1,1,4,Medium Risk,Contact Customer,0
Germany,Male,33,608,102772.67,2,0,5,High Risk,Immediate Follow-up,0
Spain,Female,20,670,0.0,2,0,2,Low Risk,Normal Monitoring,0
Spain,Male,39,591,0.0,2,0,2,Low Risk,Normal Monitoring,0
France,Male,40,633,150578.0,1,1,1,Low Risk,Normal Monitoring,1
France,Female,46,678,0.0,2,0,3,Medium Risk,Contact Customer,0
France,Male,47,590,0.0,2,0,3,Medium Risk,Contact Customer,0
France,Female,48,705,0.0,2,0,3,Medium Risk,Contact Customer,0
France,Male,42,608,163548.07,1,0,3,Medium Risk,Contact Customer,0
France,Female,37,682,148580.12,1,0,3,Medium Risk,Contact Customer,0
Germany,Male,32,596,96709.07,2,0,5,High Risk,Immediate Follow-up,0
Germany,Female,34,395,106011.59,1,1,3,Medium Risk,Contact Customer,1
Germany,Male,37,578,135650.88,1,0,5,High Risk,Immediate Follow-up,0
Germany,Male,55,547,111362.76,3,0,9,High Risk,Immediate Follow-up,1
France,Male,37,609,39344.83,1,1,0,Low Risk,Normal Monitoring,1
Germany,Male,36,774,130809.77,1,0,5,High Risk,Immediate Follow-up,0
France,Female,27,712,133009.51,1,0,3,Medium Risk,Contact Customer,0
Germany,Female,28,585,135337.49,2,1,3,Medium Risk,Contact Customer,0
France,Female,32,666,112536.57,2,1,1,Low Risk,Normal Monitoring,0
Spain,Female,35,708,122570.69,1,0,3,Medium Risk,Contact Customer,0
France,Male,44,513,63562.02,2,1,0,Low Risk,Normal Monitoring,1
France,Male,37,445,0.0,2,1,0,Low Risk,Normal Monitoring,0
Germany,Male,44,690,100368.63,2,0,5,High Risk,Immediate Follow-up,0
France,Male,37,850,0.0,2,0,2,Low Risk,Normal Monitoring,0
Spain,Female,33,537,136082.0,1,0,3,Medium Risk,Contact Customer,0
Germany,Male,48,705,114169.16,1,0,6,High Risk,Immediate Follow-up,1
France,Female,45,670,47884.92,1,1,1,Low Risk,Normal Monitoring,0
Spain,Female,36,652,0.0,2,1,0,Low Risk,Normal Monitoring,0
Spain,Male,24,696,0.0,1,0,2,Low Risk,Normal Monitoring,0
France,Male,49,747,202904.64,1,1,2,Low Risk,Normal Monitoring,1
France,Female,46,511,0.0,1,1,1,Low Risk,Normal Monitoring,1
Spain,Male,43,743,161807.18,2,1,1,Low Risk,Normal Monitoring,1
Germany,Male,52,532,110791.97,1,0,6,High Risk,Immediate Follow-up,1
Spain,Female,33,642,0.0,2,1,0,Low Risk,Normal Monitoring,0
Germany,Female,54,554,108755.0,1,0,6,High Risk,Immediate Follow-up,1
Spain,Female,34,604,0.0,2,0,2,Low Risk,Normal Monitoring,0
France,Female,72,602,0.0,2,1,1,Low Risk,Normal Monitoring,0
Spain,Female,55,757,117294.12,4,0,7,High Risk,Immediate Follow-up,1
Germany,Male,26,491,102251.14,1,1,3,Medium Risk,Contact Customer,0
France,Male,31,850,0.0,2,0,2,Low Risk,Normal Monitoring,0
France,Male,22,521,0.0,2,1,0,Low Risk,Normal Monitoring,0
France,Male,37,726,132057.92,2,0,3,Medium Risk,Contact Customer,0
France,Male,33,596,0.0,1,0,2,Low Risk,Normal Monitoring,1
Germany,Female,35,850,114285.2,1,1,3,Medium Risk,Contact Customer,0
France,Female,41,637,0.0,2,0,2,Low Risk,Normal Monitoring,0
Spain,Male,32,690,76087.98,1,1,0,Low Risk,Normal Monitoring,0
France,Male,40,689,160272.27,1,0,3,Medium Risk,Contact Customer,0
Spain,Male,63,633,114552.6,1,0,4,Medium Risk,Contact Customer,1
France,Female,27,555,102000.17,1,1,1,Low Risk,Normal Monitoring,0
Spain,Male,24,563,0.0,2,0,2,Low Risk,Normal Monitoring,0
France,Female,33,494,137853.0,1,1,1,Low Risk,Normal Monitoring,0
France,Male,27,534,0.0,2,0,2,Low Risk,Normal Monitoring,0
Germany,Male,42,696,162318.61,1,0,5,High Risk,Immediate Follow-up,0
Spain,Female,50,535,140292.58,3,0,7,High Risk,Immediate Follow-up,1
France,Male,34,600,0.0,2,1,0,Low Risk,Normal Monitoring,0
France,Female,34,807,0.0,1,0,2,Low Risk,Normal Monitoring,0
France,Female,52,714,0.0,1,1,1,Low Risk,Normal Monitoring,1
France,Male,24,590,126431.54,1,0,3,Medium Risk,Contact Customer,0
France,Female,41,614,123475.04,1,1,1,Low Risk,Normal Monitoring,0
Germany,Female,45,766,97652.96,1,0,6,High Risk,Immediate Follow-up,0
Spain,Male,42,557,0.0,2,1,0,Low Risk,Normal Monitoring,0
Germany,Female,49,788,137455.99,1,0,6,High Risk,Immediate Follow-up,1
France,Female,38,648,0.0,2,1,0,Low Risk,Normal Monitoring,0
Germany,Female,33,726,99046.31,2,1,3,Medium Risk,Contact Customer,0
France,Male,33,773,0.0,2,1,0,Low Risk,Normal Monitoring,0
Germany,Male,27,583,105907.42,2,1,3,Medium Risk,Contact Customer,0
Germany,Male,52,565,97720.35,2,0,6,High Risk,Immediate Follow-up,1
France,Male,25,705,0.0,2,1,0,Low Risk,Normal Monitoring,0
Spain,Male,43,685,97392.18,2,0,3,Medium Risk,Contact Customer,0
France,Male,29,741,0.0,2,1,0,Low Risk,Normal Monitoring,0
Germany,Female,28,658,152812.58,1,0,5,High Risk,Immediate Follow-up,0
France,Male,27,575,139301.68,1,0,3,Medium Risk,Contact Customer,0
France,Female,41,844,76319.64,1,1,0,Low Risk,Normal Monitoring,1
Spain,Male,67,559,125919.35,1,0,4,Medium Risk,Contact Customer,1
France,Male,37,725,124348.38,2,1,1,Low Risk,Normal Monitoring,0
France,Male,29,450,117199.8,1,1,1,Low Risk,Normal Monitoring,0
Germany,Female,57,738,148384.64,1,0,6,High Risk,Immediate Follow-up,1
Germany,Female,19,642,113905.48,1,1,3,Medium Risk,Contact Customer,0
Spain,Male,32,618,133476.09,1,1,1,Low Risk,Normal Monitoring,0
France,Male,47,590,117879.32,1,1,2,Low Risk,Normal Monitoring,0
France,Male,50,735,0.0,2,1,1,Low Risk,Normal Monitoring,0
France,Male,34,550,122359.5,1,0,3,Medium Risk,Contact Customer,0
Spain,Female,28,729,0.0,2,1,0,Low Risk,Normal Monitoring,1
Germany,Male,59,743,108585.35,1,1,4,Medium Risk,Contact Customer,1
France,Male,31,555,145875.74,1,0,3,Medium Risk,Contact Customer,0
Spain,Female,36,667,121542.57,2,1,1,Low Risk,Normal Monitoring,0
Spain,Female,41,790,109508.68,1,0,3,Medium Risk,Contact Customer,0
Germany,Male,34,727,146407.11,1,1,3,Medium Risk,Contact Customer,0
France,Female,39,744,0.0,1,0,2,Low Risk,Normal Monitoring,0
Germany,Male,35,629,112330.83,1,1,3,Medium Risk,Contact Customer,0
France,Female,35,619,90413.12,1,1,1,Low Risk,Normal Monitoring,0
France,Male,34,634,105302.66,1,1,1,Low Risk,Normal Monitoring,0
Spain,Female,35,608,0.0,2,1,0,Low Risk,Normal Monitoring,0
France,Female,35,507,0.0,2,0,2,Low Risk,Normal Monitoring,0
Germany,Female,35,536,121520.36,1,0,5,High Risk,Immediate Follow-up,0
Spain,Female,43,730,103960.38,1,1,1,Low Risk,Normal Monitoring,0
Germany,Male,39,583,102945.01,1,0,5,High Risk,Immediate Follow-up,0
France,Female,24,644,92760.55,1,0,3,Medium Risk,Contact Customer,0
Spain,Male,37,790,0.0,2,1,0,Low Risk,Normal Monitoring,0
Germany,Female,40,807,134590.21,1,1,3,Medium Risk,Contact Customer,0
France,Female,37,581,104255.03,1,0,3,Medium Risk,Contact Customer,0
Spain,Female,55,627,0.0,1,0,3,Medium Risk,Contact Customer,1
France,Male,41,850,0.0,2,0,2,Low Risk,Normal Monitoring,0
France,Female,35,754,0.0,2,0,2,Low Risk,Normal Monitoring,0
Germany,Male,50,551,121399.98,1,1,4,Medium Risk,Contact Customer,1
Germany,Male,35,637,147127.81,2,1,3,Medium Risk,Contact Customer,0
Spain,Male,31,699,125927.51,2,0,3,Medium Risk,Contact Customer,0
France,Female,25,542,0.0,2,1,0,Low Risk,Normal Monitoring,0
Germany,Male,48,640,111599.32,1,1,4,Medium Risk,Contact Customer,0
France,Female,27,553,0.0,2,0,2,Low Risk,Normal Monitoring,0
France,Male,38,741,0.0,2,0,2,Low Risk,Normal Monitoring,0
France,Male,35,598,114212.6,1,1,1,Low Risk,Normal Monitoring,0
Spain,Female,42,660,0.0,3,1,3,Medium Risk,Contact Customer,1
Spain,Male,41,618,115251.64,1,0,3,Medium Risk,Contact Customer,0
France,Male,43,647,0.0,2,1,0,Low Risk,Normal Monitoring,0
France,Female,68,491,107571.61,1,1,2,Low Risk,Normal Monitoring,0
France,Female,32,652,0.0,2,0,2,Low Risk,Normal Monitoring,0
Germany,Female,45,650,152367.21,3,0,9,High Risk,Immediate Follow-up,1
Germany,Male,39,413,130969.77,2,1,3,Medium Risk,Contact Customer,0
Germany,Female,25,416,97738.97,2,1,3,Medium Risk,Contact Customer,0
Spain,Male,34,629,0.0,2,1,0,Low Risk,Normal Monitoring,0
Spain,Female,40,678,113794.22,1,0,3,Medium Risk,Contact Customer,0
Spain,Male,28,527,128396.33,2,0,3,Medium Risk,Contact Customer,0
Spain,Female,48,743,118207.69,2,0,4,Medium Risk,Contact Customer,1
Germany,Male,73,683,124730.26,1,1,4,Medium Risk,Contact Customer,0
France,Female,41,536,0.0,1,0,2,Low Risk,Normal Monitoring,0
Spain,Male,52,663,136298.65,1,0,4,Medium Risk,Contact Customer,1
France,Female,38,646,0.0,2,0,2,Low Risk,Normal Monitoring,0
France,Male,35,707,0.0,3,1,3,Medium Risk,Contact Customer,0
France,Male,34,602,0.0,2,1,0,Low Risk,Normal Monitoring,0
France,Female,47,635,125724.95,2,0,4,Medium Risk,Contact Customer,0
France,Male,67,597,0.0,2,1,1,Low Risk,Normal Monitoring,0
France,Male,38,503,0.0,2,1,0,Low Risk,Normal Monitoring,0
Spain,Female,64,524,0.0,1,0,3,Medium Risk,Contact Customer,1
France,Male,46,700,95872.86,1,0,4,Medium Risk,Contact Customer,1
France,Male,33,692,0.0,1,0,2,Low Risk,Normal Monitoring,1
France,Male,37,562,0.0,1,1,0,Low Risk,Normal Monitoring,1
France,Male,37,679,74260.03,1,0,2,Low Risk,Normal Monitoring,0
Germany,Male,35,603,123407.69,1,0,5,High Risk,Immediate Follow-up,1
Spain,Male,33,720,123783.91,2,1,1,Low Risk,Normal Monitoring,0
France,Male,24,797,0.0,2,0,2,Low Risk,Normal Monitoring,0
France,Male,36,594,153880.15,1,0,3,Medium Risk,Contact Customer,0
France,Female,31,529,0.0,2,1,0,Low Risk,Normal Monitoring,0
Germany,Female,32,606,106301.85,2,1,3,Medium Risk,Contact Customer,0
Spain,Female,40,621,0.0,2,1,0,Low Risk,Normal Monitoring,1
France,Female,43,513,0.0,2,0,2,Low Risk,Normal Monitoring,0
Germany,Male,44,753,138076.47,1,0,5,High Risk,Immediate Follow-up,1
France,Female,30,605,135422.31,1,1,1,Low Risk,Normal Monitoring,0
Spain,Female,37,574,0.0,2,0,2,Low Risk,Normal Monitoring,0
France,Female,38,726,126875.62,1,0,3,Medium Risk,Contact Customer,0
Spain,Female,28,611,96381.68,2,0,3,Medium Risk,Contact Customer,0
Germany,Female,41,593,119703.1,2,1,3,Medium Risk,Contact Customer,0
Germany,Male,41,466,152102.18,2,0,5,High Risk,Immediate Follow-up,0
Germany,Female,36,741,127675.39,2,0,5,High Risk,Immediate Follow-up,0
Germany,Female,44,684,133776.86,2,1,3,Medium Risk,Contact Customer,0
Spain,Female,33,550,72788.03,1,1,0,Low Risk,Normal Monitoring,0
Spain,Male,26,593,76226.9,1,0,2,Low Risk,Normal Monitoring,0
Germany,Male,48,601,163630.76,1,1,4,Medium Risk,Contact Customer,1
Spain,Female,30,676,0.0,2,0,2,Low Risk,Normal Monitoring,0
France,Female,46,556,0.0,2,0,3,Medium Risk,Contact Customer,0
France,Male,36,719,155423.17,1,1,1,Low Risk,Normal Monitoring,0
Germany,Male,55,850,98710.89,1,1,4,Medium Risk,Contact Customer,1
Spain,Female,49,649,0.0,1,0,3,Medium Risk,Contact Customer,1
Spain,Male,41,509,126683.8,1,1,1,Low Risk,Normal Monitoring,0
France,Male,33,684,140700.61,1,0,3,Medium Risk,Contact Customer,0
Germany,Male,30,806,168078.83,1,0,5,High Risk,Immediate Follow-up,1
Spain,Male,44,729,107726.93,2,0,3,Medium Risk,Contact Customer,0
France,Female,33,683,0.0,2,1,0,Low Risk,Normal Monitoring,0
Spain,Female,63,689,0.0,2,1,1,Low Risk,Normal Monitoring,0
Germany,Female,21,672,35741.69,1,0,4,Medium Risk,Contact Customer,0
Germany,Female,53,602,98268.84,1,1,4,Medium Risk,Contact Customer,1
France,Female,20,739,133800.98,1,1,1,Low Risk,Normal Monitoring,0
France,Female,21,618,125682.79,1,0,3,Medium Risk,Contact Customer,0
France,Female,42,674,0.0,2,0,2,Low Risk,Normal Monitoring,0
France,Male,26,762,130428.78,1,0,3,Medium Risk,Contact Customer,0
Spain,Male,37,790,0.0,2,1,0,Low Risk,Normal Monitoring,0
Spain,Female,27,754,0.0,2,0,2,Low Risk,Normal Monitoring,0
France,Male,44,729,0.0,2,0,2,Low Risk,Normal Monitoring,0
Germany,Female,47,606,137138.2,2,1,4,Medium Risk,Contact Customer,0
France,Male,23,616,73112.95,1,1,0,Low Risk,Normal Monitoring,0
France,Male,47,772,152347.01,1,1,2,Low Risk,Normal Monitoring,0
Spain,Male,41,652,115144.68,1,0,3,Medium Risk,Contact Customer,0
France,Male,43,743,0.0,2,0,2,Low Risk,Normal Monitoring,1
France,Male,39,793,137817.52,1,0,3,Medium Risk,Contact Customer,0
Spain,Male,45,743,157332.26,1,0,4,Medium Risk,Contact Customer,0
France,Male,37,746,0.0,2,0,2,Low Risk,Normal Monitoring,0
Germany,Female,39,627,124586.93,1,0,5,High Risk,Immediate Follow-up,1
Spain,Male,38,713,116980.78,2,1,1,Low Risk,Normal Monitoring,0
Spain,Female,40,678,128398.38,1,0,3,Medium Risk,Contact Customer,0
Spain,Male,39,540,0.0,1,1,0,Low Risk,Normal Monitoring,0
Germany,Female,33,615,137657.25,2,1,3,Medium Risk,Contact Customer,0
Spain,Male,53,415,167259.44,1,1,2,Low Risk,Normal Monitoring,0
France,Female,45,628,0.0,2,0,3,Medium Risk,Contact Customer,0
France,Male,26,700,119009.57,1,0,3,Medium Risk,Contact Customer,0
Germany,Male,33,623,80002.33,1,1,2,Low Risk,Normal Monitoring,0
France,Female,37,623,140211.88,1,1,1,Low Risk,Normal Monitoring,0
France,Female,44,679,118742.74,2,0,3,Medium Risk,Contact Customer,0
Spain,Male,37,632,138207.08,1,0,3,Medium Risk,Contact Customer,1
France,Female,47,790,148636.21,1,1,2,Low Risk,Normal Monitoring,1
France,Male,45,514,178827.79,1,0,4,Medium Risk,Contact Customer,0
France,Male,33,491,83134.3,1,0,2,Low Risk,Normal Monitoring,0
France,Male,92,753,121513.31,1,1,2,Low Risk,Normal Monitoring,0
Germany,Female,37,693,95900.04,1,1,3,Medium Risk,Contact Customer,0
France,Female,30,679,112543.42,1,1,1,Low Risk,Normal Monitoring,0
Spain,Male,34,529,0.0,1,1,0,Low Risk,Normal Monitoring,0
Spain,Female,31,619,141751.82,1,1,1,Low Risk,Normal Monitoring,0
Spain,Female,37,680,124140.57,2,0,3,Medium Risk,Contact Customer,0
Germany,Male,45,693,116546.59,2,0,6,High Risk,Immediate Follow-up,1
France,Female,28,834,0.0,1,0,2,Low Risk,Normal Monitoring,0
Spain,Female,29,636,157576.47,2,1,1,Low Risk,Normal Monitoring,0
Spain,Male,43,538,0.0,2,0,2,Low Risk,Normal Monitoring,0
Germany,Female,44,566,141428.99,2,0,5,High Risk,Immediate Follow-up,0
Spain,Male,35,597,127510.99,1,1,1,Low Risk,Normal Monitoring,0
France,Female,29,711,0.0,2,1,0,Low Risk,Normal Monitoring,0
France,Male,31,606,0.0,2,0,2,Low Risk,Normal Monitoring,0
Spain,Male,51,615,81818.49,1,1,1,Low Risk,Normal Monitoring,0
France,Male,36,589,100895.54,1,1,1,Low Risk,Normal Monitoring,0
Germany,Male,45,606,63832.43,1,1,3,Medium Risk,Contact Customer,0
France,Male,29,582,0.0,2,0,2,Low Risk,Normal Monitoring,0
France,Female,36,710,116085.06,1,0,3,Medium Risk,Contact Customer,0
France,Male,57,467,0.0,2,1,1,Low Risk,Normal Monitoring,0
France,Male,30,749,0.0,2,1,0,Low Risk,Normal Monitoring,0
Germany,Female,33,564,115761.51,1,1,3,Medium Risk,Contact Customer,1
Spain,Male,26,730,0.0,2,1,0,Low Risk,Normal Monitoring,0
Germany,Male,32,678,139626.01,1,1,3,Medium Risk,Contact Customer,1
France,Female,31,540,0.0,1,1,0,Low Risk,Normal Monitoring,1
France,Female,35,767,115576.44,1,1,1,Low Risk,Normal Monitoring,0
France,Female,23,615,0.0,2,0,2,Low Risk,Normal Monitoring,0
Germany,Female,41,583,77647.6,1,0,4,Medium Risk,Contact Customer,0
France,Female,40,850,0.0,2,0,2,Low Risk,Normal Monitoring,0
Germany,Female,34,651,148962.46,1,0,5,High Risk,Immediate Follow-up,1
France,Male,22,798,0.0,2,0,2,Low Risk,Normal Monitoring,0
France,Male,37,695,0.0,2,1,0,Low Risk,Normal Monitoring,0
Germany,Male,41,497,80542.81,1,0,4,Medium Risk,Contact Customer,1
France,Male,40,739,0.0,2,0,2,Low Risk,Normal Monitoring,0
France,Female,34,549,0.0,2,0,2,Low Risk,Normal Monitoring,0
France,Male,35,850,102050.47,1,1,1,Low Risk,Normal Monitoring,0
Spain,Male,49,648,0.0,1,0,3,Medium Risk,Contact Customer,1
France,Female,24,679,114948.76,2,1,1,Low Risk,Normal Monitoring,0
Germany,Male,39,606,136000.45,2,0,5,High Risk,Immediate Follow-up,0
France,Male,32,850,156001.68,2,1,1,Low Risk,Normal Monitoring,0
Germany,Male,41,619,147974.16,2,0,5,High Risk,Immediate Follow-up,0
Spain,Male,44,719,0.0,2,0,2,Low Risk,Normal Monitoring,0
Germany,Male,26,640,90402.77,1,1,3,Medium Risk,Contact Customer,0
France,Male,40,710,0.0,2,0,2,Low Risk,Normal Monitoring,0
France,Male,31,580,0.0,2,1,0,Low Risk,Normal Monitoring,0
France,Male,44,550,0.0,2,0,2,Low Risk,Normal Monitoring,0
France,Female,31,841,162701.65,2,1,1,Low Risk,Normal Monitoring,0
France,Male,34,760,0.0,2,0,2,Low Risk,Normal Monitoring,0
France,Female,30,687,0.0,2,0,2,Low Risk,Normal Monitoring,0
Germany,Female,35,753,82453.96,2,0,4,Medium Risk,Contact Customer,0
France,Male,35,661,100107.99,1,0,3,Medium Risk,Contact Customer,0
France,Male,28,699,0.0,2,1,0,Low Risk,Normal Monitoring,0
Germany,Female,39,617,83348.89,3,0,7,High Risk,Immediate Follow-up,1
Germany,Female,44,595,96553.52,2,0,5,High Risk,Immediate Follow-up,1
France,Male,50,669,201009.64,1,0,4,Medium Risk,Contact Customer,1
France,Female,27,613,125167.74,1,0,3,Medium Risk,Contact Customer,0
France,Male,32,782,0.0,1,1,0,Low Risk,Normal Monitoring,0
France,Female,43,582,153313.67,1,0,3,Medium Risk,Contact Customer,0
France,Male,30,679,0.0,2,0,2,Low Risk,Normal Monitoring,0
France,Female,40,611,125879.29,1,0,3,Medium Risk,Contact Customer,0
Germany,Female,37,455,170057.62,1,1,3,Medium Risk,Contact Customer,0
France,Male,32,621,0.0,2,1,0,Low Risk,Normal Monitoring,0
Germany,Male,48,596,131326.47,1,0,6,High Risk,Immediate Follow-up,1
Spain,Female,56,585,128472.8,1,0,4,Medium Risk,Contact Customer,1
France,Male,32,742,160485.16,1,0,3,Medium Risk,Contact Customer,0
Germany,Male,42,850,84445.68,3,1,5,High Risk,Immediate Follow-up,1
Germany,Female,40,738,115409.18,2,0,5,High Risk,Immediate Follow-up,0
Spain,Male,46,619,62400.48,1,1,1,Low Risk,Normal Monitoring,1
France,Female,50,628,143054.56,1,1,2,Low Risk,Normal Monitoring,1
France,Male,24,487,133628.09,2,1,1,Low Risk,Normal Monitoring,0
Spain,Female,41,513,107135.04,2,1,1,Low Risk,Normal Monitoring,0
Spain,Male,26,563,0.0,2,0,2,Low Risk,Normal Monitoring,0
France,Female,65,803,151659.52,2,1,2,Low Risk,Normal Monitoring,0
Spain,Female,32,607,0.0,3,1,3,Medium Risk,Contact Customer,0
Germany,Female,51,628,155903.82,2,1,4,Medium Risk,Contact Customer,0
Spain,Female,49,521,82940.25,2,0,3,Medium Risk,Contact Customer,1
Germany,Female,50,669,112650.89,1,0,6,High Risk,Immediate Follow-up,1
France,Female,41,686,0.0,1,0,2,Low Risk,Normal Monitoring,0
Germany,Male,35,700,95853.39,2,0,5,High Risk,Immediate Follow-up,0
France,Female,42,663,82228.67,2,0,2,Low Risk,Normal Monitoring,0
Spain,Female,31,671,0.0,2,1,0,Low Risk,Normal Monitoring,0
Germany,Female,35,651,163700.78,3,1,6,High Risk,Immediate Follow-up,1
France,Male,34,728,106328.08,1,0,3,Medium Risk,Contact Customer,0
France,Female,34,574,152992.91,1,1,1,Low Risk,Normal Monitoring,0
France,Male,38,464,116439.65,1,0,3,Medium Risk,Contact Customer,0
Spain,Male,27,604,101352.78,1,0,3,Medium Risk,Contact Customer,0
Spain,Female,37,836,0.0,2,0,2,Low Risk,Normal Monitoring,0
Germany,Female,75,511,105609.17,1,1,4,Medium Risk,Contact Customer,0
France,Female,45,518,0.0,2,1,1,Low Risk,Normal Monitoring,0
France,Male,67,756,0.0,3,1,4,Medium Risk,Contact Customer,0
France,Female,47,489,103894.38,2,1,2,Low Risk,Normal Monitoring,0
Spain,Male,27,622,139834.93,1,1,1,Low Risk,Normal Monitoring,0
France,Female,36,652,112518.71,2,1,1,Low Risk,Normal Monitoring,0
France,Female,37,625,115895.42,1,0,3,Medium Risk,Contact Customer,0
Spain,Female,39,521,146408.68,1,0,3,Medium Risk,Contact Customer,0
France,Male,34,546,165363.31,2,1,1,Low Risk,Normal Monitoring,1
France,Female,45,697,0.0,2,0,3,Medium Risk,Contact Customer,1
Germany,Male,33,571,71843.15,1,0,4,Medium Risk,Contact Customer,0
Spain,Male,35,748,105492.53,1,1,1,Low Risk,Normal Monitoring,0
France,Male,35,591,183027.25,1,1,1,Low Risk,Normal Monitoring,0
Germany,Male,29,814,131968.57,2,1,3,Medium Risk,Contact Customer,0
France,Female,45,709,104118.5,1,1,2,Low Risk,Normal Monitoring,0
Spain,Male,27,433,0.0,2,1,0,Low Risk,Normal Monitoring,0
France,Male,20,781,125023.1,2,1,1,Low Risk,Normal Monitoring,0
France,Female,30,656,74323.2,1,1,0,Low Risk,Normal Monitoring,0
France,Male,38,683,109346.13,2,0,3,Medium Risk,Contact Customer,0
France,Male,32,620,0.0,2,0,2,Low Risk,Normal Monitoring,0
Germany,Female,39,637,109698.41,1,1,3,Medium Risk,Contact Customer,1
Spain,Female,30,525,0.0,2,1,0,Low Risk,Normal Monitoring,0
Germany,Female,34,793,127758.09,1,0,5,High Risk,Immediate Follow-up,0
Germany,Male,50,638,102645.48,1,0,6,High Risk,Immediate Follow-up,1
France,Male,31,520,93249.4,1,0,3,Medium Risk,Contact Customer,0
France,Male,35,641,0.0,2,0,2,Low Risk,Normal Monitoring,0
Germany,Female,51,840,87779.83,1,1,3,Medium Risk,Contact Customer,1
Spain,Male,40,504,0.0,2,0,2,Low Risk,Normal Monitoring,0
France,Male,38,686,138131.34,1,1,1,Low Risk,Normal Monitoring,0
Germany,Male,38,533,70362.52,2,1,2,Low Risk,Normal Monitoring,0
France,Female,32,577,0.0,2,0,2,Low Risk,Normal Monitoring,0
Germany,Female,48,445,168286.58,1,0,6,High Risk,Immediate Follow-up,1
France,Male,44,720,86102.27,1,0,2,Low Risk,Normal Monitoring,1
Germany,Male,25,643,115142.9,1,1,3,Medium Risk,Contact Customer,0
Germany,Female,47,652,126597.89,2,1,4,Medium Risk,Contact Customer,1
France,Female,33,663,0.0,2,0,2,Low Risk,Normal Monitoring,0
Germany,Female,30,525,157989.21,2,1,3,Medium Risk,Contact Customer,0
Spain,Female,54,662,187997.15,1,0,4,Medium Risk,Contact Customer,1
Germany,Male,54,724,172192.49,1,1,4,Medium Risk,Contact Customer,0
Germany,Male,38,581,133105.47,1,0,5,High Risk,Immediate Follow-up,1
Spain,Male,38,685,0.0,2,1,0,Low Risk,Normal Monitoring,0
France,Male,46,595,0.0,1,0,3,Medium Risk,Contact Customer,1
France,Female,21,588,0.0,2,1,0,Low Risk,Normal Monitoring,0
Germany,Male,35,647,192407.97,1,1,3,Medium Risk,Contact Customer,0
Germany,Female,38,785,107199.75,1,0,5,High Risk,Immediate Follow-up,0
Germany,Female,55,794,115796.7,1,0,6,High Risk,Immediate Follow-up,1
France,Male,37,823,164858.18,1,1,1,Low Risk,Normal Monitoring,0
Germany,Male,38,687,117633.28,1,1,3,Medium Risk,Contact Customer,0
France,Female,28,850,0.0,2,0,2,Low Risk,Normal Monitoring,0
France,Female,36,496,0.0,2,0,2,Low Risk,Normal Monitoring,0
Germany,Female,30,527,126663.51,1,1,3,Medium Risk,Contact Customer,0
Germany,Female,71,576,140273.47,1,1,4,Medium Risk,Contact Customer,1
Spain,Female,60,525,0.0,2,1,1,Low Risk,Normal Monitoring,0
Germany,Male,21,727,153344.72,1,1,3,Medium Risk,Contact Customer,0
Germany,Female,23,671,123943.18,1,1,3,Medium Risk,Contact Customer,0
France,Male,39,625,0.0,1,0,2,Low Risk,Normal Monitoring,0
Germany,Male,33,643,98630.31,2,1,3,Medium Risk,Contact Customer,0
France,Female,33,707,58036.33,1,1,0,Low Risk,Normal Monitoring,0
Spain,Male,28,539,0.0,2,0,2,Low Risk,Normal Monitoring,0
Germany,Male,45,498,109200.74,2,1,4,Medium Risk,Contact Customer,0
Spain,Female,30,696,0.0,2,1,0,Low Risk,Normal Monitoring,0
France,Female,33,758,0.0,1,0,2,Low Risk,Normal Monitoring,0
France,Female,33,685,0.0,2,1,0,Low Risk,Normal Monitoring,0
Germany,Female,30,655,83173.98,2,1,2,Low Risk,Normal Monitoring,0
France,Female,40,747,0.0,1,0,2,Low Risk,Normal Monitoring,1
Spain,Male,24,601,0.0,2,0,2,Low Risk,Normal Monitoring,0
France,Male,22,477,82559.42,2,0,2,Low Risk,Normal Monitoring,1
France,Male,32,558,73494.21,1,0,2,Low Risk,Normal Monitoring,0
Spain,Male,29,586,132450.24,1,1,1,Low Risk,Normal Monitoring,0
France,Male,49,850,128663.9,1,0,4,Medium Risk,Contact Customer,1
France,Female,36,505,79951.9,1,1,0,Low Risk,Normal Monitoring,1
Germany,Female,51,591,132508.3,1,1,4,Medium Risk,Contact Customer,1
Germany,Female,38,761,120530.13,2,0,5,High Risk,Immediate Follow-up,0
France,Female,35,554,74988.59,2,1,0,Low Risk,Normal Monitoring,0
France,Female,47,774,94722.88,1,1,2,Low Risk,Normal Monitoring,0
Spain,Female,33,771,0.0,2,0,2,Low Risk,Normal Monitoring,0
France,Male,31,792,71269.89,2,1,0,Low Risk,Normal Monitoring,0
Germany,Female,41,673,98612.1,1,0,5,High Risk,Immediate Follow-up,0
France,Male,40,765,138033.55,1,1,1,Low Risk,Normal Monitoring,0
France,Female,41,748,91621.69,1,1,1,Low Risk,Normal Monitoring,0
France,Male,54,422,140014.42,1,1,2,Low Risk,Normal Monitoring,0
Spain,Male,27,568,126815.97,2,1,1,Low Risk,Normal Monitoring,0
France,Female,64,502,139663.37,1,1,2,Low Risk,Normal Monitoring,0
France,Female,28,524,0.0,2,1,0,Low Risk,Normal Monitoring,0
France,Male,34,689,165312.27,1,0,3,Medium Risk,Contact Customer,0
France,Male,26,661,0.0,2,0,2,Low Risk,Normal Monitoring,0
Spain,Male,33,606,0.0,2,1,0,Low Risk,Normal Monitoring,0
Germany,Female,54,678,123699.28,2,1,4,Medium Risk,Contact Customer,0
Germany,Female,29,636,97325.15,1,1,3,Medium Risk,Contact Customer,0
France,Male,32,647,97041.16,1,1,1,Low Risk,Normal Monitoring,0
France,Male,36,732,0.0,2,0,2,Low Risk,Normal Monitoring,0
France,Male,50,646,104129.24,2,0,4,Medium Risk,Contact Customer,1
France,Female,43,559,0.0,1,1,0,Low Risk,Normal Monitoring,0
France,Male,28,581,104367.5,1,1,1,Low Risk,Normal Monitoring,0
France,Male,46,565,135369.71,1,1,2,Low Risk,Normal Monitoring,0
Spain,Female,41,657,112119.48,1,0,3,Medium Risk,Contact Customer,0
France,Male,66,847,123760.68,1,1,2,Low Risk,Normal Monitoring,0
France,Female,41,558,0.0,1,1,0,Low Risk,Normal Monitoring,1
Spain,Male,57,596,0.0,2,1,1,Low Risk,Normal Monitoring,0
France,Male,39,579,0.0,2,1,0,Low Risk,Normal Monitoring,0
France,Female,36,741,0.0,2,1,0,Low Risk,Normal Monitoring,0
France,Male,44,613,0.0,2,1,0,Low Risk,Normal Monitoring,0
Spain,Male,31,694,0.0,1,0,2,Low Risk,Normal Monitoring,0
Spain,Female,42,729,0.0,2,0,2,Low Risk,Normal Monitoring,1
France,Female,42,480,152160.21,2,0,3,Medium Risk,Contact Customer,0
France,Female,59,666,0.0,2,1,1,Low Risk,Normal Monitoring,0
France,Male,24,575,0.0,2,1,0,Low Risk,Normal Monitoring,0
France,Male,36,850,0.0,2,0,2,Low Risk,Normal Monitoring,0
France,Male,36,740,172381.8,1,1,1,Low Risk,Normal Monitoring,0
Germany,Male,41,588,106116.56,2,0,5,High Risk,Immediate Follow-up,0
France,Male,36,681,141952.07,1,1,1,Low Risk,Normal Monitoring,0
Spain,Female,33,611,0.0,2,1,0,Low Risk,Normal Monitoring,0
France,Female,37,589,138497.84,1,1,1,Low Risk,Normal Monitoring,0
Spain,Female,34,717,0.0,2,0,2,Low Risk,Normal Monitoring,0
Germany,Male,33,556,124213.36,2,0,5,High Risk,Immediate Follow-up,0
France,Male,37,850,126872.6,1,0,3,Medium Risk,Contact Customer,0
Spain,Female,42,685,0.0,2,0,2,Low Risk,Normal Monitoring,0
France,Female,37,713,0.0,1,1,0,Low Risk,Normal Monitoring,0
France,Female,26,437,120923.52,1,1,1,Low Risk,Normal Monitoring,0
Spain,Male,47,605,142643.54,1,0,4,Medium Risk,Contact Customer,0
Germany,Male,41,758,79857.64,1,1,2,Low Risk,Normal Monitoring,0
France,Male,46,600,95502.21,1,0,4,Medium Risk,Contact Customer,0
France,Male,38,827,0.0,2,0,2,Low Risk,Normal Monitoring,0
Germany,Male,23,608,197715.93,2,1,3,Medium Risk,Contact Customer,0
France,Female,30,608,85859.76,1,0,2,Low Risk,Normal Monitoring,0
France,Male,44,554,85304.27,1,1,0,Low Risk,Normal Monitoring,0
Germany,Female,35,683,132371.3,2,0,5,High Risk,Immediate Follow-up,0
Spain,Male,33,660,0.0,1,0,2,Low Risk,Normal Monitoring,0
France,Female,31,628,0.0,1,0,2,Low Risk,Normal Monitoring,1
Germany,Male,39,668,79896.0,1,0,4,Medium Risk,Contact Customer,0
France,Female,29,776,0.0,2,1,0,Low Risk,Normal Monitoring,0
France,Male,36,820,0.0,2,0,2,Low Risk,Normal Monitoring,0
France,Male,36,665,0.0,2,1,0,Low Risk,Normal Monitoring,0
Germany,Male,31,850,146587.3,1,1,3,Medium Risk,Contact Customer,0
France,Female,42,703,0.0,2,1,0,Low Risk,Normal Monitoring,0
Spain,Male,32,506,0.0,2,1,0,Low Risk,Normal Monitoring,0
Spain,Male,32,588,109109.33,1,1,1,Low Risk,Normal Monitoring,0
Spain,Female,26,622,0.0,2,1,0,Low Risk,Normal Monitoring,0
France,Male,34,606,0.0,1,0,2,Low Risk,Normal Monitoring,0
France,Male,56,517,142147.32,1,0,4,Medium Risk,Contact Customer,1
Spain,Female,43,758,0.0,2,1,0,Low Risk,Normal Monitoring,0
France,Female,49,677,0.0,2,1,1,Low Risk,Normal Monitoring,0
Spain,Female,35,827,0.0,2,1,0,Low Risk,Normal Monitoring,0
France,Female,36,729,109106.8,1,0,3,Medium Risk,Contact Customer,0
France,Male,36,654,112262.84,1,0,3,Medium Risk,Contact Customer,0
Spain,Female,36,654,0.0,2,0,2,Low Risk,Normal Monitoring,0
Spain,Male,52,619,0.0,2,1,1,Low Risk,Normal Monitoring,0
Spain,Male,26,642,144238.7,1,1,1,Low Risk,Normal Monitoring,0
Spain,Female,32,472,159397.75,1,1,1,Low Risk,Normal Monitoring,0
Spain,Male,30,470,125385.01,1,0,3,Medium Risk,Contact Customer,0
France,Female,60,633,69365.25,1,1,1,Low Risk,Normal Monitoring,0
France,Male,31,602,155271.83,1,1,1,Low Risk,Normal Monitoring,0
Spain,Male,29,640,197200.04,2,0,3,Medium Risk,Contact Customer,0
Spain,Female,48,454,144837.79,1,1,2,Low Risk,Normal Monitoring,0
France,Female,57,562,0.0,3,0,6,High Risk,Immediate Follow-up,1
France,Male,34,636,0.0,2,0,2,Low Risk,Normal Monitoring,0
Spain,Male,50,621,163085.79,1,1,2,Low Risk,Normal Monitoring,0
Germany,Male,38,795,125903.22,2,1,3,Medium Risk,Contact Customer,0
France,Male,22,550,154377.3,1,1,1,Low Risk,Normal Monitoring,0
Spain,Male,41,630,107511.52,1,1,1,Low Risk,Normal Monitoring,0
Germany,Male,30,573,127406.5,1,0,5,High Risk,Immediate Follow-up,0
Spain,Male,24,561,143656.55,1,1,1,Low Risk,Normal Monitoring,0
France,Female,39,662,138106.75,1,0,3,Medium Risk,Contact Customer,0
France,Male,27,637,128940.24,1,0,3,Medium Risk,Contact Customer,0
Germany,Male,37,651,114453.58,1,1,3,Medium Risk,Contact Customer,0
France,Female,33,646,0.0,2,0,2,Low Risk,Normal Monitoring,0
France,Female,48,567,0.0,1,0,3,Medium Risk,Contact Customer,0
France,Male,41,638,131762.94,1,1,1,Low Risk,Normal Monitoring,0
France,Female,31,725,0.0,1,0,2,Low Risk,Normal Monitoring,0
France,Female,41,709,150300.65,2,0,3,Medium Risk,Contact Customer,0
Spain,Male,39,787,108935.39,1,1,1,Low Risk,Normal Monitoring,0
France,Male,37,653,135847.47,1,0,3,Medium Risk,Contact Customer,0
Germany,Male,37,661,109908.06,2,0,5,High Risk,Immediate Follow-up,1
Germany,Male,49,681,142946.18,1,0,6,High Risk,Immediate Follow-up,1
Germany,Male,45,436,104339.11,2,1,4,Medium Risk,Contact Customer,1
France,Male,33,663,157274.36,2,1,1,Low Risk,Normal Monitoring,0
France,Male,64,662,98848.19,1,1,2,Low Risk,Normal Monitoring,0
Germany,Female,39,607,105103.33,1,0,5,High Risk,Immediate Follow-up,1
France,Male,34,754,0.0,2,1,0,Low Risk,Normal Monitoring,0
Germany,Female,66,850,127120.62,1,1,4,Medium Risk,Contact Customer,1
France,Male,39,578,0.0,2,0,2,Low Risk,Normal Monitoring,0
Germany,Female,36,666,129118.5,2,0,5,High Risk,Immediate Follow-up,0
France,Female,43,599,0.0,1,0,2,Low Risk,Normal Monitoring,0
France,Female,46,586,0.0,3,1,4,Medium Risk,Contact Customer,1
France,Female,36,825,146053.66,1,1,1,Low Risk,Normal Monitoring,0
Spain,Female,67,808,124577.15,1,1,2,Low Risk,Normal Monitoring,0
Spain,Male,29,515,151012.55,2,0,3,Medium Risk,Contact Customer,0
Spain,Female,58,663,216109.88,1,1,2,Low Risk,Normal Monitoring,1
France,Male,34,444,144318.97,1,0,3,Medium Risk,Contact Customer,0
France,Female,39,650,0.0,2,0,2,Low Risk,Normal Monitoring,0
France,Male,26,609,0.0,2,0,2,Low Risk,Normal Monitoring,0
Germany,Male,77,824,27517.15,2,1,3,Medium Risk,Contact Customer,0
France,Male,29,662,147092.65,1,0,3,Medium Risk,Contact Customer,0
Germany,Female,51,699,92246.14,2,1,4,Medium Risk,Contact Customer,0
France,Female,41,752,0.0,2,0,2,Low Risk,Normal Monitoring,1
Germany,Female,40,603,148897.02,1,0,5,High Risk,Immediate Follow-up,0
Spain,Male,50,628,0.0,1,0,3,Medium Risk,Contact Customer,1
France,Female,36,745,0.0,1,0,2,Low Risk,Normal Monitoring,1
Germany,Female,33,804,138335.96,1,1,3,Medium Risk,Contact Customer,0
Germany,Female,50,454,92895.56,1,0,6,High Risk,Immediate Follow-up,1
Spain,Male,46,631,160736.63,1,1,2,Low Risk,Normal Monitoring,0
France,Male,32,503,0.0,2,1,0,Low Risk,Normal Monitoring,0
France,Female,37,548,0.0,2,0,2,Low Risk,Normal Monitoring,0
France,Male,28,668,107141.27,1,0,3,Medium Risk,Contact Customer,0
France,Female,55,619,0.0,3,0,6,High Risk,Immediate Follow-up,1
France,Female,37,842,132446.08,2,0,3,Medium Risk,Contact Customer,1
France,Female,57,707,92053.0,1,1,2,Low Risk,Normal Monitoring,1
Spain,Male,38,715,96798.79,2,1,1,Low Risk,Normal Monitoring,0
Germany,Male,35,573,134498.54,2,1,3,Medium Risk,Contact Customer,0
France,Male,55,509,132387.91,2,1,2,Low Risk,Normal Monitoring,0
Germany,Female,40,670,147171.2,1,1,3,Medium Risk,Contact Customer,0
Spain,Male,44,613,100524.69,1,1,1,Low Risk,Normal Monitoring,0
France,Female,26,678,0.0,2,0,2,Low Risk,Normal Monitoring,0
Germany,Female,51,555,138214.5,1,0,6,High Risk,Immediate Follow-up,1
France,Female,30,777,0.0,2,1,0,Low Risk,Normal Monitoring,0
Spain,Male,55,552,0.0,1,1,1,Low Risk,Normal Monitoring,0
Spain,Male,39,640,0.0,1,1,0,Low Risk,Normal Monitoring,0
France,Male,34,541,128743.55,1,0,3,Medium Risk,Contact Customer,0
France,Male,31,756,122647.32,1,0,3,Medium Risk,Contact Customer,0
Spain,Female,24,684,79263.9,1,1,0,Low Risk,Normal Monitoring,0
France,Female,42,618,0.0,4,0,5,High Risk,Immediate Follow-up,1
France,Female,53,604,121389.78,1,1,2,Low Risk,Normal Monitoring,1
Spain,Male,38,624,123906.55,1,0,3,Medium Risk,Contact Customer,0
Spain,Male,38,661,143006.7,1,1,1,Low Risk,Normal Monitoring,0
Spain,Female,28,627,157597.61,1,1,1,Low Risk,Normal Monitoring,0
Spain,Male,38,812,127117.8,2,1,1,Low Risk,Normal Monitoring,0
France,Female,39,473,117103.26,2,1,1,Low Risk,Normal Monitoring,1
Spain,Male,36,717,102989.83,2,1,1,Low Risk,Normal Monitoring,0
Spain,Male,28,693,145118.83,1,1,1,Low Risk,Normal Monitoring,0
France,Male,92,705,126076.24,2,1,2,Low Risk,Normal Monitoring,0
France,Male,41,661,0.0,1,1,0,Low Risk,Normal Monitoring,0
France,Female,27,573,0.0,2,1,0,Low Risk,Normal Monitoring,0
France,Male,37,639,98186.7,1,1,1,Low Risk,Normal Monitoring,0
France,Female,67,718,0.0,3,1,4,Medium Risk,Contact Customer,0
France,Male,37,570,0.0,1,1,0,Low Risk,Normal Monitoring,0
France,Female,40,461,0.0,2,0,2,Low Risk,Normal Monitoring,0
Germany,Female,33,638,129335.65,1,1,3,Medium Risk,Contact Customer,1
Spain,Male,48,608,75801.74,1,0,3,Medium Risk,Contact Customer,0
Spain,Male,42,599,0.0,2,0,2,Low Risk,Normal Monitoring,0
France,Female,44,762,159316.64,1,0,3,Medium Risk,Contact Customer,0
France,Female,38,662,96479.81,1,0,3,Medium Risk,Contact Customer,0
Germany,Male,29,747,117726.33,1,1,3,Medium Risk,Contact Customer,0
France,Male,39,539,0.0,2,1,0,Low Risk,Normal Monitoring,0
France,Male,43,625,122351.29,1,0,3,Medium Risk,Contact Customer,0
France,Female,48,656,0.0,2,1,1,Low Risk,Normal Monitoring,1
France,Female,48,469,0.0,1,0,3,Medium Risk,Contact Customer,1
Spain,Female,43,621,0.0,1,0,2,Low Risk,Normal Monitoring,0
France,Female,27,754,0.0,2,0,2,Low Risk,Normal Monitoring,0
Germany,Female,50,679,132598.38,2,1,4,Medium Risk,Contact Customer,0
France,Male,38,535,119272.29,1,0,3,Medium Risk,Contact Customer,1
France,Male,37,487,0.0,2,1,0,Low Risk,Normal Monitoring,0
France,Female,42,850,0.0,2,1,0,Low Risk,Normal Monitoring,0
France,Male,55,585,106415.57,3,1,5,High Risk,Immediate Follow-up,1
France,Male,31,603,0.0,2,1,0,Low Risk,Normal Monitoring,0
Germany,Female,32,728,127772.1,2,1,3,Medium Risk,Contact Customer,0
Spain,Male,41,621,104631.67,1,1,1,Low Risk,Normal Monitoring,0
France,Male,30,833,0.0,2,0,2,Low Risk,Normal Monitoring,0
France,Male,37,502,0.0,1,1,0,Low Risk,Normal Monitoring,0
Germany,Male,37,825,118050.79,1,1,3,Medium Risk,Contact Customer,0
France,Male,46,668,0.0,2,0,3,Medium Risk,Contact Customer,0
Spain,Female,40,487,136093.74,1,1,1,Low Risk,Normal Monitoring,0
Germany,Female,39,600,88477.36,2,0,4,Medium Risk,Contact Customer,0
Spain,Male,34,606,161572.24,1,1,1,Low Risk,Normal Monitoring,0
Germany,Male,50,623,126608.37,1,1,4,Medium Risk,Contact Customer,1
France,Female,54,575,68332.96,1,1,1,Low Risk,Normal Monitoring,0
Spain,Male,48,577,179852.26,1,0,4,Medium Risk,Contact Customer,0
France,Female,25,651,0.0,2,1,0,Low Risk,Normal Monitoring,0
Germany,Male,46,693,104763.41,1,1,4,Medium Risk,Contact Customer,0
France,Male,60,800,88541.57,2,1,1,Low Risk,Normal Monitoring,0
France,Male,38,760,162888.73,1,0,3,Medium Risk,Contact Customer,1
France,Female,35,711,0.0,1,1,0,Low Risk,Normal Monitoring,0
Spain,Male,43,637,0.0,1,0,2,Low Risk,Normal Monitoring,1
France,Male,32,662,0.0,2,0,2,Low Risk,Normal Monitoring,0
France,Female,44,568,0.0,2,0,2,Low Risk,Normal Monitoring,1
France,Female,30,692,0.0,2,1,0,Low Risk,Normal Monitoring,0
France,Female,35,614,0.0,2,1,0,Low Risk,Normal Monitoring,0
France,Male,35,478,92474.05,1,0,3,Medium Risk,Contact Customer,0
France,Male,36,562,0.0,2,0,2,Low Risk,Normal Monitoring,0
Germany,Male,30,709,115479.48,2,1,3,Medium Risk,Contact Customer,0
France,Female,26,684,87098.91,1,0,2,Low Risk,Normal Monitoring,0
Germany,Female,42,546,86351.85,2,0,4,Medium Risk,Contact Customer,0
France,Female,42,779,0.0,2,0,2,Low Risk,Normal Monitoring,0
Germany,Male,63,576,148843.56,1,0,6,High Risk,Immediate Follow-up,1
Germany,Male,44,481,163714.52,1,0,5,High Risk,Immediate Follow-up,0
France,Male,25,445,0.0,2,0,2,Low Risk,Normal Monitoring,0
Spain,Male,36,606,94153.56,1,1,1,Low Risk,Normal Monitoring,0
France,Male,50,559,162702.35,1,0,4,Medium Risk,Contact Customer,1
France,Female,56,608,129255.2,2,0,4,Medium Risk,Contact Customer,1
France,Male,41,698,90605.29,1,1,1,Low Risk,Normal Monitoring,0
Spain,Male,39,568,0.0,2,1,0,Low Risk,Normal Monitoring,0
France,Male,29,528,102787.42,1,0,3,Medium Risk,Contact Customer,0
France,Female,39,802,120145.96,2,1,1,Low Risk,Normal Monitoring,1
Germany,Male,47,669,63723.78,2,1,3,Medium Risk,Contact Customer,0
Spain,Female,24,581,159203.71,1,1,1,Low Risk,Normal Monitoring,1
France,Male,38,640,0.0,2,0,2,Low Risk,Normal Monitoring,0
Spain,Female,44,529,0.0,2,0,2,Low Risk,Normal Monitoring,0
France,Female,51,547,0.0,2,1,1,Low Risk,Normal Monitoring,0
France,Female,49,718,0.0,1,0,3,Medium Risk,Contact Customer,1
Germany,Male,34,707,162691.16,2,0,5,High Risk,Immediate Follow-up,0
France,Male,43,735,127806.91,1,1,1,Low Risk,Normal Monitoring,0
France,Male,43,765,157960.49,2,0,3,Medium Risk,Contact Customer,0
Germany,Female,52,469,139493.25,3,0,9,High Risk,Immediate Follow-up,1
Germany,Female,21,594,87096.82,2,0,4,Medium Risk,Contact Customer,0
France,Female,34,675,84944.58,1,0,2,Low Risk,Normal Monitoring,0
France,Male,50,703,160139.59,2,1,2,Low Risk,Normal Monitoring,0
France,Male,33,810,0.0,2,1,0,Low Risk,Normal Monitoring,0
Spain,Male,42,715,0.0,2,1,0,Low Risk,Normal Monitoring,0
France,Male,40,664,0.0,2,0,2,Low Risk,Normal Monitoring,0
France,Male,29,850,0.0,2,1,0,Low Risk,Normal Monitoring,0
Germany,Male,36,724,94615.11,2,1,3,Medium Risk,Contact Customer,0
France,Male,30,563,90727.79,1,0,3,Medium Risk,Contact Customer,0
Germany,Male,26,714,119545.48,2,0,5,High Risk,Immediate Follow-up,0
France,Male,36,614,118311.76,1,0,3,Medium Risk,Contact Customer,0
France,Male,33,740,129574.98,1,1,1,Low Risk,Normal Monitoring,0
France,Male,33,587,148163.57,1,0,3,Medium Risk,Contact Customer,0
Germany,Male,24,465,117154.9,1,1,3,Medium Risk,Contact Customer,0
Spain,Female,40,689,154251.67,1,1,1,Low Risk,Normal Monitoring,0
France,Male,30,656,0.0,2,1,0,Low Risk,Normal Monitoring,0
France,Female,33,579,65667.79,2,0,2,Low Risk,Normal Monitoring,0
France,Female,44,716,0.0,1,1,0,Low Risk,Normal Monitoring,0
France,Male,42,551,50194.59,1,1,0,Low Risk,Normal Monitoring,0
Germany,Female,39,527,96748.89,2,0,5,High Risk,Immediate Follow-up,0
France,Female,37,600,0.0,3,0,5,High Risk,Immediate Follow-up,1
France,Female,43,685,132667.17,1,1,1,Low Risk,Normal Monitoring,0
Spain,Male,36,738,0.0,2,1,0,Low Risk,Normal Monitoring,0
France,Male,41,622,127087.06,1,0,3,Medium Risk,Contact Customer,1
France,Male,34,528,125566.9,1,1,1,Low Risk,Normal Monitoring,0
Germany,Female,52,546,106074.89,1,1,4,Medium Risk,Contact Customer,1
Germany,Male,46,576,137367.94,1,1,4,Medium Risk,Contact Customer,0
France,Female,38,733,157658.36,1,0,3,Medium Risk,Contact Customer,0
Germany,Male,45,727,114422.85,2,1,4,Medium Risk,Contact Customer,1
Spain,Male,41,605,103154.66,1,0,3,Medium Risk,Contact Customer,0
France,Male,33,586,0.0,1,0,2,Low Risk,Normal Monitoring,0
Spain,Female,24,564,149592.14,1,1,1,Low Risk,Normal Monitoring,0
Germany,Female,48,593,133903.12,2,1,4,Medium Risk,Contact Customer,1
Germany,Female,26,736,84587.9,1,1,2,Low Risk,Normal Monitoring,0
Spain,Male,32,675,197436.82,1,1,1,Low Risk,Normal Monitoring,0
Spain,Female,32,656,104254.27,1,1,1,Low Risk,Normal Monitoring,0
France,Male,39,462,140133.08,2,0,3,Medium Risk,Contact Customer,0
Spain,Female,30,685,0.0,3,1,3,Medium Risk,Contact Customer,1
Germany,Female,36,850,136980.23,2,1,3,Medium Risk,Contact Customer,0
Germany,Female,48,636,120568.41,1,0,6,High Risk,Immediate Follow-up,1
France,Female,27,850,43658.33,2,1,0,Low Risk,Normal Monitoring,0
France,Female,37,628,0.0,2,1,0,Low Risk,Normal Monitoring,0
France,Male,28,798,0.0,2,0,2,Low Risk,Normal Monitoring,0
France,Female,57,610,72092.95,4,1,4,Medium Risk,Contact Customer,1
France,Female,42,591,0.0,2,0,2,Low Risk,Normal Monitoring,0
Spain,Female,37,614,0.0,2,1,0,Low Risk,Normal Monitoring,0
France,Male,35,651,181821.96,2,1,1,Low Risk,Normal Monitoring,1
France,Male,25,665,90920.75,1,1,1,Low Risk,Normal Monitoring,0
France,Male,23,570,0.0,1,0,2,Low Risk,Normal Monitoring,0
Spain,Male,29,631,0.0,2,1,0,Low Risk,Normal Monitoring,0
France,Male,32,586,0.0,2,0,2,Low Risk,Normal Monitoring,0
France,Male,30,691,0.0,1,0,2,Low Risk,Normal Monitoring,0
France,Male,35,639,0.0,2,0,2,Low Risk,Normal Monitoring,0
France,Female,27,698,94920.71,1,1,1,Low Risk,Normal Monitoring,0
Germany,Male,45,733,113939.36,2,0,6,High Risk,Immediate Follow-up,0
France,Male,19,850,0.0,1,1,0,Low Risk,Normal Monitoring,0
France,Female,31,618,0.0,2,0,2,Low Risk,Normal Monitoring,0
France,Female,25,473,110666.42,2,0,3,Medium Risk,Contact Customer,0
France,Male,39,490,0.0,3,0,5,High Risk,Immediate Follow-up,1
Germany,Female,48,754,141819.02,1,0,6,High Risk,Immediate Follow-up,1
France,Female,56,649,156974.26,1,0,4,Medium Risk,Contact Customer,1
France,Male,50,578,151215.34,2,0,4,Medium Risk,Contact Customer,0
Spain,Male,26,690,116318.23,1,1,1,Low Risk,Normal Monitoring,0
Germany,Male,49,610,113882.33,1,0,6,High Risk,Immediate Follow-up,1
France,Male,42,596,0.0,2,1,0,Low Risk,Normal Monitoring,0
France,Female,48,492,127253.98,1,1,2,Low Risk,Normal Monitoring,1
Spain,Male,41,575,100062.39,1,0,3,Medium Risk,Contact Customer,0
France,Male,66,569,0.0,1,0,3,Medium Risk,Contact Customer,1
Spain,Female,41,674,126605.14,1,1,1,Low Risk,Normal Monitoring,0
France,Female,31,507,106942.08,1,1,1,Low Risk,Normal Monitoring,0
Spain,Male,44,457,0.0,2,0,2,Low Risk,Normal Monitoring,0
Germany,Female,41,584,88594.93,1,0,4,Medium Risk,Contact Customer,0
Germany,Male,29,744,123737.04,2,0,5,High Risk,Immediate Follow-up,0
France,Female,35,687,110752.15,2,1,1,Low Risk,Normal Monitoring,0
Spain,Female,46,688,0.0,2,1,1,Low Risk,Normal Monitoring,0
France,Male,34,519,0.0,1,0,2,Low Risk,Normal Monitoring,0
Spain,Female,38,733,0.0,2,1,0,Low Risk,Normal Monitoring,0
Spain,Male,43,666,0.0,2,0,2,Low Risk,Normal Monitoring,0
Spain,Female,40,511,0.0,1,1,0,Low Risk,Normal Monitoring,0
Germany,Female,54,705,125889.3,3,0,9,High Risk,Immediate Follow-up,1
France,Male,48,544,78314.63,3,1,4,Medium Risk,Contact Customer,1
France,Female,36,564,206329.65,1,1,1,Low Risk,Normal Monitoring,1
France,Male,40,702,145536.9,1,1,1,Low Risk,Normal Monitoring,0
Germany,Male,31,658,77082.65,2,0,4,Medium Risk,Contact Customer,0
France,Female,24,654,145081.73,1,1,1,Low Risk,Normal Monitoring,0
Germany,Female,41,649,115897.73,1,0,5,High Risk,Immediate Follow-up,0
Spain,Male,24,597,108058.07,2,1,1,Low Risk,Normal Monitoring,0
France,Male,33,782,191523.09,1,1,1,Low Risk,Normal Monitoring,0
France,Male,38,644,0.0,2,1,0,Low Risk,Normal Monitoring,0
Spain,Female,39,679,91187.9,1,1,1,Low Risk,Normal Monitoring,0
France,Female,60,678,0.0,2,1,1,Low Risk,Normal Monitoring,0
France,Male,34,806,113958.55,1,1,1,Low Risk,Normal Monitoring,0
Spain,Male,43,668,147167.25,1,0,3,Medium Risk,Contact Customer,0
Germany,Male,29,659,82916.48,1,1,2,Low Risk,Normal Monitoring,0
France,Male,34,660,0.0,2,0,2,Low Risk,Normal Monitoring,0
France,Female,37,601,0.0,1,0,2,Low Risk,Normal Monitoring,0
France,Female,48,781,57098.96,1,0,3,Medium Risk,Contact Customer,1
Germany,Male,39,628,115341.19,1,1,3,Medium Risk,Contact Customer,1
France,Male,30,751,165257.2,1,0,3,Medium Risk,Contact Customer,0
France,Female,37,531,0.0,1,0,2,Low Risk,Normal Monitoring,0
France,Female,42,647,0.0,2,1,0,Low Risk,Normal Monitoring,0
Spain,Male,46,708,68799.72,1,1,1,Low Risk,Normal Monitoring,0
Spain,Male,39,550,116120.19,2,1,1,Low Risk,Normal Monitoring,0
France,Male,33,670,0.0,2,1,0,Low Risk,Normal Monitoring,0
France,Female,31,592,84102.11,2,1,0,Low Risk,Normal Monitoring,0
France,Female,50,589,0.0,2,1,1,Low Risk,Normal Monitoring,0
France,Female,33,725,0.0,1,1,0,Low Risk,Normal Monitoring,0
France,Female,43,570,0.0,2,1,0,Low Risk,Normal Monitoring,0
France,Male,46,575,0.0,2,1,1,Low Risk,Normal Monitoring,0
Germany,Male,25,501,104013.79,1,0,5,High Risk,Immediate Follow-up,0
Germany,Male,42,431,120822.86,2,0,5,High Risk,Immediate Follow-up,0
Spain,Male,40,719,128389.12,1,1,1,Low Risk,Normal Monitoring,0
Germany,Male,36,850,102800.72,1,1,3,Medium Risk,Contact Customer,0
Germany,Female,31,554,135470.9,1,0,5,High Risk,Immediate Follow-up,0
France,Male,36,418,90145.04,1,1,1,Low Risk,Normal Monitoring,0
Spain,Male,31,715,0.0,1,1,0,Low Risk,Normal Monitoring,0
Spain,Female,33,750,161801.47,1,1,1,Low Risk,Normal Monitoring,1
Germany,Male,37,766,99660.13,2,1,3,Medium Risk,Contact Customer,0
Spain,Female,38,652,123081.84,2,1,1,Low Risk,Normal Monitoring,0
France,Male,42,658,102870.93,1,1,1,Low Risk,Normal Monitoring,1
France,Female,37,659,151105.68,1,1,1,Low Risk,Normal Monitoring,0
Germany,Male,35,574,163856.76,1,1,3,Medium Risk,Contact Customer,0
France,Male,38,611,0.0,1,1,0,Low Risk,Normal Monitoring,0
Spain,Male,35,738,127290.61,1,0,3,Medium Risk,Contact Customer,0
France,Male,49,571,180614.04,1,0,4,Medium Risk,Contact Customer,0
France,Female,44,686,55053.62,1,0,2,Low Risk,Normal Monitoring,0
Spain,Male,33,679,96110.22,1,0,3,Medium Risk,Contact Customer,0
Spain,Female,46,617,106521.49,1,1,2,Low Risk,Normal Monitoring,0
France,Male,39,673,82255.51,2,0,2,Low Risk,Normal Monitoring,0
France,Female,33,745,0.0,2,1,0,Low Risk,Normal Monitoring,0
Germany,Female,26,677,102395.79,1,0,5,High Risk,Immediate Follow-up,0
Spain,Male,39,613,118201.41,1,0,3,Medium Risk,Contact Customer,0
France,Female,55,576,44582.07,3,1,4,Medium Risk,Contact Customer,1
Spain,Female,30,584,0.0,2,1,0,Low Risk,Normal Monitoring,0
France,Male,22,663,0.0,2,1,0,Low Risk,Normal Monitoring,0
France,Male,26,466,105522.06,1,0,3,Medium Risk,Contact Customer,0
Germany,Female,50,510,123936.54,1,1,4,Medium Risk,Contact Customer,0
Spain,Female,38,619,0.0,2,1,0,Low Risk,Normal Monitoring,0
Germany,Female,66,696,119499.42,2,1,4,Medium Risk,Contact Customer,0
France,Female,44,554,135814.7,2,0,3,Medium Risk,Contact Customer,0
France,Male,52,595,0.0,1,1,1,Low Risk,Normal Monitoring,1
Germany,Male,39,659,106259.63,2,1,3,Medium Risk,Contact Customer,0
France,Male,44,662,0.0,2,1,0,Low Risk,Normal Monitoring,0
Spain,Male,38,556,115463.16,1,0,3,Medium Risk,Contact Customer,0
Spain,Female,39,701,0.0,2,1,0,Low Risk,Normal Monitoring,0
Spain,Male,42,587,120233.83,1,0,3,Medium Risk,Contact Customer,0
France,Female,47,571,0.0,2,0,3,Medium Risk,Contact Customer,0
France,Female,40,539,81132.21,1,0,2,Low Risk,Normal Monitoring,0
Germany,Female,34,644,122196.99,2,1,3,Medium Risk,Contact Customer,0
Germany,Male,39,572,112290.22,1,0,5,High Risk,Immediate Follow-up,1
France,Female,50,753,0.0,2,1,1,Low Risk,Normal Monitoring,0
France,Male,35,706,0.0,2,1,0,Low Risk,Normal Monitoring,0
France,Male,44,588,154409.74,1,0,3,Medium Risk,Contact Customer,1
France,Male,32,825,0.0,2,0,2,Low Risk,Normal Monitoring,0
Spain,Male,48,627,132759.8,1,0,4,Medium Risk,Contact Customer,0
France,Male,60,532,76705.87,2,1,1,Low Risk,Normal Monitoring,0
France,Female,44,764,0.0,2,1,0,Low Risk,Normal Monitoring,0
France,Female,36,700,0.0,2,0,2,Low Risk,Normal Monitoring,0
France,Male,41,660,0.0,2,1,0,Low Risk,Normal Monitoring,0
Germany,Male,29,518,125961.74,2,0,5,High Risk,Immediate Follow-up,1
France,Female,39,557,49572.73,1,0,2,Low Risk,Normal Monitoring,1
France,Female,35,639,103015.12,2,1,1,Low Risk,Normal Monitoring,0
France,Female,24,557,0.0,1,0,2,Low Risk,Normal Monitoring,0
France,Female,32,633,104001.38,1,1,1,Low Risk,Normal Monitoring,0
Spain,Female,50,623,87116.71,1,1,1,Low Risk,Normal Monitoring,0
France,Male,68,611,82547.11,2,1,1,Low Risk,Normal Monitoring,0
Spain,Female,47,666,0.0,1,0,3,Medium Risk,Contact Customer,1
France,Male,27,521,121325.84,1,1,1,Low Risk,Normal Monitoring,1
France,Male,28,775,111167.7,1,0,3,Medium Risk,Contact Customer,0
Germany,Male,48,681,139714.4,2,0,6,High Risk,Immediate Follow-up,0
Germany,Female,32,564,139875.2,2,0,5,High Risk,Immediate Follow-up,0
Germany,Female,44,646,113063.83,1,0,5,High Risk,Immediate Follow-up,1
France,Female,50,670,138340.06,1,1,2,Low Risk,Normal Monitoring,0
France,Male,43,751,114974.24,1,0,3,Medium Risk,Contact Customer,0
France,Female,33,544,0.0,2,1,0,Low Risk,Normal Monitoring,0
France,Female,38,639,0.0,2,0,2,Low Risk,Normal Monitoring,0
Germany,Female,65,635,117325.54,1,0,6,High Risk,Immediate Follow-up,1
France,Female,28,672,0.0,1,1,0,Low Risk,Normal Monitoring,0
France,Female,35,639,0.0,1,0,2,Low Risk,Normal Monitoring,0
France,Female,25,697,0.0,2,0,2,Low Risk,Normal Monitoring,0
Spain,Male,44,850,0.0,2,1,0,Low Risk,Normal Monitoring,0
France,Female,34,748,0.0,2,0,2,Low Risk,Normal Monitoring,0
Spain,Female,35,463,0.0,2,1,0,Low Risk,Normal Monitoring,0
France,Female,30,572,0.0,1,1,0,Low Risk,Normal Monitoring,0
Spain,Male,50,741,78737.61,1,1,1,Low Risk,Normal Monitoring,0
Spain,Male,25,646,182876.88,2,1,1,Low Risk,Normal Monitoring,1
Germany,Male,50,805,130023.38,1,0,6,High Risk,Immediate Follow-up,1
France,Male,36,637,152606.82,1,1,1,Low Risk,Normal Monitoring,0
France,Male,28,651,0.0,2,0,2,Low Risk,Normal Monitoring,0
France,Male,28,672,167268.98,1,1,1,Low Risk,Normal Monitoring,0
France,Male,54,493,167831.88,2,0,4,Medium Risk,Contact Customer,1
Germany,Male,29,524,144287.6,2,0,5,High Risk,Immediate Follow-up,0
Germany,Female,45,624,151855.33,1,0,6,High Risk,Immediate Follow-up,0
Spain,Female,51,569,0.0,3,0,6,High Risk,Immediate Follow-up,1
France,Female,27,677,0.0,2,1,0,Low Risk,Normal Monitoring,0
Germany,Male,37,464,155994.15,1,0,5,High Risk,Immediate Follow-up,0
Germany,Male,26,718,147527.03,1,0,5,High Risk,Immediate Follow-up,0
France,Female,53,594,0.0,1,0,3,Medium Risk,Contact Customer,1
France,Male,33,574,100267.03,1,0,3,Medium Risk,Contact Customer,0
Spain,Male,48,478,83287.05,2,1,1,Low Risk,Normal Monitoring,1
Spain,Male,41,615,0.0,1,1,0,Low Risk,Normal Monitoring,0
Spain,Male,45,651,0.0,2,0,3,Medium Risk,Contact Customer,0
Germany,Male,53,465,117438.17,1,0,6,High Risk,Immediate Follow-up,1
France,Female,56,558,121235.05,2,1,2,Low Risk,Normal Monitoring,0
Germany,Male,37,540,129965.18,1,0,5,High Risk,Immediate Follow-up,0
Germany,Male,46,568,150836.92,1,0,6,High Risk,Immediate Follow-up,1
France,Male,31,630,0.0,2,1,0,Low Risk,Normal Monitoring,0
Germany,Male,60,523,163894.35,1,1,4,Medium Risk,Contact Customer,0
France,Female,48,678,0.0,2,1,1,Low Risk,Normal Monitoring,0
France,Male,38,438,0.0,2,0,2,Low Risk,Normal Monitoring,0
France,Male,44,544,0.0,2,0,2,Low Risk,Normal Monitoring,0
Germany,Male,34,595,87967.42,2,1,2,Low Risk,Normal Monitoring,0
France,Male,26,678,0.0,2,0,2,Low Risk,Normal Monitoring,0
France,Female,36,850,0.0,2,1,0,Low Risk,Normal Monitoring,0
Germany,Female,20,589,121093.29,2,0,5,High Risk,Immediate Follow-up,0
Spain,Female,31,785,121691.54,2,0,3,Medium Risk,Contact Customer,0
Spain,Male,57,563,0.0,2,1,1,Low Risk,Normal Monitoring,0
France,Female,39,602,154121.32,2,0,3,Medium Risk,Contact Customer,1
France,Male,29,591,0.0,2,1,0,Low Risk,Normal Monitoring,0
Spain,Male,43,643,0.0,2,1,0,Low Risk,Normal Monitoring,0
France,Female,32,605,0.0,2,1,0,Low Risk,Normal Monitoring,0
Germany,Male,43,755,165048.5,3,0,8,High Risk,Immediate Follow-up,1
Spain,Male,38,769,0.0,2,0,2,Low Risk,Normal Monitoring,0
France,Female,33,620,127638.35,1,1,1,Low Risk,Normal Monitoring,0
France,Male,31,725,0.0,2,1,0,Low Risk,Normal Monitoring,0
Germany,Female,72,818,135290.42,2,1,4,Medium Risk,Contact Customer,0
France,Female,71,624,170252.05,3,1,5,High Risk,Immediate Follow-up,1
Germany,Female,35,669,108269.2,2,0,5,High Risk,Immediate Follow-up,0
France,Female,32,712,0.0,2,0,2,Low Risk,Normal Monitoring,0
Germany,Female,35,603,145623.36,1,0,5,High Risk,Immediate Follow-up,0
France,Female,41,597,145809.53,2,1,1,Low Risk,Normal Monitoring,0
Germany,Male,76,580,130334.84,2,1,4,Medium Risk,Contact Customer,0
France,Female,39,718,0.0,2,1,0,Low Risk,Normal Monitoring,0
Spain,Male,53,527,0.0,1,1,1,Low Risk,Normal Monitoring,0
Spain,Female,42,729,0.0,2,1,0,Low Risk,Normal Monitoring,0
France,Female,24,746,0.0,1,1,0,Low Risk,Normal Monitoring,0
Germany,Female,54,699,111009.32,1,1,4,Medium Risk,Contact Customer,1
France,Female,46,759,0.0,1,1,1,Low Risk,Normal Monitoring,0
France,Female,39,748,157371.54,1,1,1,Low Risk,Normal Monitoring,0
Spain,Female,63,698,0.0,1,1,1,Low Risk,Normal Monitoring,0
France,Male,37,686,134560.62,1,0,3,Medium Risk,Contact Customer,0
France,Male,40,679,0.0,1,1,0,Low Risk,Normal Monitoring,0
Germany,Male,36,682,72373.62,2,0,4,Medium Risk,Contact Customer,0
France,Female,34,778,109564.1,1,1,1,Low Risk,Normal Monitoring,0
France,Female,25,742,132116.13,2,0,3,Medium Risk,Contact Customer,0
Germany,Male,24,649,101195.23,1,0,5,High Risk,Immediate Follow-up,0
France,Male,67,763,149436.73,2,1,2,Low Risk,Normal Monitoring,0
Germany,Male,30,595,130682.11,2,1,3,Medium Risk,Contact Customer,0
Germany,Female,51,628,115280.49,2,0,6,High Risk,Immediate Follow-up,1
France,Female,36,625,129944.39,2,0,3,Medium Risk,Contact Customer,0
France,Male,36,733,0.0,2,1,0,Low Risk,Normal Monitoring,0
Spain,Female,32,665,0.0,1,1,0,Low Risk,Normal Monitoring,0
Germany,Male,56,805,151802.29,1,0,6,High Risk,Immediate Follow-up,1
France,Male,38,725,0.0,2,1,0,Low Risk,Normal Monitoring,0
France,Female,38,554,138731.95,1,1,1,Low Risk,Normal Monitoring,0
Spain,Female,35,675,155621.08,1,1,1,Low Risk,Normal Monitoring,0
France,Female,54,556,150005.38,1,0,4,Medium Risk,Contact Customer,1
Spain,Female,48,635,0.0,2,1,1,Low Risk,Normal Monitoring,0
France,Male,47,601,64430.06,2,1,1,Low Risk,Normal Monitoring,0
Germany,Male,53,600,106261.63,1,0,6,High Risk,Immediate Follow-up,1
Spain,Male,40,758,0.0,2,0,2,Low Risk,Normal Monitoring,0
Germany,Female,41,606,132670.53,1,0,5,High Risk,Immediate Follow-up,1
France,Female,67,640,0.0,1,1,1,Low Risk,Normal Monitoring,0
Germany,Female,38,753,117314.92,1,0,5,High Risk,Immediate Follow-up,1
Spain,Male,38,559,145874.35,1,0,3,Medium Risk,Contact Customer,1
Spain,Female,50,754,146777.44,2,1,2,Low Risk,Normal Monitoring,0
Germany,Male,51,621,109978.83,1,0,6,High Risk,Immediate Follow-up,1
France,Female,37,654,0.0,1,1,0,Low Risk,Normal Monitoring,0
Spain,Male,24,650,108881.73,1,0,3,Medium Risk,Contact Customer,0
Spain,Female,44,831,0.0,1,1,0,Low Risk,Normal Monitoring,0
France,Male,39,519,112957.26,2,0,3,Medium Risk,Contact Customer,0
Germany,Female,42,552,103362.14,1,1,3,Medium Risk,Contact Customer,1
Spain,Male,41,577,89015.61,1,1,0,Low Risk,Normal Monitoring,0
Spain,Male,45,576,133618.01,1,0,4,Medium Risk,Contact Customer,0
France,Male,40,646,93680.43,2,1,1,Low Risk,Normal Monitoring,0
Germany,Female,45,711,97486.15,2,0,6,High Risk,Immediate Follow-up,0
Spain,Female,37,806,137794.18,2,1,1,Low Risk,Normal Monitoring,0
France,Female,39,670,101928.51,1,0,3,Medium Risk,Contact Customer,0
Spain,Female,28,679,0.0,2,1,0,Low Risk,Normal Monitoring,0
Spain,Female,39,850,0.0,2,0,2,Low Risk,Normal Monitoring,0
Germany,Female,35,670,79585.96,1,1,2,Low Risk,Normal Monitoring,0
France,Female,24,733,161884.99,1,1,1,Low Risk,Normal Monitoring,0
France,Female,39,764,129068.54,2,1,1,Low Risk,Normal Monitoring,0
France,Female,42,673,0.0,2,0,2,Low Risk,Normal Monitoring,0
Germany,Male,49,588,132623.76,3,0,9,High Risk,Immediate Follow-up,1
Spain,Male,31,564,121461.87,1,1,1,Low Risk,Normal Monitoring,1
France,Male,32,715,175307.32,1,0,3,Medium Risk,Contact Customer,0
France,Male,31,621,136658.61,1,1,1,Low Risk,Normal Monitoring,0
Spain,Female,23,796,146584.19,2,0,3,Medium Risk,Contact Customer,0
France,Male,34,672,0.0,1,0,2,Low Risk,Normal Monitoring,0
Spain,Female,46,527,131414.76,1,0,4,Medium Risk,Contact Customer,0
France,Female,38,722,0.0,2,1,0,Low Risk,Normal Monitoring,0
Germany,Male,34,596,99441.21,2,1,3,Medium Risk,Contact Customer,0
France,Female,32,746,0.0,2,1,0,Low Risk,Normal Monitoring,0
France,Female,26,523,0.0,2,0,2,Low Risk,Normal Monitoring,0
France,Male,44,624,0.0,2,0,2,Low Risk,Normal Monitoring,0
Spain,Male,38,553,181110.13,2,0,3,Medium Risk,Contact Customer,0
Spain,Male,33,850,100476.46,2,1,1,Low Risk,Normal Monitoring,0
Germany,Male,33,599,51949.95,2,0,4,Medium Risk,Contact Customer,0
France,Male,35,492,121063.49,1,0,3,Medium Risk,Contact Customer,0
Spain,Male,48,707,88441.64,1,1,1,Low Risk,Normal Monitoring,1
France,Female,30,743,127023.39,1,1,1,Low Risk,Normal Monitoring,0
France,Male,41,522,144147.68,1,1,1,Low Risk,Normal Monitoring,0
Spain,Female,57,681,173306.13,1,1,2,Low Risk,Normal Monitoring,0
France,Female,49,826,0.0,1,0,3,Medium Risk,Contact Customer,1
Germany,Female,28,630,106425.75,1,1,3,Medium Risk,Contact Customer,0
Germany,Female,66,430,135392.31,2,1,4,Medium Risk,Contact Customer,1
France,Female,67,806,0.0,2,1,1,Low Risk,Normal Monitoring,0
Spain,Male,39,703,152685.4,1,0,3,Medium Risk,Contact Customer,0
Germany,Female,38,755,82083.52,1,1,2,Low Risk,Normal Monitoring,0
Spain,Female,63,612,131629.17,2,0,4,Medium Risk,Contact Customer,1
France,Female,54,719,0.0,2,1,1,Low Risk,Normal Monitoring,0
Germany,Female,55,554,108477.27,1,1,4,Medium Risk,Contact Customer,1
France,Male,30,683,114779.35,1,0,3,Medium Risk,Contact Customer,0
France,Male,41,749,57568.94,1,1,0,Low Risk,Normal Monitoring,0
Spain,Male,36,724,0.0,2,0,2,Low Risk,Normal Monitoring,0
Spain,Male,30,770,0.0,2,1,0,Low Risk,Normal Monitoring,0
France,Male,37,680,0.0,2,0,2,Low Risk,Normal Monitoring,0
France,Female,32,699,110559.46,1,1,1,Low Risk,Normal Monitoring,0
France,Male,34,442,0.0,2,0,2,Low Risk,Normal Monitoring,0
France,Male,46,529,0.0,1,0,3,Medium Risk,Contact Customer,1
Spain,Male,36,574,0.0,2,1,0,Low Risk,Normal Monitoring,0
France,Male,33,605,128152.82,1,0,3,Medium Risk,Contact Customer,0
Germany,Male,45,515,120961.5,3,1,7,High Risk,Immediate Follow-up,1
Germany,Male,65,632,129472.33,1,1,4,Medium Risk,Contact Customer,0
France,Male,32,558,105000.23,1,0,3,Medium Risk,Contact Customer,0
Germany,Male,55,434,109339.17,2,0,6,High Risk,Immediate Follow-up,1
France,Female,59,525,55328.4,1,0,3,Medium Risk,Contact Customer,1
Germany,Male,23,640,72012.76,1,0,4,Medium Risk,Contact Customer,0
France,Female,36,690,110480.48,1,0,3,Medium Risk,Contact Customer,0
Spain,Male,34,607,132439.99,1,0,3,Medium Risk,Contact Customer,0
France,Female,46,850,0.0,2,1,1,Low Risk,Normal Monitoring,0
Germany,Male,34,780,94108.54,2,0,5,High Risk,Immediate Follow-up,0
Germany,Female,28,616,105173.99,1,1,3,Medium Risk,Contact Customer,1
Spain,Female,40,618,0.0,2,0,2,Low Risk,Normal Monitoring,0
France,Male,29,676,131959.86,1,0,3,Medium Risk,Contact Customer,0
France,Male,33,507,0.0,2,1,0,Low Risk,Normal Monitoring,0
France,Male,34,490,122952.9,2,0,3,Medium Risk,Contact Customer,0
France,Male,36,678,107379.68,1,1,1,Low Risk,Normal Monitoring,0
Germany,Male,30,637,122641.56,2,0,5,High Risk,Immediate Follow-up,0
France,Female,33,602,0.0,2,1,0,Low Risk,Normal Monitoring,0
Spain,Female,30,744,124037.28,1,1,1,Low Risk,Normal Monitoring,0
France,Female,50,640,117565.03,2,0,4,Medium Risk,Contact Customer,0
France,Female,38,684,133189.4,1,0,3,Medium Risk,Contact Customer,0
Germany,Male,39,495,120252.02,2,1,3,Medium Risk,Contact Customer,0
Germany,Female,28,559,152264.81,1,0,5,High Risk,Immediate Follow-up,0
France,Male,38,684,105069.98,2,1,1,Low Risk,Normal Monitoring,0
France,Male,42,613,115076.06,1,1,1,Low Risk,Normal Monitoring,0
France,Male,30,794,0.0,2,1,0,Low Risk,Normal Monitoring,0
France,Female,42,736,117280.23,3,0,6,High Risk,Immediate Follow-up,1
Germany,Male,49,692,110540.43,2,1,4,Medium Risk,Contact Customer,0
Spain,Male,36,703,135095.47,1,0,3,Medium Risk,Contact Customer,0
Germany,Male,23,720,187861.18,2,1,3,Medium Risk,Contact Customer,0
Germany,Male,44,777,124655.59,2,1,3,Medium Risk,Contact Customer,0
France,Male,44,653,0.0,2,1,0,Low Risk,Normal Monitoring,0
France,Female,38,552,134105.01,1,0,3,Medium Risk,Contact Customer,0
France,Female,34,708,0.0,1,1,0,Low Risk,Normal Monitoring,0
France,Female,40,647,0.0,2,1,0,Low Risk,Normal Monitoring,0
Germany,Male,52,597,83693.34,2,1,3,Medium Risk,Contact Customer,0
France,Male,42,501,114631.23,1,1,1,Low Risk,Normal Monitoring,0
France,Male,44,709,128601.98,1,0,3,Medium Risk,Contact Customer,0
Germany,Female,34,621,91258.52,2,0,5,High Risk,Immediate Follow-up,0
France,Male,70,799,70416.75,1,1,1,Low Risk,Normal Monitoring,0
France,Female,33,675,0.0,2,0,2,Low Risk,Normal Monitoring,0
France,Female,35,561,0.0,2,0,2,Low Risk,Normal Monitoring,0
France,Female,42,707,0.0,2,1,0,Low Risk,Normal Monitoring,0
France,Male,33,670,88294.6,1,0,2,Low Risk,Normal Monitoring,0
Spain,Female,32,649,0.0,1,0,2,Low Risk,Normal Monitoring,0
France,Male,28,524,93577.3,1,1,1,Low Risk,Normal Monitoring,0
Germany,Female,30,689,136650.89,1,1,3,Medium Risk,Contact Customer,1
Spain,Female,72,573,98765.84,1,1,2,Low Risk,Normal Monitoring,0
France,Male,33,657,84309.57,2,0,2,Low Risk,Normal Monitoring,0
Spain,Male,39,686,136258.06,1,0,3,Medium Risk,Contact Customer,0
France,Female,29,683,0.0,2,1,0,Low Risk,Normal Monitoring,0
Germany,Female,47,753,131160.85,1,0,6,High Risk,Immediate Follow-up,0
Spain,Female,30,520,145222.99,2,0,3,Medium Risk,Contact Customer,0
Germany,Male,25,547,98141.57,2,1,3,Medium Risk,Contact Customer,0
France,Male,47,653,0.0,1,0,3,Medium Risk,Contact Customer,1
Spain,Female,28,648,102282.61,1,1,1,Low Risk,Normal Monitoring,0
France,Female,37,639,116121.84,2,1,1,Low Risk,Normal Monitoring,0
France,Female,25,711,190066.54,1,0,3,Medium Risk,Contact Customer,1
Germany,Female,55,484,149349.58,3,0,9,High Risk,Immediate Follow-up,1
France,Male,36,721,155176.83,2,1,1,Low Risk,Normal Monitoring,0
Germany,Male,32,548,98986.28,1,1,3,Medium Risk,Contact Customer,0
France,Male,41,679,147726.98,3,0,6,High Risk,Immediate Follow-up,1
France,Male,41,553,0.0,2,0,2,Low Risk,Normal Monitoring,0
France,Male,36,757,144852.06,1,0,3,Medium Risk,Contact Customer,0
France,Male,54,581,89299.81,1,0,3,Medium Risk,Contact Customer,1
Spain,Male,40,718,0.0,2,0,2,Low Risk,Normal Monitoring,0
France,Male,41,625,97663.16,2,0,3,Medium Risk,Contact Customer,0
Spain,Male,39,744,95161.75,1,0,3,Medium Risk,Contact Customer,0
Germany,Male,31,799,154586.92,1,1,3,Medium Risk,Contact Customer,1
Spain,Female,34,751,127095.14,2,0,3,Medium Risk,Contact Customer,0
Germany,Male,35,781,92526.15,2,1,3,Medium Risk,Contact Customer,0
Germany,Female,46,777,107362.8,1,0,6,High Risk,Immediate Follow-up,0
Spain,Female,24,704,0.0,1,0,2,Low Risk,Normal Monitoring,1
France,Female,47,539,127286.04,2,1,2,Low Risk,Normal Monitoring,1
France,Female,29,716,0.0,2,1,0,Low Risk,Normal Monitoring,0
France,Male,37,670,0.0,2,1,0,Low Risk,Normal Monitoring,0
France,Male,40,555,139930.18,1,1,1,Low Risk,Normal Monitoring,0
Germany,Female,30,679,77949.69,1,1,2,Low Risk,Normal Monitoring,0
France,Male,38,571,121405.04,1,1,1,Low Risk,Normal Monitoring,0
Spain,Female,35,512,124580.69,1,1,1,Low Risk,Normal Monitoring,0
France,Male,35,697,133087.76,1,0,3,Medium Risk,Contact Customer,0
Spain,Male,34,424,0.0,1,1,0,Low Risk,Normal Monitoring,0
France,Female,43,684,0.0,2,0,2,Low Risk,Normal Monitoring,0
Spain,Male,62,697,0.0,1,0,3,Medium Risk,Contact Customer,1
Germany,Male,45,580,103741.14,1,0,6,High Risk,Immediate Follow-up,1
France,Female,32,600,98877.95,1,0,3,Medium Risk,Contact Customer,0
France,Male,37,521,105843.26,2,1,1,Low Risk,Normal Monitoring,0
Spain,Male,44,664,77526.66,3,0,5,High Risk,Immediate Follow-up,1
France,Male,77,634,0.0,2,1,1,Low Risk,Normal Monitoring,0
France,Female,33,445,0.0,2,0,2,Low Risk,Normal Monitoring,0
Germany,Female,36,702,105264.88,2,1,3,Medium Risk,Contact Customer,0
France,Male,37,485,0.0,2,1,0,Low Risk,Normal Monitoring,0
Germany,Female,40,582,110150.43,1,1,3,Medium Risk,Contact Customer,1
Spain,Female,57,605,0.0,3,0,6,High Risk,Immediate Follow-up,1
France,Male,25,628,0.0,2,1,0,Low Risk,Normal Monitoring,0
Spain,Female,28,604,0.0,2,1,0,Low Risk,Normal Monitoring,0
Germany,Male,31,724,138166.3,1,0,5,High Risk,Immediate Follow-up,0
Germany,Male,40,567,122265.24,1,0,5,High Risk,Immediate Follow-up,0
Spain,Female,55,779,133295.98,1,0,4,Medium Risk,Contact Customer,1
France,Male,36,785,0.0,1,1,0,Low Risk,Normal Monitoring,0
France,Female,32,563,148326.09,1,0,3,Medium Risk,Contact Customer,1
Germany,Female,31,821,68927.57,1,1,2,Low Risk,Normal Monitoring,0
France,Female,47,747,139914.6,4,1,5,High Risk,Immediate Follow-up,1
Germany,Female,58,600,118723.11,1,0,6,High Risk,Immediate Follow-up,1
Spain,Male,32,625,106957.28,1,1,1,Low Risk,Normal Monitoring,0
France,Female,41,773,190238.93,1,1,1,Low Risk,Normal Monitoring,0
France,Female,53,726,113537.73,1,1,2,Low Risk,Normal Monitoring,0
Spain,Female,40,641,101090.27,1,1,1,Low Risk,Normal Monitoring,0
France,Female,46,649,0.0,2,1,1,Low Risk,Normal Monitoring,0
Spain,Male,33,434,0.0,1,1,0,Low Risk,Normal Monitoring,0
France,Female,38,738,0.0,2,0,2,Low Risk,Normal Monitoring,0
Spain,Female,60,762,168920.75,1,0,4,Medium Risk,Contact Customer,1
Germany,Male,31,507,111589.67,1,0,5,High Risk,Immediate Follow-up,0
Germany,Female,27,606,172310.33,1,1,3,Medium Risk,Contact Customer,0
Germany,Male,34,655,118028.35,1,0,5,High Risk,Immediate Follow-up,1
Germany,Male,51,697,147910.3,1,1,4,Medium Risk,Contact Customer,0
Germany,Male,42,504,131287.36,2,1,3,Medium Risk,Contact Customer,0
France,Female,74,653,121276.32,1,1,2,Low Risk,Normal Monitoring,0
Spain,Male,38,660,109869.32,1,1,1,Low Risk,Normal Monitoring,0
France,Female,34,652,97435.85,2,1,1,Low Risk,Normal Monitoring,0
France,Female,42,669,0.0,2,0,2,Low Risk,Normal Monitoring,0
France,Male,35,594,133853.27,1,1,1,Low Risk,Normal Monitoring,0
Germany,Male,32,756,109528.16,2,1,3,Medium Risk,Contact Customer,0
France,Female,33,642,84607.34,2,1,0,Low Risk,Normal Monitoring,0
Germany,Male,37,486,101438.0,1,0,5,High Risk,Immediate Follow-up,0
France,Male,55,804,0.0,2,1,1,Low Risk,Normal Monitoring,0
France,Male,59,629,113657.83,1,1,2,Low Risk,Normal Monitoring,1
Spain,Female,44,581,189318.16,2,0,3,Medium Risk,Contact Customer,1
France,Male,31,667,99513.91,1,1,1,Low Risk,Normal Monitoring,0
Spain,Male,35,667,97585.32,2,0,3,Medium Risk,Contact Customer,0
France,Male,29,679,0.0,2,1,0,Low Risk,Normal Monitoring,0
France,Female,43,680,0.0,2,1,0,Low Risk,Normal Monitoring,0
Spain,Male,32,644,136659.74,1,1,1,Low Risk,Normal Monitoring,0
France,Female,30,571,85755.86,1,0,2,Low Risk,Normal Monitoring,0
Spain,Female,35,627,0.0,1,0,2,Low Risk,Normal Monitoring,0
France,Male,39,536,0.0,2,0,2,Low Risk,Normal Monitoring,0
Spain,Male,33,599,51690.89,1,0,2,Low Risk,Normal Monitoring,1
Spain,Male,34,744,0.0,2,0,2,Low Risk,Normal Monitoring,0
France,Female,34,709,111669.68,1,0,3,Medium Risk,Contact Customer,0
Germany,Male,31,653,154741.45,2,0,5,High Risk,Immediate Follow-up,0
Germany,Male,31,648,125681.51,1,1,3,Medium Risk,Contact Customer,0
Germany,Female,37,663,155303.71,1,0,5,High Risk,Immediate Follow-up,0
Germany,Female,43,613,140681.68,1,1,3,Medium Risk,Contact Customer,0
France,Male,28,620,71902.52,1,1,0,Low Risk,Normal Monitoring,0
France,Male,51,661,146606.6,1,1,2,Low Risk,Normal Monitoring,0
Germany,Male,45,669,123949.75,1,0,6,High Risk,Immediate Follow-up,0
Germany,Female,33,767,144753.21,1,1,3,Medium Risk,Contact Customer,0
France,Female,72,491,91285.22,1,1,2,Low Risk,Normal Monitoring,0
France,Male,43,653,0.0,2,0,2,Low Risk,Normal Monitoring,0
Germany,Male,58,679,125850.53,2,1,4,Medium Risk,Contact Customer,0
France,Male,28,687,108116.66,1,1,1,Low Risk,Normal Monitoring,0
France,Female,38,837,0.0,2,1,0,Low Risk,Normal Monitoring,0
France,Male,28,850,67639.56,2,1,0,Low Risk,Normal Monitoring,0
Spain,Female,53,663,150200.23,1,1,2,Low Risk,Normal Monitoring,1
Spain,Female,22,547,141287.15,1,0,3,Medium Risk,Contact Customer,0
France,Female,41,627,0.0,3,1,3,Medium Risk,Contact Customer,1
France,Male,37,707,0.0,2,1,0,Low Risk,Normal Monitoring,0
France,Female,43,629,0.0,2,1,0,Low Risk,Normal Monitoring,0
France,Female,36,687,97157.96,1,1,1,Low Risk,Normal Monitoring,0
France,Female,36,588,0.0,2,0,2,Low Risk,Normal Monitoring,1
Germany,Female,33,502,125241.17,2,1,3,Medium Risk,Contact Customer,0
Germany,Male,54,793,128966.13,1,0,6,High Risk,Immediate Follow-up,1
Germany,Male,59,727,152581.06,1,0,6,High Risk,Immediate Follow-up,1
Spain,Female,32,632,0.0,2,0,2,Low Risk,Normal Monitoring,0
Germany,Female,37,474,142688.57,2,1,3,Medium Risk,Contact Customer,0
Germany,Female,31,850,130089.56,2,1,3,Medium Risk,Contact Customer,0
France,Male,36,584,0.0,1,1,0,Low Risk,Normal Monitoring,0
France,Female,32,713,117094.02,1,0,3,Medium Risk,Contact Customer,1
Spain,Male,24,742,0.0,2,0,2,Low Risk,Normal Monitoring,0
France,Female,39,607,0.0,3,0,5,High Risk,Immediate Follow-up,1
Spain,Female,34,761,0.0,2,0,2,Low Risk,Normal Monitoring,0
France,Male,49,600,90218.9,1,0,4,Medium Risk,Contact Customer,0
Spain,Male,42,650,194532.66,1,0,3,Medium Risk,Contact Customer,1
Germany,Male,56,850,169743.83,1,0,6,High Risk,Immediate Follow-up,1
France,Female,34,501,0.0,1,0,2,Low Risk,Normal Monitoring,0
France,Male,34,418,155973.88,1,0,3,Medium Risk,Contact Customer,0
Spain,Male,59,797,129321.44,1,1,2,Low Risk,Normal Monitoring,0
Germany,Female,42,788,138650.49,2,0,5,High Risk,Immediate Follow-up,0
Spain,Male,43,699,136487.86,2,0,3,Medium Risk,Contact Customer,0
France,Male,18,616,0.0,2,1,0,Low Risk,Normal Monitoring,0
France,Female,41,651,38617.2,1,1,0,Low Risk,Normal Monitoring,0
France,Female,28,654,0.0,2,0,2,Low Risk,Normal Monitoring,0
France,Female,34,676,82909.14,1,0,2,Low Risk,Normal Monitoring,1
Germany,Female,54,708,145151.4,1,1,4,Medium Risk,Contact Customer,1
Spain,Female,42,499,147187.84,1,1,1,Low Risk,Normal Monitoring,1
France,Male,39,689,0.0,2,0,2,Low Risk,Normal Monitoring,0
Spain,Male,54,850,108185.81,2,0,4,Medium Risk,Contact Customer,1
France,Male,30,502,0.0,2,1,0,Low Risk,Normal Monitoring,0
France,Male,34,643,0.0,2,1,0,Low Risk,Normal Monitoring,0
France,Male,28,762,0.0,2,0,2,Low Risk,Normal Monitoring,0
France,Male,49,719,105918.1,1,1,2,Low Risk,Normal Monitoring,0
France,Male,27,789,0.0,2,0,2,Low Risk,Normal Monitoring,0
Spain,Male,42,553,0.0,2,0,2,Low Risk,Normal Monitoring,0
Spain,Male,25,448,0.0,2,0,2,Low Risk,Normal Monitoring,0
Germany,Male,42,632,59972.26,2,1,2,Low Risk,Normal Monitoring,0
Spain,Male,25,669,157228.61,2,0,3,Medium Risk,Contact Customer,0
Spain,Male,34,654,0.0,2,0,2,Low Risk,Normal Monitoring,0
France,Female,38,726,0.0,2,0,2,Low Risk,Normal Monitoring,0
France,Male,21,596,210433.08,2,1,1,Low Risk,Normal Monitoring,1
Germany,Female,30,733,102452.71,1,0,5,High Risk,Immediate Follow-up,0
Spain,Female,35,529,0.0,2,0,2,Low Risk,Normal Monitoring,0
France,Female,37,493,142987.46,2,0,3,Medium Risk,Contact Customer,0
Spain,Female,29,615,143330.56,2,1,1,Low Risk,Normal Monitoring,0
France,Female,49,600,0.0,1,1,1,Low Risk,Normal Monitoring,1
France,Male,36,666,120165.4,2,0,3,Medium Risk,Contact Customer,0
Spain,Male,54,644,0.0,1,1,1,Low Risk,Normal Monitoring,0
France,Female,36,692,0.0,1,0,2,Low Risk,Normal Monitoring,1
France,Male,73,707,66573.17,1,1,1,Low Risk,Normal Monitoring,0
France,Male,40,603,102833.46,2,1,1,Low Risk,Normal Monitoring,0
France,Female,34,671,164757.56,1,0,3,Medium Risk,Contact Customer,0
Spain,Female,36,568,153610.61,1,1,1,Low Risk,Normal Monitoring,1
Spain,Female,35,598,0.0,3,1,3,Medium Risk,Contact Customer,0
Spain,Male,42,606,0.0,2,0,2,Low Risk,Normal Monitoring,0
Germany,Female,36,850,169025.83,1,0,5,High Risk,Immediate Follow-up,0
Spain,Female,26,644,153455.72,2,1,1,Low Risk,Normal Monitoring,0
France,Male,37,655,0.0,2,1,0,Low Risk,Normal Monitoring,0
France,Male,30,850,153972.89,2,0,3,Medium Risk,Contact Customer,0
Spain,Male,34,683,114609.55,2,1,1,Low Risk,Normal Monitoring,0
Germany,Male,37,663,143625.83,2,1,3,Medium Risk,Contact Customer,0
Germany,Female,38,682,116520.28,1,1,3,Medium Risk,Contact Customer,1
France,Male,77,639,80926.02,2,1,1,Low Risk,Normal Monitoring,0
France,Male,23,704,166594.78,1,1,1,Low Risk,Normal Monitoring,0
France,Female,40,691,115465.98,1,1,1,Low Risk,Normal Monitoring,0
France,Male,34,599,0.0,2,1,0,Low Risk,Normal Monitoring,0
France,Female,36,573,0.0,1,1,0,Low Risk,Normal Monitoring,0
Germany,Female,41,589,92618.62,1,1,3,Medium Risk,Contact Customer,0
Germany,Female,25,620,141825.88,1,1,3,Medium Risk,Contact Customer,1
Spain,Male,28,647,149594.02,2,0,3,Medium Risk,Contact Customer,0
Spain,Female,39,737,130051.66,2,0,3,Medium Risk,Contact Customer,1
France,Female,41,634,0.0,2,1,0,Low Risk,Normal Monitoring,0
France,Male,38,660,0.0,2,0,2,Low Risk,Normal Monitoring,0
Germany,Female,37,666,158468.76,1,1,3,Medium Risk,Contact Customer,0
France,Male,44,696,161889.79,1,0,3,Medium Risk,Contact Customer,0
France,Female,29,836,133681.78,1,1,1,Low Risk,Normal Monitoring,0
Spain,Female,34,667,0.0,2,0,2,Low Risk,Normal Monitoring,0
Spain,Male,20,596,187294.46,1,0,3,Medium Risk,Contact Customer,0
France,Male,31,430,0.0,1,0,2,Low Risk,Normal Monitoring,0
Spain,Male,67,596,0.0,2,1,1,Low Risk,Normal Monitoring,0
France,Male,28,599,119706.22,1,0,3,Medium Risk,Contact Customer,0
France,Female,22,519,0.0,1,1,0,Low Risk,Normal Monitoring,0
Germany,Female,45,721,138523.2,1,0,6,High Risk,Immediate Follow-up,1
Spain,Female,56,603,90778.76,2,0,4,Medium Risk,Contact Customer,1
Germany,Male,47,572,99353.42,1,0,6,High Risk,Immediate Follow-up,1
Germany,Female,40,453,111524.49,1,1,3,Medium Risk,Contact Customer,1
France,Female,37,668,128645.67,1,0,3,Medium Risk,Contact Customer,0
Germany,Male,35,762,117458.51,1,1,3,Medium Risk,Contact Customer,1
France,Female,39,633,129189.15,2,0,3,Medium Risk,Contact Customer,0
Spain,Male,33,647,121260.19,2,0,3,Medium Risk,Contact Customer,0
Spain,Male,56,796,94231.13,1,0,4,Medium Risk,Contact Customer,1
France,Male,39,733,0.0,2,1,0,Low Risk,Normal Monitoring,0
France,Male,34,556,163757.06,1,1,1,Low Risk,Normal Monitoring,0
Spain,Male,58,489,0.0,2,1,1,Low Risk,Normal Monitoring,0
France,Male,22,639,0.0,2,0,2,Low Risk,Normal Monitoring,0
France,Male,35,715,141005.47,1,1,1,Low Risk,Normal Monitoring,0
Germany,Female,42,807,105356.09,2,1,3,Medium Risk,Contact Customer,0
Spain,Male,34,714,0.0,2,0,2,Low Risk,Normal Monitoring,0
Germany,Female,23,626,85897.95,1,0,4,Medium Risk,Contact Customer,0
France,Male,36,697,0.0,2,1,0,Low Risk,Normal Monitoring,0
Germany,Female,31,850,164672.66,1,1,3,Medium Risk,Contact Customer,0
Germany,Female,45,737,99169.67,2,1,4,Medium Risk,Contact Customer,0
France,Male,29,812,0.0,2,0,2,Low Risk,Normal Monitoring,0
France,Male,36,583,0.0,2,1,0,Low Risk,Normal Monitoring,0
Germany,Female,37,730,124053.03,1,0,5,High Risk,Immediate Follow-up,0
France,Male,36,677,0.0,2,0,2,Low Risk,Normal Monitoring,0
Germany,Female,40,748,103499.09,2,0,5,High Risk,Immediate Follow-up,0
Germany,Female,38,753,151766.71,1,1,3,Medium Risk,Contact Customer,0
Spain,Female,36,634,0.0,1,1,0,Low Risk,Normal Monitoring,0
France,Male,29,622,101486.96,1,1,1,Low Risk,Normal Monitoring,0
Germany,Male,36,699,123601.56,2,0,5,High Risk,Immediate Follow-up,0
Germany,Male,38,570,127201.58,1,0,5,High Risk,Immediate Follow-up,1
Germany,Male,33,552,144962.74,1,0,5,High Risk,Immediate Follow-up,1
France,Female,48,619,0.0,1,0,3,Medium Risk,Contact Customer,1
Spain,Male,33,714,122017.19,1,0,3,Medium Risk,Contact Customer,0
Spain,Male,32,503,100262.88,2,1,1,Low Risk,Normal Monitoring,0
Spain,Female,43,685,117302.62,1,0,3,Medium Risk,Contact Customer,0
France,Female,35,606,135984.15,2,0,3,Medium Risk,Contact Customer,0
France,Male,38,678,0.0,2,0,2,Low Risk,Normal Monitoring,0
Germany,Male,31,724,160997.54,2,1,3,Medium Risk,Contact Customer,0
Germany,Female,37,779,128389.63,1,1,3,Medium Risk,Contact Customer,1
Spain,Male,35,638,0.0,2,0,2,Low Risk,Normal Monitoring,0
Spain,Female,50,610,130554.51,3,0,7,High Risk,Immediate Follow-up,1
Germany,Female,57,646,90212.0,1,0,6,High Risk,Immediate Follow-up,1
France,Female,29,628,71996.29,1,1,0,Low Risk,Normal Monitoring,0
France,Female,32,528,85615.66,2,0,2,Low Risk,Normal Monitoring,0
France,Female,27,432,62339.81,2,0,2,Low Risk,Normal Monitoring,0
Spain,Female,47,622,142319.03,1,0,4,Medium Risk,Contact Customer,0
France,Male,54,721,0.0,2,1,1,Low Risk,Normal Monitoring,0
Spain,Male,36,614,0.0,2,0,2,Low Risk,Normal Monitoring,0
France,Female,24,634,87413.19,1,0,2,Low Risk,Normal Monitoring,0
France,Female,29,742,0.0,2,1,0,Low Risk,Normal Monitoring,0
France,Female,45,516,0.0,1,0,3,Medium Risk,Contact Customer,1
France,Male,35,718,97560.16,1,1,1,Low Risk,Normal Monitoring,0
Germany,Male,30,636,141787.31,2,1,3,Medium Risk,Contact Customer,0
Spain,Male,36,691,129934.64,1,0,3,Medium Risk,Contact Customer,1
France,Female,37,698,166178.02,2,1,1,Low Risk,Normal Monitoring,0
Spain,Female,39,712,163097.55,2,1,1,Low Risk,Normal Monitoring,0
France,Male,20,659,0.0,2,0,2,Low Risk,Normal Monitoring,0
Spain,Male,44,573,0.0,2,0,2,Low Risk,Normal Monitoring,0
Germany,Female,35,778,151958.19,3,1,6,High Risk,Immediate Follow-up,1
France,Male,46,732,0.0,2,1,1,Low Risk,Normal Monitoring,0
Germany,Male,33,550,118400.91,1,1,3,Medium Risk,Contact Customer,1
Spain,Male,20,790,0.0,2,0,2,Low Risk,Normal Monitoring,0
Germany,Female,43,665,116322.27,4,0,8,High Risk,Immediate Follow-up,1
Spain,Female,43,728,0.0,1,1,0,Low Risk,Normal Monitoring,0
Spain,Female,29,645,0.0,2,1,0,Low Risk,Normal Monitoring,0
Germany,Male,30,647,143138.91,2,0,5,High Risk,Immediate Follow-up,0
Spain,Male,32,596,0.0,2,1,0,Low Risk,Normal Monitoring,0
France,Male,40,610,0.0,1,1,0,Low Risk,Normal Monitoring,0
France,Male,36,512,129804.17,1,0,3,Medium Risk,Contact Customer,0
Germany,Male,37,768,108308.11,1,0,5,High Risk,Immediate Follow-up,1
Germany,Male,30,666,110153.27,1,1,3,Medium Risk,Contact Customer,0
Germany,Female,30,700,116377.48,1,1,3,Medium Risk,Contact Customer,0
Germany,Female,37,651,117791.06,2,1,3,Medium Risk,Contact Customer,0
Spain,Female,26,542,0.0,2,1,0,Low Risk,Normal Monitoring,0
France,Female,35,686,105419.73,1,0,3,Medium Risk,Contact Customer,0
Germany,Female,47,850,99219.47,2,1,4,Medium Risk,Contact Customer,0
Germany,Female,55,658,119327.93,1,1,4,Medium Risk,Contact Customer,0
France,Female,36,448,83947.12,2,0,2,Low Risk,Normal Monitoring,0
Spain,Male,32,609,99883.16,1,1,1,Low Risk,Normal Monitoring,0
France,Male,50,704,165438.26,1,0,4,Medium Risk,Contact Customer,1
France,Male,31,698,156111.24,1,0,3,Medium Risk,Contact Customer,0
France,Male,44,759,111095.58,2,0,3,Medium Risk,Contact Customer,0
France,Female,56,677,119963.45,1,0,4,Medium Risk,Contact Customer,1
Spain,Male,22,544,0.0,2,0,2,Low Risk,Normal Monitoring,0
Spain,Male,35,567,153137.74,1,0,3,Medium Risk,Contact Customer,0
Spain,Male,40,490,156111.08,1,0,3,Medium Risk,Contact Customer,0
France,Male,34,626,113014.7,2,1,1,Low Risk,Normal Monitoring,0
Germany,Male,43,718,132615.73,2,0,5,High Risk,Immediate Follow-up,0
France,Male,44,616,102016.38,1,1,1,Low Risk,Normal Monitoring,1
France,Female,35,772,0.0,1,1,0,Low Risk,Normal Monitoring,0
France,Male,32,561,0.0,2,0,2,Low Risk,Normal Monitoring,0
France,Male,49,814,0.0,2,0,3,Medium Risk,Contact Customer,0
France,Female,56,651,0.0,1,0,3,Medium Risk,Contact Customer,1
Germany,Female,42,538,80380.24,1,0,4,Medium Risk,Contact Customer,0
France,Female,26,600,108909.12,1,0,3,Medium Risk,Contact Customer,0
France,Female,35,654,90865.8,1,1,1,Low Risk,Normal Monitoring,0
France,Male,40,622,99799.76,2,0,3,Medium Risk,Contact Customer,0
France,Male,28,682,200724.96,1,1,1,Low Risk,Normal Monitoring,1
Spain,Female,37,610,140363.95,2,1,1,Low Risk,Normal Monitoring,0
France,Female,36,795,151844.64,1,1,1,Low Risk,Normal Monitoring,0
France,Female,27,557,0.0,2,1,0,Low Risk,Normal Monitoring,0
Germany,Male,49,824,133231.48,1,1,4,Medium Risk,Contact Customer,0
France,Male,27,698,0.0,2,0,2,Low Risk,Normal Monitoring,0
France,Female,36,630,126598.99,2,1,1,Low Risk,Normal Monitoring,0
Germany,Female,71,609,113317.1,1,0,6,High Risk,Immediate Follow-up,1
France,Male,47,694,0.0,2,0,3,Medium Risk,Contact Customer,0
France,Female,58,681,93173.88,1,1,2,Low Risk,Normal Monitoring,0
Spain,Female,32,721,0.0,1,0,2,Low Risk,Normal Monitoring,1
Germany,Male,44,563,105007.31,2,1,3,Medium Risk,Contact Customer,0
Spain,Female,32,654,0.0,1,1,0,Low Risk,Normal Monitoring,1
Spain,Male,27,659,0.0,2,0,2,Low Risk,Normal Monitoring,0
Germany,Female,44,674,131593.85,1,1,3,Medium Risk,Contact Customer,1
Germany,Male,44,576,119530.52,1,0,5,High Risk,Immediate Follow-up,1
Germany,Male,54,566,118614.6,2,1,4,Medium Risk,Contact Customer,0
Germany,Male,37,545,95829.13,2,1,3,Medium Risk,Contact Customer,0
France,Male,36,798,0.0,2,1,0,Low Risk,Normal Monitoring,0
France,Male,38,757,0.0,1,0,2,Low Risk,Normal Monitoring,0
France,Male,50,641,153590.73,2,1,2,Low Risk,Normal Monitoring,0
France,Male,29,718,0.0,1,0,2,Low Risk,Normal Monitoring,0
France,Male,64,699,113109.52,1,0,4,Medium Risk,Contact Customer,1
France,Female,35,623,130557.24,1,1,1,Low Risk,Normal Monitoring,0
France,Male,40,644,93183.19,1,0,3,Medium Risk,Contact Customer,0
France,Male,58,586,151933.63,1,0,4,Medium Risk,Contact Customer,1
Germany,Male,30,500,125495.64,2,1,3,Medium Risk,Contact Customer,0
France,Female,42,583,0.0,2,0,2,Low Risk,Normal Monitoring,0
Germany,Female,26,595,118547.72,1,1,3,Medium Risk,Contact Customer,0
Spain,Male,43,670,97792.21,1,0,3,Medium Risk,Contact Customer,0
France,Male,41,610,0.0,3,0,5,High Risk,Immediate Follow-up,1
Spain,Female,72,814,0.0,2,1,1,Low Risk,Normal Monitoring,0
France,Female,40,660,167181.01,1,1,1,Low Risk,Normal Monitoring,0
Germany,Male,35,580,121355.19,1,1,3,Medium Risk,Contact Customer,0
France,Female,81,850,0.0,2,1,1,Low Risk,Normal Monitoring,0
Spain,Male,35,676,0.0,2,0,2,Low Risk,Normal Monitoring,0
France,Male,46,578,113226.47,1,0,4,Medium Risk,Contact Customer,0
France,Female,33,579,118392.75,1,1,1,Low Risk,Normal Monitoring,0
Germany,Female,52,711,145262.54,1,1,4,Medium Risk,Contact Customer,0
France,Male,40,692,163505.16,1,0,3,Medium Risk,Contact Customer,0
Spain,Female,33,760,118114.28,2,1,1,Low Risk,Normal Monitoring,0
Germany,Female,51,630,108449.23,3,0,9,High Risk,Immediate Follow-up,1
France,Male,32,808,0.0,2,1,0,Low Risk,Normal Monitoring,0
Germany,Female,36,611,103294.56,1,0,5,High Risk,Immediate Follow-up,0
France,Female,42,697,0.0,1,0,2,Low Risk,Normal Monitoring,1
France,Female,38,655,0.0,1,1,0,Low Risk,Normal Monitoring,0
Spain,Male,28,601,0.0,2,0,2,Low Risk,Normal Monitoring,0
France,Male,42,755,119919.12,1,0,3,Medium Risk,Contact Customer,0
France,Male,37,553,0.0,1,0,2,Low Risk,Normal Monitoring,0
France,Male,28,723,0.0,2,1,0,Low Risk,Normal Monitoring,0
Spain,Female,34,507,0.0,2,1,0,Low Risk,Normal Monitoring,0
France,Male,43,777,0.0,2,0,2,Low Risk,Normal Monitoring,0
France,Male,34,566,0.0,1,0,2,Low Risk,Normal Monitoring,0
France,Male,26,732,0.0,2,0,2,Low Risk,Normal Monitoring,0
France,Female,42,697,0.0,2,0,2,Low Risk,Normal Monitoring,0
France,Male,29,555,128744.04,1,1,1,Low Risk,Normal Monitoring,0
Germany,Female,62,584,137727.34,2,1,4,Medium Risk,Contact Customer,0
Germany,Female,44,705,106731.58,1,0,5,High Risk,Immediate Follow-up,1
France,Female,38,688,123544.21,1,1,1,Low Risk,Normal Monitoring,0
France,Female,37,626,133968.96,2,0,3,Medium Risk,Contact Customer,0
Spain,Male,76,636,126534.6,1,1,2,Low Risk,Normal Monitoring,0
Spain,Female,35,719,0.0,1,1,0,Low Risk,Normal Monitoring,0
Spain,Male,30,706,87609.68,2,0,2,Low Risk,Normal Monitoring,1
Spain,Male,41,731,0.0,2,0,2,Low Risk,Normal Monitoring,0
Spain,Male,49,738,0.0,3,1,4,Medium Risk,Contact Customer,1
France,Male,34,426,0.0,2,0,2,Low Risk,Normal Monitoring,0
Spain,Female,36,622,108960.0,2,0,3,Medium Risk,Contact Customer,1
Spain,Female,30,701,0.0,2,0,2,Low Risk,Normal Monitoring,0
France,Male,51,512,144953.31,1,1,2,Low Risk,Normal Monitoring,0
France,Male,41,635,103544.88,2,0,3,Medium Risk,Contact Customer,0
France,Male,33,685,0.0,1,0,2,Low Risk,Normal Monitoring,0
France,Male,53,609,0.0,2,1,1,Low Risk,Normal Monitoring,0
Germany,Male,38,598,101487.18,1,1,3,Medium Risk,Contact Customer,1
France,Male,52,708,105355.81,1,0,4,Medium Risk,Contact Customer,1
Spain,Male,36,574,77967.5,1,0,2,Low Risk,Normal Monitoring,1
France,Male,44,629,0.0,4,0,5,High Risk,Immediate Follow-up,1
Spain,Female,54,422,0.0,2,1,1,Low Risk,Normal Monitoring,0
Spain,Male,28,656,120047.77,1,1,1,Low Risk,Normal Monitoring,0
France,Male,32,697,175464.85,3,0,6,High Risk,Immediate Follow-up,1
France,Male,52,718,79475.3,3,1,4,Medium Risk,Contact Customer,1
Germany,Male,37,586,167735.69,2,1,3,Medium Risk,Contact Customer,0
Spain,Female,37,481,0.0,2,0,2,Low Risk,Normal Monitoring,0
France,Female,33,749,74385.98,1,0,2,Low Risk,Normal Monitoring,0
Germany,Male,49,561,94754.0,1,1,4,Medium Risk,Contact Customer,0
Spain,Male,27,676,0.0,1,1,0,Low Risk,Normal Monitoring,0
Germany,Male,43,615,86920.86,1,1,2,Low Risk,Normal Monitoring,0
France,Female,39,582,132077.48,2,0,3,Medium Risk,Contact Customer,0
France,Male,40,601,127847.86,1,0,3,Medium Risk,Contact Customer,0
France,Male,34,708,0.0,1,1,0,Low Risk,Normal Monitoring,1
Germany,Male,42,708,176702.36,2,1,3,Medium Risk,Contact Customer,0
Germany,Female,33,797,83555.58,1,0,4,Medium Risk,Contact Customer,0
France,Male,26,682,0.0,2,0,2,Low Risk,Normal Monitoring,0
Spain,Female,39,694,0.0,2,0,2,Low Risk,Normal Monitoring,0
France,Female,40,490,0.0,1,1,0,Low Risk,Normal Monitoring,1
Spain,Male,42,828,0.0,1,1,0,Low Risk,Normal Monitoring,0
Spain,Female,38,594,96858.35,1,0,3,Medium Risk,Contact Customer,0
Spain,Male,33,579,0.0,2,1,0,Low Risk,Normal Monitoring,0
France,Female,35,723,0.0,2,1,0,Low Risk,Normal Monitoring,0
Germany,Female,42,619,132796.04,3,1,6,High Risk,Immediate Follow-up,1
Spain,Female,30,794,154970.54,1,1,1,Low Risk,Normal Monitoring,0
Germany,Male,44,674,88902.21,1,0,4,Medium Risk,Contact Customer,0
France,Male,28,418,98738.92,1,0,3,Medium Risk,Contact Customer,0
France,Male,33,502,0.0,2,1,0,Low Risk,Normal Monitoring,0
France,Female,50,678,0.0,1,0,3,Medium Risk,Contact Customer,0
Germany,Male,40,599,137456.28,2,1,3,Medium Risk,Contact Customer,0
France,Male,29,736,0.0,2,0,2,Low Risk,Normal Monitoring,0
France,Female,60,430,73937.02,1,0,3,Medium Risk,Contact Customer,1
France,Female,45,537,158621.04,1,0,4,Medium Risk,Contact Customer,1
Spain,Male,30,683,113257.2,1,1,1,Low Risk,Normal Monitoring,0
France,Male,31,828,0.0,1,1,0,Low Risk,Normal Monitoring,0
France,Female,29,691,116536.43,1,0,3,Medium Risk,Contact Customer,0
Spain,Female,28,608,0.0,2,0,2,Low Risk,Normal Monitoring,1
France,Female,60,691,101070.69,1,0,4,Medium Risk,Contact Customer,1
Spain,Male,39,718,0.0,2,1,0,Low Risk,Normal Monitoring,0
Germany,Female,31,680,127331.46,3,1,6,High Risk,Immediate Follow-up,0
Spain,Female,41,838,0.0,2,0,2,Low Risk,Normal Monitoring,0
Spain,Female,31,695,0.0,2,1,0,Low Risk,Normal Monitoring,0
France,Male,46,681,105969.42,1,0,4,Medium Risk,Contact Customer,0
France,Male,36,762,119547.46,1,1,1,Low Risk,Normal Monitoring,0
Spain,Male,38,751,0.0,2,0,2,Low Risk,Normal Monitoring,0
Spain,Male,28,678,138668.18,1,1,1,Low Risk,Normal Monitoring,0
France,Female,37,634,51582.5,2,1,0,Low Risk,Normal Monitoring,0
France,Male,37,749,0.0,2,0,2,Low Risk,Normal Monitoring,0
Spain,Male,37,590,169902.92,1,1,1,Low Risk,Normal Monitoring,0
France,Female,27,610,87262.4,2,0,2,Low Risk,Normal Monitoring,0
France,Male,33,502,0.0,2,1,0,Low Risk,Normal Monitoring,0
France,Female,40,578,0.0,2,0,2,Low Risk,Normal Monitoring,0
France,Female,32,547,0.0,2,0,2,Low Risk,Normal Monitoring,0
France,Female,27,579,0.0,2,0,2,Low Risk,Normal Monitoring,0
France,Male,39,661,0.0,2,0,2,Low Risk,Normal Monitoring,0
France,Male,46,794,0.0,2,0,3,Medium Risk,Contact Customer,0
France,Male,61,719,0.0,2,1,1,Low Risk,Normal Monitoring,0
France,Female,69,728,0.0,2,1,1,Low Risk,Normal Monitoring,0
Germany,Male,19,598,150348.37,1,1,3,Medium Risk,Contact Customer,0
Germany,Female,46,822,115074.02,2,0,6,High Risk,Immediate Follow-up,0
Spain,Female,40,670,0.0,1,1,0,Low Risk,Normal Monitoring,0
France,Male,28,850,99986.98,1,0,3,Medium Risk,Contact Customer,0
Germany,Female,68,723,110357.0,1,0,6,High Risk,Immediate Follow-up,1
Germany,Male,42,705,166685.92,2,1,3,Medium Risk,Contact Customer,0
Spain,Male,40,677,95312.8,1,1,1,Low Risk,Normal Monitoring,0
France,Male,43,736,202443.47,1,0,3,Medium Risk,Contact Customer,0
Germany,Female,47,661,109493.62,1,0,6,High Risk,Immediate Follow-up,1
Germany,Male,38,501,88977.39,2,1,2,Low Risk,Normal Monitoring,0
France,Female,29,516,104982.57,1,0,3,Medium Risk,Contact Customer,0
Germany,Female,59,517,154110.99,2,0,6,High Risk,Immediate Follow-up,1
France,Male,32,766,185714.28,1,1,1,Low Risk,Normal Monitoring,0
Germany,Female,23,520,116022.53,2,1,3,Medium Risk,Contact Customer,0
France,Male,46,541,0.0,2,1,1,Low Risk,Normal Monitoring,0
Germany,Female,34,790,164011.48,1,0,5,High Risk,Immediate Follow-up,0
France,Male,31,797,0.0,2,1,0,Low Risk,Normal Monitoring,0
France,Male,40,811,101514.89,1,1,1,Low Risk,Normal Monitoring,0
Spain,Female,32,722,0.0,2,1,0,Low Risk,Normal Monitoring,0
France,Male,28,675,0.0,1,0,2,Low Risk,Normal Monitoring,0
Germany,Male,39,660,134599.33,2,0,5,High Risk,Immediate Follow-up,0
Spain,Male,32,566,147511.26,1,1,1,Low Risk,Normal Monitoring,0
France,Male,25,768,78396.08,1,1,0,Low Risk,Normal Monitoring,0
Spain,Female,31,610,0.0,2,0,2,Low Risk,Normal Monitoring,0
France,Female,31,715,110581.29,1,1,1,Low Risk,Normal Monitoring,0
Germany,Male,42,750,151836.36,2,0,5,High Risk,Immediate Follow-up,0
Germany,Male,45,431,83624.55,2,0,5,High Risk,Immediate Follow-up,0
France,Male,24,704,148197.15,2,0,3,Medium Risk,Contact Customer,0
Spain,Female,30,535,122924.75,1,0,3,Medium Risk,Contact Customer,1
France,Female,38,614,72594.0,1,1,0,Low Risk,Normal Monitoring,0
France,Male,38,748,115221.36,1,1,1,Low Risk,Normal Monitoring,0
Germany,Male,51,492,117808.74,2,1,4,Medium Risk,Contact Customer,0
France,Male,40,573,147754.68,1,1,1,Low Risk,Normal Monitoring,0
Spain,Female,53,706,0.0,3,0,6,High Risk,Immediate Follow-up,1
France,Male,31,680,113292.17,1,1,1,Low Risk,Normal Monitoring,0
Spain,Male,36,458,0.0,2,0,2,Low Risk,Normal Monitoring,0
Germany,Male,44,612,115163.38,1,1,3,Medium Risk,Contact Customer,1
Germany,Male,50,809,118098.62,1,1,4,Medium Risk,Contact Customer,1
France,Male,39,590,0.0,2,1,0,Low Risk,Normal Monitoring,0
France,Male,35,602,0.0,1,1,0,Low Risk,Normal Monitoring,0
Spain,Male,37,540,120825.7,1,0,3,Medium Risk,Contact Customer,0
France,Male,25,494,0.0,2,1,0,Low Risk,Normal Monitoring,0
France,Male,29,797,0.0,1,1,0,Low Risk,Normal Monitoring,0
Germany,Male,61,526,133845.28,2,1,4,Medium Risk,Contact Customer,0
Spain,Male,38,631,0.0,2,0,2,Low Risk,Normal Monitoring,0
France,Female,29,576,108541.04,1,1,1,Low Risk,Normal Monitoring,0
France,Male,39,405,0.0,1,0,2,Low Risk,Normal Monitoring,1
France,Male,30,555,0.0,2,0,2,Low Risk,Normal Monitoring,0
Spain,Female,37,750,113817.06,1,0,3,Medium Risk,Contact Customer,0
France,Male,28,665,137300.23,1,0,3,Medium Risk,Contact Customer,0
Spain,Male,37,640,158024.38,1,0,3,Medium Risk,Contact Customer,0
France,Female,33,457,127837.54,1,1,1,Low Risk,Normal Monitoring,0
France,Male,36,695,161533.0,1,0,3,Medium Risk,Contact Customer,0
France,Male,31,645,161171.7,2,0,3,Medium Risk,Contact Customer,1
Spain,Male,32,647,80958.36,1,1,0,Low Risk,Normal Monitoring,0
Spain,Male,25,808,0.0,2,1,0,Low Risk,Normal Monitoring,0
France,Male,33,641,146193.6,2,1,1,Low Risk,Normal Monitoring,1
Spain,Male,29,700,0.0,2,1,0,Low Risk,Normal Monitoring,0
Germany,Male,26,660,115021.76,1,1,3,Medium Risk,Contact Customer,0
Spain,Male,41,615,126773.43,1,1,1,Low Risk,Normal Monitoring,0
Germany,Female,40,705,92889.91,1,1,3,Medium Risk,Contact Customer,0
France,Male,48,718,0.0,2,1,1,Low Risk,Normal Monitoring,0
France,Male,61,754,146622.35,1,1,2,Low Risk,Normal Monitoring,1
Germany,Male,45,713,131038.14,1,0,6,High Risk,Immediate Follow-up,1
France,Female,46,587,88820.29,1,0,3,Medium Risk,Contact Customer,0
Spain,Male,31,569,115406.97,1,0,3,Medium Risk,Contact Customer,0
France,Female,38,568,132951.92,1,1,1,Low Risk,Normal Monitoring,0
Germany,Male,74,634,108891.7,1,0,6,High Risk,Immediate Follow-up,0
Germany,Female,46,770,141788.63,2,0,6,High Risk,Immediate Follow-up,0
Spain,Female,64,676,116954.32,1,1,2,Low Risk,Normal Monitoring,0
Germany,Female,47,723,90450.0,2,0,6,High Risk,Immediate Follow-up,1
Germany,Female,39,614,125997.22,1,1,3,Medium Risk,Contact Customer,1
Spain,Female,41,601,0.0,2,0,2,Low Risk,Normal Monitoring,0
France,Male,60,592,0.0,4,1,4,Medium Risk,Contact Customer,1
Spain,Female,36,605,0.0,2,1,0,Low Risk,Normal Monitoring,0
Spain,Female,31,752,144637.86,2,0,3,Medium Risk,Contact Customer,0
France,Female,29,677,86616.35,1,0,2,Low Risk,Normal Monitoring,1
France,Male,31,850,0.0,2,0,2,Low Risk,Normal Monitoring,0
Germany,Female,48,608,127924.25,2,0,6,High Risk,Immediate Follow-up,0
Spain,Female,34,786,0.0,2,0,2,Low Risk,Normal Monitoring,0
France,Female,29,777,131240.61,1,1,1,Low Risk,Normal Monitoring,1
Spain,Male,31,667,0.0,2,1,0,Low Risk,Normal Monitoring,0
Spain,Male,35,848,120046.74,2,0,3,Medium Risk,Contact Customer,0
France,Female,39,486,97819.36,1,1,1,Low Risk,Normal Monitoring,0
Spain,Female,64,598,62979.93,1,1,1,Low Risk,Normal Monitoring,0
France,Female,40,506,0.0,1,1,0,Low Risk,Normal Monitoring,0
Germany,Male,46,612,161450.03,1,1,4,Medium Risk,Contact Customer,1
France,Male,30,545,0.0,2,0,2,Low Risk,Normal Monitoring,0
France,Male,56,793,119496.25,2,0,4,Medium Risk,Contact Customer,0
France,Female,30,682,0.0,2,1,0,Low Risk,Normal Monitoring,0
France,Male,62,517,43772.66,3,0,6,High Risk,Immediate Follow-up,1
France,Male,32,684,100249.41,2,1,1,Low Risk,Normal Monitoring,0
Spain,Male,46,692,0.0,2,1,1,Low Risk,Normal Monitoring,0
France,Female,60,740,108028.08,2,0,4,Medium Risk,Contact Customer,1
Germany,Male,71,666,53013.29,2,1,3,Medium Risk,Contact Customer,0
France,Male,68,693,0.0,2,1,1,Low Risk,Normal Monitoring,0
Germany,Male,33,757,122088.67,1,0,5,High Risk,Immediate Follow-up,0
Germany,Male,18,684,90544.0,1,1,3,Medium Risk,Contact Customer,0
Spain,Male,35,691,0.0,2,1,0,Low Risk,Normal Monitoring,0
France,Male,44,842,141252.18,4,1,4,Medium Risk,Contact Customer,1
France,Female,35,482,147813.05,2,0,3,Medium Risk,Contact Customer,0
France,Male,55,735,134140.68,1,0,4,Medium Risk,Contact Customer,0
France,Female,63,681,0.0,2,1,1,Low Risk,Normal Monitoring,0
France,Female,31,616,0.0,1,1,0,Low Risk,Normal Monitoring,0
France,Female,35,850,128548.49,4,0,6,High Risk,Immediate Follow-up,1
France,Male,43,635,122198.21,2,1,1,Low Risk,Normal Monitoring,0
Germany,Male,42,638,145177.84,1,0,5,High Risk,Immediate Follow-up,1
Spain,Female,31,820,94222.53,1,0,3,Medium Risk,Contact Customer,0
Germany,Female,58,694,143212.22,1,0,6,High Risk,Immediate Follow-up,1
France,Male,41,713,0.0,2,0,2,Low Risk,Normal Monitoring,0
Germany,Male,41,543,143350.41,1,1,3,Medium Risk,Contact Customer,1
France,Female,41,649,130931.83,1,1,1,Low Risk,Normal Monitoring,0
France,Female,30,777,137851.31,1,0,3,Medium Risk,Contact Customer,1
France,Male,33,561,0.0,2,0,2,Low Risk,Normal Monitoring,0
Spain,Male,41,724,0.0,1,1,0,Low Risk,Normal Monitoring,0
Spain,Female,51,665,0.0,1,1,1,Low Risk,Normal Monitoring,1
France,Male,60,441,140614.15,1,1,2,Low Risk,Normal Monitoring,0
Spain,Male,22,579,118680.57,1,1,1,Low Risk,Normal Monitoring,0
Germany,Male,35,777,122917.69,1,1,3,Medium Risk,Contact Customer,0
France,Female,36,739,0.0,2,0,2,Low Risk,Normal Monitoring,0
France,Male,40,660,131754.11,2,1,1,Low Risk,Normal Monitoring,0
France,Female,35,554,0.0,2,1,0,Low Risk,Normal Monitoring,0
France,Female,24,850,0.0,2,1,0,Low Risk,Normal Monitoring,0
Germany,Female,35,842,119948.09,1,0,5,High Risk,Immediate Follow-up,1
France,Female,38,785,0.0,1,0,2,Low Risk,Normal Monitoring,1
France,Male,25,550,0.0,2,1,0,Low Risk,Normal Monitoring,0
Spain,Female,39,750,0.0,2,0,2,Low Risk,Normal Monitoring,0
Spain,Female,38,490,97266.1,1,1,1,Low Risk,Normal Monitoring,0
Germany,Male,28,605,113690.83,1,0,5,High Risk,Immediate Follow-up,0
Spain,Female,42,563,99056.22,2,0,3,Medium Risk,Contact Customer,1
France,Male,34,675,0.0,2,1,0,Low Risk,Normal Monitoring,0
Spain,Female,36,621,116338.68,1,1,1,Low Risk,Normal Monitoring,0
France,Male,40,850,97339.99,1,1,1,Low Risk,Normal Monitoring,0
France,Male,41,711,0.0,2,1,0,Low Risk,Normal Monitoring,0
Germany,Female,55,549,137592.31,2,1,4,Medium Risk,Contact Customer,1
Germany,Male,34,764,108760.27,2,0,5,High Risk,Immediate Follow-up,1
Germany,Male,30,627,128770.88,2,1,3,Medium Risk,Contact Customer,0
France,Female,34,850,0.0,2,0,2,Low Risk,Normal Monitoring,0
Spain,Female,36,614,44054.84,1,1,0,Low Risk,Normal Monitoring,0
Germany,Female,44,685,119657.53,1,0,5,High Risk,Immediate Follow-up,1
Germany,Female,49,683,108797.63,2,0,6,High Risk,Immediate Follow-up,0
Spain,Male,35,643,0.0,2,0,2,Low Risk,Normal Monitoring,0
Germany,Female,49,561,102025.32,1,0,6,High Risk,Immediate Follow-up,1
Spain,Female,20,601,122446.61,2,0,3,Medium Risk,Contact Customer,0
France,Female,27,766,158786.67,2,1,1,Low Risk,Normal Monitoring,0
France,Male,29,699,125689.29,1,1,1,Low Risk,Normal Monitoring,0
Germany,Male,29,850,154640.41,1,1,3,Medium Risk,Contact Customer,0
Germany,Female,50,792,146710.76,1,0,6,High Risk,Immediate Follow-up,1
Germany,Male,67,636,136709.35,1,1,4,Medium Risk,Contact Customer,1
Germany,Male,43,850,129305.09,2,1,3,Medium Risk,Contact Customer,0
Spain,Male,40,628,0.0,2,0,2,Low Risk,Normal Monitoring,0
France,Female,63,736,0.0,2,1,1,Low Risk,Normal Monitoring,0
France,Female,21,711,82844.33,2,1,0,Low Risk,Normal Monitoring,0
Spain,Female,22,583,0.0,2,1,0,Low Risk,Normal Monitoring,0
France,Male,46,757,0.0,2,0,3,Medium Risk,Contact Customer,0
Germany,Female,33,749,76692.22,1,1,2,Low Risk,Normal Monitoring,0
France,Male,34,705,117715.84,1,0,3,Medium Risk,Contact Customer,0
France,Male,54,585,87105.32,1,1,1,Low Risk,Normal Monitoring,0
France,Female,43,437,0.0,1,0,2,Low Risk,Normal Monitoring,1
France,Female,64,741,69311.16,1,1,1,Low Risk,Normal Monitoring,0
France,Male,26,738,0.0,2,1,0,Low Risk,Normal Monitoring,0
Spain,Female,33,586,66948.67,2,1,0,Low Risk,Normal Monitoring,0
France,Female,57,627,0.0,2,1,1,Low Risk,Normal Monitoring,0
Spain,Male,76,551,128410.71,2,1,2,Low Risk,Normal Monitoring,0
Germany,Male,38,606,99897.53,1,0,5,High Risk,Immediate Follow-up,0
France,Male,22,674,0.0,1,1,0,Low Risk,Normal Monitoring,0
Germany,Female,31,584,152622.34,1,0,5,High Risk,Immediate Follow-up,0
France,Male,40,590,0.0,2,0,2,Low Risk,Normal Monitoring,0
France,Male,56,585,138227.19,2,1,2,Low Risk,Normal Monitoring,0
France,Female,25,508,111395.53,1,1,1,Low Risk,Normal Monitoring,0
Germany,Male,44,458,84386.57,1,0,4,Medium Risk,Contact Customer,0
France,Female,36,692,0.0,2,1,0,Low Risk,Normal Monitoring,0
Germany,Male,33,502,174673.65,2,0,5,High Risk,Immediate Follow-up,0
France,Male,46,518,0.0,2,0,3,Medium Risk,Contact Customer,0
Germany,Male,46,660,109019.65,2,1,4,Medium Risk,Contact Customer,0
Germany,Female,52,698,107906.75,1,0,6,High Risk,Immediate Follow-up,1
France,Male,54,678,128914.97,1,0,4,Medium Risk,Contact Customer,1
Spain,Male,63,773,111179.83,1,1,2,Low Risk,Normal Monitoring,0
Germany,Female,52,619,124099.13,1,0,6,High Risk,Immediate Follow-up,0
Germany,Male,59,684,122471.09,1,1,4,Medium Risk,Contact Customer,0
France,Male,34,635,134692.4,2,1,1,Low Risk,Normal Monitoring,0
France,Female,25,680,123816.5,1,1,1,Low Risk,Normal Monitoring,0
Germany,Male,34,608,106288.54,1,1,3,Medium Risk,Contact Customer,0
Germany,Female,55,603,127723.25,2,0,6,High Risk,Immediate Follow-up,1
Spain,Male,43,579,145843.82,1,1,1,Low Risk,Normal Monitoring,1
Germany,Female,34,756,148200.72,1,0,5,High Risk,Immediate Follow-up,0
France,Male,30,611,104145.65,1,0,3,Medium Risk,Contact Customer,0
Germany,Male,24,532,142755.25,1,0,5,High Risk,Immediate Follow-up,0
Germany,Female,63,684,81245.79,1,0,5,High Risk,Immediate Follow-up,1
Germany,Female,33,647,168560.46,2,0,5,High Risk,Immediate Follow-up,0
France,Male,38,583,0.0,1,0,2,Low Risk,Normal Monitoring,0
Germany,Male,42,774,132193.94,2,1,3,Medium Risk,Contact Customer,0
France,Male,58,677,0.0,1,1,1,Low Risk,Normal Monitoring,0
Germany,Male,25,542,139330.1,1,0,5,High Risk,Immediate Follow-up,0
Spain,Male,29,613,0.0,2,1,0,Low Risk,Normal Monitoring,0
France,Male,40,666,0.0,2,0,2,Low Risk,Normal Monitoring,0
France,Female,28,777,134571.5,1,1,1,Low Risk,Normal Monitoring,0
Germany,Male,50,581,143829.2,2,0,6,High Risk,Immediate Follow-up,1
France,Male,32,705,0.0,2,0,2,Low Risk,Normal Monitoring,0
France,Female,44,673,133444.97,1,1,1,Low Risk,Normal Monitoring,0
Germany,Female,23,594,104753.84,2,0,5,High Risk,Immediate Follow-up,1
Germany,Female,51,648,116574.84,1,0,6,High Risk,Immediate Follow-up,1
France,Male,41,605,0.0,2,1,0,Low Risk,Normal Monitoring,0
France,Female,40,734,176914.8,1,1,1,Low Risk,Normal Monitoring,0
France,Female,36,572,68348.18,2,1,0,Low Risk,Normal Monitoring,0
France,Female,33,595,0.0,2,1,0,Low Risk,Normal Monitoring,0
France,Male,42,749,56726.83,2,1,0,Low Risk,Normal Monitoring,0
Spain,Male,46,573,65269.23,1,1,1,Low Risk,Normal Monitoring,1
Spain,Male,33,624,66220.17,1,1,0,Low Risk,Normal Monitoring,0
France,Male,56,703,0.0,1,0,3,Medium Risk,Contact Customer,1
France,Female,41,665,96147.55,1,0,3,Medium Risk,Contact Customer,0
France,Male,42,648,0.0,2,0,2,Low Risk,Normal Monitoring,0
Spain,Male,48,850,0.0,1,0,3,Medium Risk,Contact Customer,1
Germany,Female,32,569,145330.43,1,1,3,Medium Risk,Contact Customer,0
France,Female,21,566,0.0,2,1,0,Low Risk,Normal Monitoring,0
Germany,Female,47,537,124192.28,2,1,4,Medium Risk,Contact Customer,0
Germany,Female,46,706,111288.18,1,1,4,Medium Risk,Contact Customer,1
France,Male,43,734,107805.67,1,0,3,Medium Risk,Contact Customer,0
Germany,Female,36,586,103700.69,1,0,5,High Risk,Immediate Follow-up,1
France,Female,38,612,0.0,2,1,0,Low Risk,Normal Monitoring,0
France,Male,34,648,0.0,1,1,0,Low Risk,Normal Monitoring,0
France,Female,27,557,87739.08,1,1,0,Low Risk,Normal Monitoring,0
Spain,Female,20,643,133313.34,1,1,1,Low Risk,Normal Monitoring,0
France,Female,49,433,0.0,1,1,1,Low Risk,Normal Monitoring,0
Germany,Male,41,643,154902.66,1,1,3,Medium Risk,Contact Customer,0
France,Female,36,488,0.0,2,0,2,Low Risk,Normal Monitoring,0
Germany,Male,68,758,112595.85,1,0,6,High Risk,Immediate Follow-up,1
Germany,Male,39,743,119695.75,1,1,3,Medium Risk,Contact Customer,0
France,Female,47,730,0.0,1,0,3,Medium Risk,Contact Customer,1
Spain,Male,49,746,0.0,2,1,1,Low Risk,Normal Monitoring,0
Germany,Female,59,666,152614.51,2,1,4,Medium Risk,Contact Customer,0
Germany,Female,33,580,131647.01,2,0,5,High Risk,Immediate Follow-up,0
France,Male,27,850,96654.72,2,0,3,Medium Risk,Contact Customer,0
France,Male,22,563,137583.04,1,1,1,Low Risk,Normal Monitoring,0
Germany,Female,28,766,62717.84,2,1,2,Low Risk,Normal Monitoring,0
France,Male,32,659,95377.13,1,1,1,Low Risk,Normal Monitoring,0
Spain,Male,28,607,135936.1,2,1,1,Low Risk,Normal Monitoring,0
Germany,Male,35,644,161591.11,3,1,6,High Risk,Immediate Follow-up,0
France,Male,47,746,142382.03,1,1,2,Low Risk,Normal Monitoring,0
Spain,Male,33,588,0.0,2,1,0,Low Risk,Normal Monitoring,0
Spain,Male,30,691,0.0,2,1,0,Low Risk,Normal Monitoring,0
France,Female,38,666,127043.09,1,1,1,Low Risk,Normal Monitoring,0
Spain,Female,46,640,0.0,1,1,1,Low Risk,Normal Monitoring,0
Germany,Female,29,611,78885.88,2,1,2,Low Risk,Normal Monitoring,0
Spain,Female,45,651,95922.9,1,0,4,Medium Risk,Contact Customer,1
France,Female,29,529,0.0,2,0,2,Low Risk,Normal Monitoring,0
France,Female,36,676,91711.59,1,1,1,Low Risk,Normal Monitoring,0
Germany,Female,46,639,110031.09,2,1,4,Medium Risk,Contact Customer,0
France,Male,36,782,81210.72,2,1,0,Low Risk,Normal Monitoring,0
Germany,Male,32,641,122947.92,1,1,3,Medium Risk,Contact Customer,0
France,Female,38,697,182065.85,1,0,3,Medium Risk,Contact Customer,0
France,Male,45,623,0.0,1,0,3,Medium Risk,Contact Customer,1
Spain,Female,41,494,69974.66,2,0,2,Low Risk,Normal Monitoring,1
France,Female,38,731,123711.73,2,0,3,Medium Risk,Contact Customer,1
France,Male,44,657,76495.04,1,0,2,Low Risk,Normal Monitoring,0
France,Female,38,744,0.0,2,0,2,Low Risk,Normal Monitoring,0
Spain,Male,46,774,0.0,2,1,1,Low Risk,Normal Monitoring,0
Germany,Female,45,850,121874.89,1,0,6,High Risk,Immediate Follow-up,1
France,Female,45,551,0.0,2,1,1,Low Risk,Normal Monitoring,0
France,Male,36,638,188455.19,1,0,3,Medium Risk,Contact Customer,1
France,Female,42,792,99045.93,2,0,3,Medium Risk,Contact Customer,0
France,Female,36,666,0.0,1,1,0,Low Risk,Normal Monitoring,0
Germany,Female,30,716,205770.78,2,0,5,High Risk,Immediate Follow-up,0
France,Female,31,594,79340.95,1,0,2,Low Risk,Normal Monitoring,0
Germany,Male,57,600,138456.03,2,1,4,Medium Risk,Contact Customer,0
France,Male,49,565,0.0,2,1,1,Low Risk,Normal Monitoring,0
Germany,Male,48,678,101099.9,2,1,4,Medium Risk,Contact Customer,0
Spain,Female,31,648,0.0,2,1,0,Low Risk,Normal Monitoring,0
France,Male,40,642,109219.83,1,0,3,Medium Risk,Contact Customer,0
Germany,Male,67,706,123276.69,2,1,4,Medium Risk,Contact Customer,1
Spain,Male,43,668,113034.31,1,1,1,Low Risk,Normal Monitoring,0
Spain,Male,41,635,0.0,2,0,2,Low Risk,Normal Monitoring,0
Spain,Male,30,603,129548.5,2,1,1,Low Risk,Normal Monitoring,0
France,Female,72,635,74812.84,1,1,1,Low Risk,Normal Monitoring,0
France,Female,40,642,0.0,2,0,2,Low Risk,Normal Monitoring,0
Spain,Female,54,785,0.0,2,0,3,Medium Risk,Contact Customer,1
Germany,Female,28,628,153538.13,2,0,5,High Risk,Immediate Follow-up,0
France,Female,38,499,0.0,2,1,0,Low Risk,Normal Monitoring,0
Spain,Male,34,567,0.0,2,1,0,Low Risk,Normal Monitoring,0
Spain,Male,32,449,155619.36,1,1,1,Low Risk,Normal Monitoring,0
Spain,Male,35,701,159693.9,2,1,1,Low Risk,Normal Monitoring,0
Spain,Male,37,613,171653.17,1,1,1,Low Risk,Normal Monitoring,0
Germany,Female,39,683,47685.47,2,1,2,Low Risk,Normal Monitoring,0
France,Male,35,581,0.0,2,1,0,Low Risk,Normal Monitoring,0
France,Male,61,620,0.0,1,0,3,Medium Risk,Contact Customer,1
Spain,Male,28,561,123692.0,1,1,1,Low Risk,Normal Monitoring,0
Germany,Male,26,558,148853.29,2,1,3,Medium Risk,Contact Customer,0
France,Male,35,642,133161.95,1,1,1,Low Risk,Normal Monitoring,0
Germany,Male,24,805,143221.35,2,0,5,High Risk,Immediate Follow-up,0
France,Male,35,687,0.0,2,1,0,Low Risk,Normal Monitoring,0
Spain,Male,56,695,0.0,3,0,6,High Risk,Immediate Follow-up,1
France,Male,33,562,0.0,2,0,2,Low Risk,Normal Monitoring,0
Germany,Male,38,613,126265.88,2,0,5,High Risk,Immediate Follow-up,0
France,Male,37,589,0.0,1,0,2,Low Risk,Normal Monitoring,0
Spain,Male,31,593,112713.34,1,1,1,Low Risk,Normal Monitoring,0
France,Male,34,714,141173.03,1,1,1,Low Risk,Normal Monitoring,0
Spain,Female,35,588,0.0,2,1,0,Low Risk,Normal Monitoring,0
Spain,Male,39,679,0.0,2,0,2,Low Risk,Normal Monitoring,0
Spain,Male,38,730,118866.36,1,1,1,Low Risk,Normal Monitoring,0
France,Male,47,833,0.0,2,1,1,Low Risk,Normal Monitoring,0
Spain,Female,33,586,0.0,2,1,0,Low Risk,Normal Monitoring,0
Spain,Female,54,567,92316.31,2,0,4,Medium Risk,Contact Customer,1
Germany,Male,30,637,122185.53,1,0,5,High Risk,Immediate Follow-up,1
France,Male,38,711,123345.85,1,0,3,Medium Risk,Contact Customer,0
France,Male,30,828,73070.18,2,0,2,Low Risk,Normal Monitoring,0
Spain,Male,38,500,0.0,2,0,2,Low Risk,Normal Monitoring,0
France,Male,47,807,95120.59,1,0,4,Medium Risk,Contact Customer,0
France,Male,40,850,102800.65,1,0,3,Medium Risk,Contact Customer,0
France,Female,70,782,97072.42,1,1,2,Low Risk,Normal Monitoring,0
Spain,Male,31,629,132876.55,1,1,1,Low Risk,Normal Monitoring,0
Spain,Male,33,582,0.0,2,1,0,Low Risk,Normal Monitoring,0
France,Male,22,468,0.0,2,0,2,Low Risk,Normal Monitoring,0
France,Male,36,670,0.0,1,0,2,Low Risk,Normal Monitoring,1
France,Male,39,805,0.0,1,0,2,Low Risk,Normal Monitoring,0
France,Male,26,720,51962.91,2,0,2,Low Risk,Normal Monitoring,0
Spain,Female,29,781,98759.89,1,0,3,Medium Risk,Contact Customer,0
Germany,Male,33,592,156570.86,1,1,3,Medium Risk,Contact Customer,0
France,Female,42,542,0.0,1,1,0,Low Risk,Normal Monitoring,1
France,Male,42,532,159024.71,1,0,3,Medium Risk,Contact Customer,1
France,Female,39,520,73493.17,1,1,0,Low Risk,Normal Monitoring,1
France,Female,45,759,0.0,2,1,1,Low Risk,Normal Monitoring,0
France,Female,35,473,69617.36,1,0,2,Low Risk,Normal Monitoring,0
Spain,Female,35,639,136526.26,2,0,3,Medium Risk,Contact Customer,0
France,Male,25,705,113736.27,1,1,1,Low Risk,Normal Monitoring,0
France,Male,52,530,106723.28,1,0,4,Medium Risk,Contact Customer,1
Germany,Female,33,516,138847.9,1,1,3,Medium Risk,Contact Customer,0
France,Female,40,850,0.0,2,0,2,Low Risk,Normal Monitoring,0
Germany,Female,33,746,107868.14,2,1,3,Medium Risk,Contact Customer,0
Germany,Male,33,622,96926.12,2,0,5,High Risk,Immediate Follow-up,0
France,Male,30,743,77599.23,1,0,2,Low Risk,Normal Monitoring,0
Germany,Male,38,732,178787.54,1,1,3,Medium Risk,Contact Customer,0
France,Male,81,850,0.0,2,1,1,Low Risk,Normal Monitoring,0
Germany,Female,34,850,129668.43,2,1,3,Medium Risk,Contact Customer,0
France,Male,34,686,146178.13,2,1,1,Low Risk,Normal Monitoring,0
France,Female,40,556,0.0,2,0,2,Low Risk,Normal Monitoring,0
France,Male,37,673,0.0,2,0,2,Low Risk,Normal Monitoring,0
France,Female,38,809,154763.21,2,1,1,Low Risk,Normal Monitoring,0
Germany,Female,56,634,116251.24,1,1,4,Medium Risk,Contact Customer,1
France,Male,37,630,0.0,2,1,0,Low Risk,Normal Monitoring,0
Germany,Female,30,564,100954.88,2,0,5,High Risk,Immediate Follow-up,0
France,Female,51,625,124620.01,2,0,4,Medium Risk,Contact Customer,1
Spain,Female,34,677,0.0,2,1,0,Low Risk,Normal Monitoring,0
France,Male,40,583,112701.04,1,0,3,Medium Risk,Contact Customer,0
Spain,Male,45,592,84692.5,1,1,1,Low Risk,Normal Monitoring,0
Germany,Male,49,637,108204.52,1,0,6,High Risk,Immediate Follow-up,1
France,Male,30,850,86449.39,1,1,0,Low Risk,Normal Monitoring,0
Spain,Male,42,633,0.0,1,1,0,Low Risk,Normal Monitoring,0
Germany,Male,36,751,73194.99,1,1,2,Low Risk,Normal Monitoring,0
Germany,Male,31,592,124593.23,1,0,5,High Risk,Immediate Follow-up,0
Germany,Male,50,716,119655.77,1,1,4,Medium Risk,Contact Customer,1
Germany,Male,42,641,121765.37,2,1,3,Medium Risk,Contact Customer,0
France,Male,35,849,110837.73,1,0,3,Medium Risk,Contact Customer,0
Spain,Male,47,647,99835.17,1,1,2,Low Risk,Normal Monitoring,0
Germany,Female,30,608,91057.37,2,0,5,High Risk,Immediate Follow-up,0
France,Female,26,555,0.0,2,0,2,Low Risk,Normal Monitoring,0
Spain,Male,27,497,149400.27,1,0,3,Medium Risk,Contact Customer,0
Germany,Male,38,599,89111.63,1,0,4,Medium Risk,Contact Customer,0
Germany,Male,33,545,132527.9,2,1,3,Medium Risk,Contact Customer,0
France,Female,36,774,114997.42,1,0,3,Medium Risk,Contact Customer,0
France,Male,46,464,161798.53,1,0,4,Medium Risk,Contact Customer,0
Germany,Female,27,696,96129.32,2,1,3,Medium Risk,Contact Customer,0
Spain,Male,45,667,0.0,2,0,3,Medium Risk,Contact Customer,0
France,Male,32,812,133050.97,2,0,3,Medium Risk,Contact Customer,0
France,Male,51,516,120124.35,2,1,2,Low Risk,Normal Monitoring,0
France,Male,39,645,0.0,2,0,2,Low Risk,Normal Monitoring,0
Spain,Male,32,664,133705.74,1,0,3,Medium Risk,Contact Customer,0
Spain,Female,39,427,0.0,2,0,2,Low Risk,Normal Monitoring,0
France,Female,40,685,0.0,2,0,2,Low Risk,Normal Monitoring,0
France,Female,33,585,152805.05,1,0,3,Medium Risk,Contact Customer,0
Germany,Female,21,519,151701.45,3,1,6,High Risk,Immediate Follow-up,1
France,Female,67,708,0.0,2,1,1,Low Risk,Normal Monitoring,0
France,Female,22,717,112465.06,1,1,1,Low Risk,Normal Monitoring,0
Germany,Male,24,465,156007.09,1,0,5,High Risk,Immediate Follow-up,0
Germany,Male,28,829,132405.52,3,0,8,High Risk,Immediate Follow-up,1
France,Male,26,826,142662.68,1,0,3,Medium Risk,Contact Customer,0
Germany,Male,36,747,102603.3,2,1,3,Medium Risk,Contact Customer,0
Spain,Male,32,707,0.0,2,0,2,Low Risk,Normal Monitoring,0
Spain,Male,37,590,0.0,2,0,2,Low Risk,Normal Monitoring,0
Spain,Male,57,603,105000.85,2,1,2,Low Risk,Normal Monitoring,1
France,Male,45,615,0.0,2,1,1,Low Risk,Normal Monitoring,0
France,Female,36,634,69518.95,1,0,2,Low Risk,Normal Monitoring,0
Germany,Male,41,716,126145.54,2,1,3,Medium Risk,Contact Customer,0
France,Male,41,647,138937.35,1,1,1,Low Risk,Normal Monitoring,1
Germany,Female,44,591,113581.98,1,0,5,High Risk,Immediate Follow-up,0
France,Male,34,574,112572.39,1,0,3,Medium Risk,Contact Customer,0
Germany,Male,51,467,114514.71,2,0,6,High Risk,Immediate Follow-up,1
France,Female,35,701,0.0,2,1,0,Low Risk,Normal Monitoring,0
France,Female,34,747,0.0,2,1,0,Low Risk,Normal Monitoring,0
France,Male,32,650,84906.45,1,0,2,Low Risk,Normal Monitoring,0
Spain,Female,39,731,126816.18,1,1,1,Low Risk,Normal Monitoring,0
Germany,Female,26,638,105249.76,2,1,3,Medium Risk,Contact Customer,0
Spain,Male,41,569,0.0,2,0,2,Low Risk,Normal Monitoring,0
Germany,Male,50,459,109387.9,1,0,6,High Risk,Immediate Follow-up,0
Germany,Male,23,632,122478.51,1,0,5,High Risk,Immediate Follow-up,1
France,Female,73,683,137732.23,2,1,2,Low Risk,Normal Monitoring,0
France,Female,46,850,157866.77,1,1,2,Low Risk,Normal Monitoring,0
France,Female,41,512,0.0,1,1,0,Low Risk,Normal Monitoring,0
France,Female,31,616,136789.14,1,0,3,Medium Risk,Contact Customer,1
France,Male,36,664,0.0,2,1,0,Low Risk,Normal Monitoring,0
France,Male,30,694,144684.03,1,1,1,Low Risk,Normal Monitoring,0
France,Male,24,655,107065.31,1,1,1,Low Risk,Normal Monitoring,0
France,Female,33,607,91301.72,1,1,1,Low Risk,Normal Monitoring,0
Spain,Male,39,684,207034.96,2,0,3,Medium Risk,Contact Customer,1
Spain,Male,37,763,0.0,2,1,0,Low Risk,Normal Monitoring,0
Spain,Male,50,671,0.0,1,1,1,Low Risk,Normal Monitoring,0
Spain,Male,38,592,0.0,1,1,0,Low Risk,Normal Monitoring,1
Spain,Female,36,666,0.0,2,0,2,Low Risk,Normal Monitoring,0
France,Male,34,667,0.0,2,1,0,Low Risk,Normal Monitoring,0
Spain,Male,36,850,0.0,2,1,0,Low Risk,Normal Monitoring,0
Spain,Male,42,622,0.0,2,0,2,Low Risk,Normal Monitoring,0
France,Female,30,577,92472.1,2,1,1,Low Risk,Normal Monitoring,0
Spain,Male,21,555,0.0,2,0,2,Low Risk,Normal Monitoring,0
France,Male,62,547,127738.75,2,1,2,Low Risk,Normal Monitoring,0
Germany,Female,50,613,101242.98,2,0,6,High Risk,Immediate Follow-up,0
France,Female,43,672,92599.55,2,1,1,Low Risk,Normal Monitoring,0
Spain,Female,36,624,0.0,2,1,0,Low Risk,Normal Monitoring,0
Spain,Female,50,698,0.0,4,0,6,High Risk,Immediate Follow-up,1
France,Male,37,606,82373.94,1,0,2,Low Risk,Normal Monitoring,1
Spain,Male,31,720,141356.47,1,0,3,Medium Risk,Contact Customer,0
France,Male,23,835,0.0,1,0,2,Low Risk,Normal Monitoring,1
Spain,Female,47,771,72664.0,2,1,1,Low Risk,Normal Monitoring,0
France,Female,47,811,123365.34,2,0,4,Medium Risk,Contact Customer,0
Germany,Male,33,734,121898.58,1,0,5,High Risk,Immediate Follow-up,0
Spain,Male,33,548,0.0,1,1,0,Low Risk,Normal Monitoring,0
France,Female,31,652,103696.97,3,0,6,High Risk,Immediate Follow-up,1
France,Male,33,707,0.0,2,0,2,Low Risk,Normal Monitoring,0
Germany,Female,56,605,74129.18,2,1,3,Medium Risk,Contact Customer,1
France,Female,34,623,0.0,1,0,2,Low Risk,Normal Monitoring,0
Germany,Male,29,686,185379.02,1,0,5,High Risk,Immediate Follow-up,0
Germany,Female,47,525,118087.68,1,0,6,High Risk,Immediate Follow-up,1
Spain,Male,41,657,109402.13,1,1,1,Low Risk,Normal Monitoring,0
Germany,Female,33,730,130367.87,1,0,5,High Risk,Immediate Follow-up,1
Germany,Female,34,816,108410.87,2,0,5,High Risk,Immediate Follow-up,0
France,Female,50,484,90408.16,2,0,4,Medium Risk,Contact Customer,0
France,Female,34,728,90425.15,2,1,1,Low Risk,Normal Monitoring,0
Spain,Female,39,730,140094.59,1,0,3,Medium Risk,Contact Customer,1
Spain,Male,31,477,0.0,2,1,0,Low Risk,Normal Monitoring,0
Germany,Female,46,663,95439.4,1,1,4,Medium Risk,Contact Customer,1
Germany,Male,34,549,204017.4,2,0,5,High Risk,Immediate Follow-up,0
Spain,Male,29,714,0.0,2,0,2,Low Risk,Normal Monitoring,0
Germany,Male,49,430,137115.16,1,0,6,High Risk,Immediate Follow-up,1
Germany,Male,43,504,134740.19,2,0,5,High Risk,Immediate Follow-up,0
France,Female,29,530,0.0,2,0,2,Low Risk,Normal Monitoring,0
Germany,Male,29,619,98955.87,1,1,3,Medium Risk,Contact Customer,0
Germany,Male,44,617,49157.09,2,0,4,Medium Risk,Contact Customer,0
Germany,Male,31,791,130240.33,1,0,5,High Risk,Immediate Follow-up,0
France,Male,48,609,108019.27,3,1,5,High Risk,Immediate Follow-up,1
Germany,Male,51,780,126725.25,1,0,6,High Risk,Immediate Follow-up,1
Germany,Female,34,777,96693.66,1,1,3,Medium Risk,Contact Customer,0
Germany,Female,27,817,129810.6,1,1,3,Medium Risk,Contact Customer,0
France,Male,58,850,156652.13,1,0,4,Medium Risk,Contact Customer,1
France,Female,36,732,0.0,1,0,2,Low Risk,Normal Monitoring,1
France,Male,40,693,130661.96,1,1,1,Low Risk,Normal Monitoring,0
France,Female,50,576,0.0,2,1,1,Low Risk,Normal Monitoring,0
France,Male,37,643,0.0,2,0,2,Low Risk,Normal Monitoring,0
France,Male,47,757,130747.1,1,0,4,Medium Risk,Contact Customer,0
Germany,Male,30,569,106629.49,1,1,3,Medium Risk,Contact Customer,0
Spain,Male,36,772,112029.83,1,1,1,Low Risk,Normal Monitoring,0
Germany,Male,29,576,130575.26,1,1,3,Medium Risk,Contact Customer,0
Germany,Male,28,608,96679.71,1,1,3,Medium Risk,Contact Customer,0
France,Male,33,794,0.0,2,0,2,Low Risk,Normal Monitoring,0
France,Male,50,593,171740.69,1,0,4,Medium Risk,Contact Customer,0
Spain,Male,38,597,0.0,2,0,2,Low Risk,Normal Monitoring,0
Germany,Female,39,541,100116.67,1,1,3,Medium Risk,Contact Customer,1
Germany,Male,24,692,120596.93,1,1,3,Medium Risk,Contact Customer,0
France,Female,48,697,0.0,2,1,1,Low Risk,Normal Monitoring,0
France,Male,29,768,95984.69,2,1,1,Low Risk,Normal Monitoring,0
France,Male,38,802,142557.11,1,1,1,Low Risk,Normal Monitoring,0
France,Male,47,584,0.0,2,0,3,Medium Risk,Contact Customer,0
Spain,Male,66,614,0.0,2,1,1,Low Risk,Normal Monitoring,0
Germany,Female,36,850,143644.16,1,0,5,High Risk,Immediate Follow-up,1
France,Female,38,671,132129.72,1,1,1,Low Risk,Normal Monitoring,0
France,Female,52,626,0.0,2,0,3,Medium Risk,Contact Customer,1
France,Female,68,770,183555.24,1,0,4,Medium Risk,Contact Customer,1
France,Male,38,633,91902.56,2,1,1,Low Risk,Normal Monitoring,0
France,Male,40,663,156218.19,1,1,1,Low Risk,Normal Monitoring,0
Germany,Female,43,581,93259.57,3,0,8,High Risk,Immediate Follow-up,1
Germany,Female,45,561,168085.38,2,1,4,Medium Risk,Contact Customer,0
Germany,Male,51,479,107714.74,3,0,9,High Risk,Immediate Follow-up,1
France,Female,31,769,117852.26,2,0,3,Medium Risk,Contact Customer,0
Spain,Male,60,659,0.0,1,0,3,Medium Risk,Contact Customer,1
Spain,Female,51,590,84474.62,2,1,1,Low Risk,Normal Monitoring,0
France,Male,50,560,0.0,2,0,3,Medium Risk,Contact Customer,0
Germany,Male,35,437,126803.34,2,1,3,Medium Risk,Contact Customer,0
France,Female,34,661,0.0,2,0,2,Low Risk,Normal Monitoring,0
Germany,Female,36,677,68806.84,1,0,4,Medium Risk,Contact Customer,0
France,Female,31,560,115141.18,1,0,3,Medium Risk,Contact Customer,0
France,Female,35,578,0.0,2,1,0,Low Risk,Normal Monitoring,0
Spain,Male,34,421,90723.36,1,1,1,Low Risk,Normal Monitoring,0
Germany,Female,49,492,151249.45,2,1,4,Medium Risk,Contact Customer,0
France,Female,32,545,0.0,2,1,0,Low Risk,Normal Monitoring,0
Germany,Female,43,640,94752.49,1,0,5,High Risk,Immediate Follow-up,1
Spain,Female,34,624,0.0,1,0,2,Low Risk,Normal Monitoring,1
Spain,Male,28,577,0.0,1,0,2,Low Risk,Normal Monitoring,0
France,Male,31,704,132084.66,3,1,4,Medium Risk,Contact Customer,1
France,Male,45,523,0.0,2,1,1,Low Risk,Normal Monitoring,0
France,Male,35,793,0.0,2,1,0,Low Risk,Normal Monitoring,0
France,Female,53,564,45472.28,1,1,1,Low Risk,Normal Monitoring,1
France,Male,33,711,0.0,1,0,2,Low Risk,Normal Monitoring,0
Germany,Female,33,791,130229.71,2,0,5,High Risk,Immediate Follow-up,1
Germany,Female,38,629,123948.85,1,0,5,High Risk,Immediate Follow-up,0
Germany,Male,39,729,127415.85,1,1,3,Medium Risk,Contact Customer,1
Germany,Male,35,651,110067.71,1,0,5,High Risk,Immediate Follow-up,1
Spain,Male,39,695,65521.2,1,1,0,Low Risk,Normal Monitoring,0
Spain,Male,31,847,0.0,2,1,0,Low Risk,Normal Monitoring,0
France,Male,47,704,0.0,2,1,1,Low Risk,Normal Monitoring,0
Germany,Male,33,613,155736.42,2,1,3,Medium Risk,Contact Customer,0
Spain,Female,29,692,0.0,2,0,2,Low Risk,Normal Monitoring,0
France,Female,34,720,118307.57,2,1,1,Low Risk,Normal Monitoring,0
France,Male,41,577,0.0,1,1,0,Low Risk,Normal Monitoring,0
Germany,Female,24,710,103099.17,2,0,5,High Risk,Immediate Follow-up,0
France,Female,38,716,0.0,2,1,0,Low Risk,Normal Monitoring,0
France,Male,33,410,125789.69,1,0,3,Medium Risk,Contact Customer,1
Germany,Female,36,584,109646.83,1,1,3,Medium Risk,Contact Customer,0
France,Male,30,792,127187.86,1,1,1,Low Risk,Normal Monitoring,0
France,Female,36,605,0.0,1,1,0,Low Risk,Normal Monitoring,0
Spain,Male,24,486,0.0,1,0,2,Low Risk,Normal Monitoring,0
France,Male,41,615,130385.82,1,1,1,Low Risk,Normal Monitoring,0
France,Male,23,676,107787.47,1,1,1,Low Risk,Normal Monitoring,0
France,Male,34,571,99325.04,2,1,1,Low Risk,Normal Monitoring,0
France,Female,37,850,0.0,1,0,2,Low Risk,Normal Monitoring,0
France,Male,48,717,123764.95,1,1,2,Low Risk,Normal Monitoring,0
Germany,Female,39,642,128264.03,1,0,5,High Risk,Immediate Follow-up,1
Spain,Male,47,780,86006.21,1,1,1,Low Risk,Normal Monitoring,0
Germany,Female,38,492,57068.43,2,0,4,Medium Risk,Contact Customer,0
Germany,Male,29,760,103607.24,2,1,3,Medium Risk,Contact Customer,0
Spain,Male,40,500,99004.24,1,1,1,Low Risk,Normal Monitoring,0
Spain,Female,36,654,0.0,2,1,0,Low Risk,Normal Monitoring,0
Spain,Female,25,606,147386.72,3,0,6,High Risk,Immediate Follow-up,1
Spain,Male,42,367,93608.28,1,0,3,Medium Risk,Contact Customer,1
Spain,Male,38,799,0.0,2,1,0,Low Risk,Normal Monitoring,0
Germany,Male,71,434,119496.87,1,0,6,High Risk,Immediate Follow-up,0
Spain,Female,32,719,0.0,1,0,2,Low Risk,Normal Monitoring,0
France,Female,37,641,0.0,2,0,2,Low Risk,Normal Monitoring,0
Spain,Female,25,461,0.0,2,1,0,Low Risk,Normal Monitoring,0
Germany,Female,25,790,152885.77,1,0,5,High Risk,Immediate Follow-up,0
France,Male,31,588,99607.37,2,1,1,Low Risk,Normal Monitoring,0
France,Male,27,621,137003.68,1,0,3,Medium Risk,Contact Customer,0
Germany,Male,48,768,122831.58,1,1,4,Medium Risk,Contact Customer,1
Spain,Male,38,681,99811.44,2,0,3,Medium Risk,Contact Customer,0
Spain,Male,37,606,154712.58,2,0,3,Medium Risk,Contact Customer,0
Spain,Male,37,542,0.0,1,1,0,Low Risk,Normal Monitoring,0
Germany,Female,24,713,147687.24,1,1,3,Medium Risk,Contact Customer,0
Spain,Female,33,597,0.0,2,1,0,Low Risk,Normal Monitoring,0
France,Male,27,635,127009.83,1,0,3,Medium Risk,Contact Customer,0
Germany,Male,61,599,124737.96,1,1,4,Medium Risk,Contact Customer,1
Spain,Female,44,496,179356.28,2,0,3,Medium Risk,Contact Customer,1
Spain,Male,31,759,0.0,2,1,0,Low Risk,Normal Monitoring,0
Germany,Male,31,757,127320.36,3,0,8,High Risk,Immediate Follow-up,0
Spain,Male,31,564,125175.58,1,1,1,Low Risk,Normal Monitoring,0
France,Female,22,561,186788.96,2,0,3,Medium Risk,Contact Customer,0
France,Male,40,702,148556.74,1,1,1,Low Risk,Normal Monitoring,0
Germany,Female,40,678,128644.46,1,0,5,High Risk,Immediate Follow-up,0
France,Female,46,707,127476.73,2,1,2,Low Risk,Normal Monitoring,0
France,Female,27,610,159561.93,1,1,1,Low Risk,Normal Monitoring,0
France,Male,42,744,112419.92,1,1,1,Low Risk,Normal Monitoring,0
France,Male,28,598,129991.76,2,1,1,Low Risk,Normal Monitoring,0
Spain,Male,36,562,0.0,1,1,0,Low Risk,Normal Monitoring,0
Spain,Female,59,621,0.0,2,1,1,Low Risk,Normal Monitoring,0
France,Female,50,659,0.0,1,0,3,Medium Risk,Contact Customer,1
Germany,Female,40,722,89175.06,2,1,2,Low Risk,Normal Monitoring,0
France,Female,39,606,0.0,2,0,2,Low Risk,Normal Monitoring,1
Spain,Female,39,603,162390.52,2,0,3,Medium Risk,Contact Customer,0
Germany,Female,59,506,190353.08,1,0,6,High Risk,Immediate Follow-up,0
France,Male,21,715,0.0,2,0,2,Low Risk,Normal Monitoring,0
France,Male,47,690,0.0,2,0,3,Medium Risk,Contact Customer,0
France,Female,40,644,139180.97,1,1,1,Low Risk,Normal Monitoring,0
France,Male,36,589,114435.47,1,0,3,Medium Risk,Contact Customer,0
France,Female,66,592,149950.19,1,1,2,Low Risk,Normal Monitoring,0
France,Male,42,632,126115.6,1,0,3,Medium Risk,Contact Customer,0
Germany,Female,59,577,111396.97,1,1,4,Medium Risk,Contact Customer,0
France,Male,30,588,115007.08,1,0,3,Medium Risk,Contact Customer,0
France,Male,54,617,102141.9,1,1,2,Low Risk,Normal Monitoring,0
Spain,Female,36,668,133686.52,1,0,3,Medium Risk,Contact Customer,1
France,Male,32,810,120879.73,2,1,1,Low Risk,Normal Monitoring,0
Spain,Male,47,767,0.0,1,0,3,Medium Risk,Contact Customer,1
Spain,Female,49,718,82321.88,1,1,1,Low Risk,Normal Monitoring,0
Spain,Female,27,589,0.0,2,0,2,Low Risk,Normal Monitoring,0
Spain,Male,33,778,116474.28,2,1,1,Low Risk,Normal Monitoring,0
France,Female,34,724,132352.69,1,0,3,Medium Risk,Contact Customer,0
Germany,Female,39,477,182491.57,1,0,5,High Risk,Immediate Follow-up,0
France,Male,34,580,0.0,2,1,0,Low Risk,Normal Monitoring,0
Spain,Male,63,566,120787.18,2,1,2,Low Risk,Normal Monitoring,0
France,Female,29,711,130181.47,2,0,3,Medium Risk,Contact Customer,0
Germany,Male,32,706,88348.43,2,1,2,Low Risk,Normal Monitoring,0
Spain,Male,31,703,0.0,2,1,0,Low Risk,Normal Monitoring,0
Germany,Male,39,679,146186.28,2,1,3,Medium Risk,Contact Customer,0
France,Male,32,603,0.0,1,0,2,Low Risk,Normal Monitoring,1
Spain,Male,34,598,104488.17,1,1,1,Low Risk,Normal Monitoring,0
Germany,Female,32,836,109196.67,2,0,5,High Risk,Immediate Follow-up,0
France,Female,61,687,80538.56,1,0,3,Medium Risk,Contact Customer,1
Germany,Male,41,704,109026.8,2,1,3,Medium Risk,Contact Customer,0
Germany,Male,75,605,61319.63,1,1,3,Medium Risk,Contact Customer,0
France,Female,40,516,0.0,2,1,0,Low Risk,Normal Monitoring,0
France,Female,39,572,0.0,2,1,0,Low Risk,Normal Monitoring,0
France,Male,42,557,177822.03,1,0,3,Medium Risk,Contact Customer,1
Germany,Male,59,443,110939.3,1,0,6,High Risk,Immediate Follow-up,1
Germany,Male,25,604,165413.43,1,1,3,Medium Risk,Contact Customer,0
France,Male,27,483,77805.66,1,1,0,Low Risk,Normal Monitoring,0
France,Male,50,702,0.0,2,0,3,Medium Risk,Contact Customer,0
Spain,Female,57,670,175575.95,2,0,4,Medium Risk,Contact Customer,1
Spain,Female,38,804,124197.22,1,0,3,Medium Risk,Contact Customer,0
France,Female,30,850,0.0,2,0,2,Low Risk,Normal Monitoring,0
France,Female,39,554,160132.75,1,0,3,Medium Risk,Contact Customer,0
Germany,Female,37,588,70258.88,2,0,4,Medium Risk,Contact Customer,0
Germany,Male,32,758,162657.64,2,1,3,Medium Risk,Contact Customer,0
Germany,Male,43,787,132217.45,1,0,5,High Risk,Immediate Follow-up,1
Spain,Male,25,582,148042.97,2,0,3,Medium Risk,Contact Customer,0
Spain,Female,33,633,92855.02,1,1,1,Low Risk,Normal Monitoring,0
Germany,Male,47,766,129289.98,1,0,6,High Risk,Immediate Follow-up,1
Spain,Male,37,564,100252.18,1,1,1,Low Risk,Normal Monitoring,0
Spain,Male,37,602,107592.89,2,1,1,Low Risk,Normal Monitoring,0
France,Male,39,649,113096.41,1,1,1,Low Risk,Normal Monitoring,0
Spain,Female,40,679,0.0,2,1,0,Low Risk,Normal Monitoring,0
Spain,Male,34,639,149940.04,2,0,3,Medium Risk,Contact Customer,0
Germany,Male,50,790,121438.58,1,1,4,Medium Risk,Contact Customer,1
France,Male,32,565,0.0,2,0,2,Low Risk,Normal Monitoring,0
France,Female,50,478,0.0,1,1,1,Low Risk,Normal Monitoring,1
France,Male,29,825,148874.01,2,1,1,Low Risk,Normal Monitoring,0
Spain,Female,32,528,68138.37,1,1,0,Low Risk,Normal Monitoring,0
Spain,Male,35,577,110080.3,1,1,1,Low Risk,Normal Monitoring,0
France,Male,24,663,0.0,2,1,0,Low Risk,Normal Monitoring,0
Germany,Female,25,505,114268.85,2,1,3,Medium Risk,Contact Customer,0
Germany,Male,29,633,117412.35,1,0,5,High Risk,Immediate Follow-up,0
France,Female,38,586,0.0,2,1,0,Low Risk,Normal Monitoring,0
France,Female,35,850,0.0,2,0,2,Low Risk,Normal Monitoring,0
Germany,Female,37,629,35549.81,2,0,4,Medium Risk,Contact Customer,0
France,Male,56,744,0.0,2,1,1,Low Risk,Normal Monitoring,0
France,Male,36,750,136492.92,3,1,4,Medium Risk,Contact Customer,1
Germany,Male,28,637,123675.69,1,1,3,Medium Risk,Contact Customer,0
France,Female,40,575,139532.34,1,0,3,Medium Risk,Contact Customer,0
Spain,Male,58,671,178713.98,1,1,2,Low Risk,Normal Monitoring,0
France,Male,40,571,0.0,2,0,2,Low Risk,Normal Monitoring,0
France,Male,41,590,89086.31,1,0,2,Low Risk,Normal Monitoring,0
Spain,Male,38,619,96143.47,1,0,3,Medium Risk,Contact Customer,0
Germany,Female,30,640,32197.64,1,1,2,Low Risk,Normal Monitoring,0
France,Male,38,670,0.0,2,1,0,Low Risk,Normal Monitoring,0
France,Female,33,737,0.0,2,0,2,Low Risk,Normal Monitoring,0
Spain,Male,32,555,0.0,2,1,0,Low Risk,Normal Monitoring,0
France,Male,33,742,0.0,2,0,2,Low Risk,Normal Monitoring,0
Germany,Female,40,618,140306.38,1,0,5,High Risk,Immediate Follow-up,1
France,Female,35,560,0.0,2,0,2,Low Risk,Normal Monitoring,0
France,Male,38,654,0.0,2,0,2,Low Risk,Normal Monitoring,0
Germany,Female,42,787,74483.97,2,1,2,Low Risk,Normal Monitoring,0
France,Female,53,611,0.0,2,1,1,Low Risk,Normal Monitoring,1
Spain,Male,34,559,0.0,1,0,2,Low Risk,Normal Monitoring,0
France,Male,37,481,152303.66,2,1,1,Low Risk,Normal Monitoring,0
Germany,Male,32,753,159904.79,1,0,5,High Risk,Immediate Follow-up,0
France,Male,32,675,0.0,3,0,5,High Risk,Immediate Follow-up,0
Germany,Female,31,748,99557.94,1,0,5,High Risk,Immediate Follow-up,0
Spain,Female,46,610,116886.59,1,0,4,Medium Risk,Contact Customer,0
Spain,Male,32,580,142188.2,2,1,1,Low Risk,Normal Monitoring,0
Germany,Female,40,624,149961.99,2,0,5,High Risk,Immediate Follow-up,0
France,Female,36,709,0.0,2,1,0,Low Risk,Normal Monitoring,0
France,Female,34,605,0.0,1,0,2,Low Risk,Normal Monitoring,0
Spain,Male,53,706,0.0,2,1,1,Low Risk,Normal Monitoring,0
Spain,Male,40,567,28649.64,1,1,0,Low Risk,Normal Monitoring,0
France,Female,21,747,81025.6,2,0,2,Low Risk,Normal Monitoring,0
France,Male,57,664,0.0,2,1,1,Low Risk,Normal Monitoring,0
France,Female,39,711,152462.79,1,0,3,Medium Risk,Contact Customer,0
France,Male,25,609,0.0,1,1,0,Low Risk,Normal Monitoring,0
Spain,Male,28,632,155519.59,1,0,3,Medium Risk,Contact Customer,0
France,Female,36,725,118851.05,1,1,1,Low Risk,Normal Monitoring,0
France,Female,34,850,92899.27,2,0,3,Medium Risk,Contact Customer,0
France,Male,40,682,0.0,1,1,0,Low Risk,Normal Monitoring,0
France,Male,37,797,75263.7,1,0,2,Low Risk,Normal Monitoring,0
Spain,Male,38,668,147904.31,1,1,1,Low Risk,Normal Monitoring,0
Germany,Female,41,783,106640.5,1,0,5,High Risk,Immediate Follow-up,0
Germany,Female,28,766,90696.78,1,1,3,Medium Risk,Contact Customer,0
Spain,Female,36,704,175509.8,2,0,3,Medium Risk,Contact Customer,0
France,Male,40,722,0.0,2,1,0,Low Risk,Normal Monitoring,0
France,Female,34,692,0.0,2,0,2,Low Risk,Normal Monitoring,0
France,Female,35,584,114321.28,2,0,3,Medium Risk,Contact Customer,0
Germany,Female,51,644,95560.04,1,0,6,High Risk,Immediate Follow-up,1
Germany,Female,50,598,88379.81,3,1,6,High Risk,Immediate Follow-up,1
Germany,Male,48,733,85915.52,1,1,3,Medium Risk,Contact Customer,0
Germany,Male,58,615,72309.3,1,1,3,Medium Risk,Contact Customer,1
France,Female,39,850,0.0,2,0,2,Low Risk,Normal Monitoring,0
France,Male,43,521,0.0,1,1,0,Low Risk,Normal Monitoring,0
France,Male,69,675,0.0,2,0,3,Medium Risk,Contact Customer,0
France,Male,58,746,0.0,3,1,4,Medium Risk,Contact Customer,1
France,Female,33,770,0.0,1,0,2,Low Risk,Normal Monitoring,1
France,Male,30,618,133844.22,1,1,1,Low Risk,Normal Monitoring,0
France,Male,36,556,154872.08,2,1,1,Low Risk,Normal Monitoring,0
France,Female,27,749,0.0,2,0,2,Low Risk,Normal Monitoring,0
Spain,Male,43,702,116121.67,1,0,3,Medium Risk,Contact Customer,0
Germany,Male,42,555,107104.5,1,1,3,Medium Risk,Contact Customer,1
France,Male,47,587,71026.77,1,0,3,Medium Risk,Contact Customer,0
France,Male,38,639,0.0,1,0,2,Low Risk,Normal Monitoring,0
France,Male,33,643,0.0,2,1,0,Low Risk,Normal Monitoring,0
France,Female,41,600,0.0,2,1,0,Low Risk,Normal Monitoring,0
France,Male,53,651,0.0,2,1,1,Low Risk,Normal Monitoring,0
France,Female,27,666,0.0,2,0,2,Low Risk,Normal Monitoring,0
France,Female,39,520,145644.05,1,0,3,Medium Risk,Contact Customer,0
Spain,Female,50,650,129667.77,1,0,4,Medium Risk,Contact Customer,0
Germany,Male,33,564,109341.87,1,0,5,High Risk,Immediate Follow-up,0
France,Male,64,586,0.0,2,1,1,Low Risk,Normal Monitoring,0
France,Female,35,617,0.0,2,1,0,Low Risk,Normal Monitoring,0
Spain,Female,30,712,0.0,2,0,2,Low Risk,Normal Monitoring,0
France,Male,55,654,87485.67,1,1,1,Low Risk,Normal Monitoring,0
France,Male,27,605,0.0,2,0,2,Low Risk,Normal Monitoring,0
France,Female,36,491,53369.13,1,1,0,Low Risk,Normal Monitoring,0
France,Female,35,707,0.0,2,1,0,Low Risk,Normal Monitoring,0
Spain,Male,34,638,146679.77,1,0,3,Medium Risk,Contact Customer,0
France,Male,43,683,112499.42,2,0,3,Medium Risk,Contact Customer,0
Spain,Female,38,815,48387.0,1,0,2,Low Risk,Normal Monitoring,0
Spain,Male,38,645,68079.8,1,1,0,Low Risk,Normal Monitoring,0
Germany,Male,49,645,160133.88,1,1,4,Medium Risk,Contact Customer,0
France,Male,30,683,66190.33,1,1,0,Low Risk,Normal Monitoring,0
France,Female,37,705,0.0,2,1,0,Low Risk,Normal Monitoring,1
France,Male,35,647,123761.68,1,0,3,Medium Risk,Contact Customer,0
Germany,Female,33,786,122325.58,1,0,5,High Risk,Immediate Follow-up,1
France,Male,41,534,0.0,2,0,2,Low Risk,Normal Monitoring,0
Spain,Female,42,602,138912.17,1,1,1,Low Risk,Normal Monitoring,0
France,Female,42,695,0.0,2,1,0,Low Risk,Normal Monitoring,0
Germany,Female,25,553,128524.19,2,0,5,High Risk,Immediate Follow-up,0
Spain,Female,31,516,0.0,2,0,2,Low Risk,Normal Monitoring,0
France,Female,34,655,0.0,2,0,2,Low Risk,Normal Monitoring,0
Germany,Female,49,849,132934.89,1,0,6,High Risk,Immediate Follow-up,1
Germany,Male,43,520,150805.17,3,1,6,High Risk,Immediate Follow-up,1
Spain,Female,46,568,0.0,2,1,1,Low Risk,Normal Monitoring,0
Spain,Male,32,695,0.0,3,1,3,Medium Risk,Contact Customer,0
Spain,Female,28,807,165969.26,3,0,6,High Risk,Immediate Follow-up,1
Germany,Female,36,642,124495.98,3,1,6,High Risk,Immediate Follow-up,1
Germany,Male,39,703,141559.5,1,1,3,Medium Risk,Contact Customer,1
France,Male,38,556,114756.14,1,0,3,Medium Risk,Contact Customer,0
France,Female,30,585,0.0,2,1,0,Low Risk,Normal Monitoring,0
Germany,Female,49,587,155393.98,2,0,6,High Risk,Immediate Follow-up,1
Spain,Female,32,524,0.0,1,1,0,Low Risk,Normal Monitoring,1
Germany,Female,31,556,128663.81,2,0,5,High Risk,Immediate Follow-up,0
Spain,Male,44,504,113522.64,1,1,1,Low Risk,Normal Monitoring,0
Spain,Female,26,731,0.0,2,0,2,Low Risk,Normal Monitoring,0
France,Male,34,651,0.0,2,1,0,Low Risk,Normal Monitoring,0
Spain,Female,40,675,79035.95,1,0,2,Low Risk,Normal Monitoring,1
Spain,Female,22,657,0.0,3,1,3,Medium Risk,Contact Customer,1
Germany,Male,33,686,141918.09,2,1,3,Medium Risk,Contact Customer,0
France,Female,35,690,107944.33,2,0,3,Medium Risk,Contact Customer,0
France,Male,36,567,0.0,2,1,0,Low Risk,Normal Monitoring,0
Germany,Male,57,557,120043.13,1,0,6,High Risk,Immediate Follow-up,1
Spain,Female,45,446,125191.69,1,1,2,Low Risk,Normal Monitoring,1
France,Male,31,850,96399.31,2,0,3,Medium Risk,Contact Customer,0
France,Male,41,637,0.0,2,1,0,Low Risk,Normal Monitoring,0
France,Male,60,499,76961.6,2,1,1,Low Risk,Normal Monitoring,0
Germany,Female,34,622,98675.74,1,0,5,High Risk,Immediate Follow-up,1
Germany,Male,37,684,126817.13,2,1,3,Medium Risk,Contact Customer,1
France,Male,32,612,121394.42,1,0,3,Medium Risk,Contact Customer,0
Germany,Female,29,813,106059.4,1,0,5,High Risk,Immediate Follow-up,1
Germany,Male,44,850,112755.34,2,0,5,High Risk,Immediate Follow-up,0
Spain,Male,29,795,0.0,2,0,2,Low Risk,Normal Monitoring,0
Spain,Female,55,628,0.0,3,0,6,High Risk,Immediate Follow-up,1
Germany,Female,38,565,145400.69,2,1,3,Medium Risk,Contact Customer,0
France,Male,39,601,72647.64,1,0,2,Low Risk,Normal Monitoring,1
Spain,Male,40,802,0.0,2,1,0,Low Risk,Normal Monitoring,0
Germany,Female,37,614,96340.81,2,1,3,Medium Risk,Contact Customer,1
Spain,Male,55,434,0.0,1,1,1,Low Risk,Normal Monitoring,1
Germany,Male,32,522,124450.36,2,1,3,Medium Risk,Contact Customer,0
Germany,Male,36,550,113877.23,2,0,5,High Risk,Immediate Follow-up,0
Spain,Male,25,599,0.0,2,1,0,Low Risk,Normal Monitoring,0
France,Female,36,493,148667.81,2,0,3,Medium Risk,Contact Customer,0
France,Male,34,755,0.0,2,1,0,Low Risk,Normal Monitoring,0
France,Female,62,605,111065.93,2,1,2,Low Risk,Normal Monitoring,0
France,Male,41,708,0.0,1,0,2,Low Risk,Normal Monitoring,0
France,Male,44,699,158697.61,1,0,3,Medium Risk,Contact Customer,0
France,Female,53,763,0.0,1,0,3,Medium Risk,Contact Customer,1
Spain,Male,25,743,0.0,2,0,2,Low Risk,Normal Monitoring,0
France,Female,48,660,90044.32,2,1,2,Low Risk,Normal Monitoring,1
Germany,Male,38,619,84651.79,1,1,2,Low Risk,Normal Monitoring,0
Germany,Male,32,739,102128.27,1,0,5,High Risk,Immediate Follow-up,1
Germany,Male,60,769,148846.39,1,0,6,High Risk,Immediate Follow-up,1
France,Male,69,692,154953.94,1,1,2,Low Risk,Normal Monitoring,0
France,Female,30,560,108883.29,1,0,3,Medium Risk,Contact Customer,0
France,Female,48,607,112070.86,3,0,7,High Risk,Immediate Follow-up,1
Germany,Male,29,630,131354.39,1,1,3,Medium Risk,Contact Customer,1
Germany,Female,45,767,132746.2,2,0,6,High Risk,Immediate Follow-up,1
France,Female,34,543,0.0,2,1,0,Low Risk,Normal Monitoring,0
France,Male,39,776,125211.55,2,0,3,Medium Risk,Contact Customer,0
Spain,Male,58,535,0.0,2,1,1,Low Risk,Normal Monitoring,1
Germany,Male,36,549,139422.37,1,0,5,High Risk,Immediate Follow-up,1
France,Female,28,844,0.0,2,1,0,Low Risk,Normal Monitoring,0
Germany,Female,47,586,157099.47,2,1,4,Medium Risk,Contact Customer,0
France,Male,40,583,0.0,2,0,2,Low Risk,Normal Monitoring,0
Spain,Male,26,701,83600.24,1,1,0,Low Risk,Normal Monitoring,0
France,Male,28,726,0.0,1,0,2,Low Risk,Normal Monitoring,0
Germany,Male,36,829,81795.74,2,0,4,Medium Risk,Contact Customer,0
Spain,Male,38,749,129378.32,1,1,1,Low Risk,Normal Monitoring,0
France,Female,46,743,0.0,1,0,3,Medium Risk,Contact Customer,0
Spain,Female,56,619,0.0,2,1,1,Low Risk,Normal Monitoring,0
France,Male,22,699,99339.0,1,0,3,Medium Risk,Contact Customer,1
Spain,Male,36,749,0.0,2,0,2,Low Risk,Normal Monitoring,0
Germany,Female,29,600,74430.1,2,1,2,Low Risk,Normal Monitoring,0
Spain,Male,38,760,91241.85,1,1,1,Low Risk,Normal Monitoring,0
Germany,Male,32,528,99092.45,1,1,3,Medium Risk,Contact Customer,0
France,Female,26,630,0.0,2,0,2,Low Risk,Normal Monitoring,0
Germany,Female,39,683,100062.16,2,0,5,High Risk,Immediate Follow-up,0
Germany,Female,26,677,98723.67,1,1,3,Medium Risk,Contact Customer,0
Spain,Male,29,669,0.0,1,1,0,Low Risk,Normal Monitoring,0
France,Male,43,693,128760.32,1,0,3,Medium Risk,Contact Customer,0
Spain,Female,52,612,144772.69,1,0,4,Medium Risk,Contact Customer,1
Spain,Male,44,719,0.0,1,0,2,Low Risk,Normal Monitoring,1
France,Male,26,702,71281.29,1,1,0,Low Risk,Normal Monitoring,1
France,Male,29,755,117035.89,1,1,1,Low Risk,Normal Monitoring,0
France,Male,26,514,0.0,2,0,2,Low Risk,Normal Monitoring,0
France,Female,40,753,3768.69,2,0,2,Low Risk,Normal Monitoring,1
Germany,Female,36,548,108913.84,2,1,3,Medium Risk,Contact Customer,0
Germany,Male,28,850,101100.22,2,1,3,Medium Risk,Contact Customer,0
France,Female,38,612,110615.47,1,1,1,Low Risk,Normal Monitoring,0
Germany,Male,33,628,152143.89,1,1,3,Medium Risk,Contact Customer,0
France,Male,47,479,121797.09,1,1,2,Low Risk,Normal Monitoring,1
France,Female,41,724,109798.25,1,1,1,Low Risk,Normal Monitoring,0
Germany,Male,41,512,122403.24,1,1,3,Medium Risk,Contact Customer,1
France,Female,43,638,145860.98,1,1,1,Low Risk,Normal Monitoring,1
Spain,Male,40,834,0.0,2,0,2,Low Risk,Normal Monitoring,0
France,Male,29,781,0.0,2,0,2,Low Risk,Normal Monitoring,0
Germany,Female,48,707,105086.74,1,1,4,Medium Risk,Contact Customer,1
France,Male,22,670,114991.45,1,1,1,Low Risk,Normal Monitoring,0
Spain,Female,33,663,96769.04,1,1,1,Low Risk,Normal Monitoring,0
France,Female,23,624,0.0,2,0,2,Low Risk,Normal Monitoring,0
France,Female,34,598,0.0,2,0,2,Low Risk,Normal Monitoring,0
Germany,Male,23,619,132725.1,1,1,3,Medium Risk,Contact Customer,0
France,Female,70,792,0.0,2,1,1,Low Risk,Normal Monitoring,0
France,Female,26,683,0.0,2,0,2,Low Risk,Normal Monitoring,0
France,Female,33,691,0.0,2,0,2,Low Risk,Normal Monitoring,0
Spain,Female,33,765,84557.82,1,1,0,Low Risk,Normal Monitoring,0
France,Male,49,508,93817.41,2,1,2,Low Risk,Normal Monitoring,1
France,Female,33,637,113913.53,1,1,1,Low Risk,Normal Monitoring,0
Germany,Female,44,667,140406.68,2,1,3,Medium Risk,Contact Customer,0
Spain,Female,22,575,105229.34,1,1,1,Low Risk,Normal Monitoring,0
Spain,Female,46,744,0.0,3,1,4,Medium Risk,Contact Customer,1
France,Female,41,567,137891.35,1,0,3,Medium Risk,Contact Customer,1
France,Female,35,502,0.0,2,1,0,Low Risk,Normal Monitoring,0
France,Female,53,609,0.0,2,1,1,Low Risk,Normal Monitoring,0
France,Male,37,715,165252.52,1,0,3,Medium Risk,Contact Customer,0
France,Male,32,541,0.0,2,0,2,Low Risk,Normal Monitoring,0
France,Female,71,850,0.0,2,1,1,Low Risk,Normal Monitoring,0
Spain,Male,23,595,0.0,2,1,0,Low Risk,Normal Monitoring,0
Germany,Female,28,650,122034.4,3,1,6,High Risk,Immediate Follow-up,1
France,Female,44,625,0.0,1,0,2,Low Risk,Normal Monitoring,0
France,Male,59,817,118962.58,1,1,2,Low Risk,Normal Monitoring,0
Spain,Male,49,526,0.0,1,0,3,Medium Risk,Contact Customer,1
France,Female,34,850,71379.53,2,1,0,Low Risk,Normal Monitoring,0
France,Female,40,598,171178.25,1,0,3,Medium Risk,Contact Customer,1
France,Male,36,613,131307.11,1,0,3,Medium Risk,Contact Customer,0
Spain,Male,62,709,0.0,2,1,1,Low Risk,Normal Monitoring,0
Spain,Female,27,678,87099.85,2,0,2,Low Risk,Normal Monitoring,0
France,Male,71,720,183135.39,2,1,2,Low Risk,Normal Monitoring,0
France,Male,26,662,0.0,2,1,0,Low Risk,Normal Monitoring,0
France,Male,51,525,0.0,3,0,6,High Risk,Immediate Follow-up,1
France,Male,31,662,0.0,2,1,0,Low Risk,Normal Monitoring,0
France,Female,33,770,0.0,2,1,0,Low Risk,Normal Monitoring,0
Spain,Female,33,721,72535.45,1,1,0,Low Risk,Normal Monitoring,0
Germany,Male,58,633,128137.42,2,0,6,High Risk,Immediate Follow-up,1
France,Male,51,701,0.0,2,0,3,Medium Risk,Contact Customer,0
Germany,Male,42,556,115915.53,2,1,3,Medium Risk,Contact Customer,1
France,Male,66,639,0.0,2,1,1,Low Risk,Normal Monitoring,0
France,Male,50,632,0.0,2,0,3,Medium Risk,Contact Customer,0
France,Male,29,456,107000.49,1,1,1,Low Risk,Normal Monitoring,0
Spain,Female,38,729,0.0,2,0,2,Low Risk,Normal Monitoring,0
France,Female,34,632,0.0,2,0,2,Low Risk,Normal Monitoring,0
Spain,Male,34,433,152806.74,1,0,3,Medium Risk,Contact Customer,0
France,Female,60,802,92887.06,1,0,4,Medium Risk,Contact Customer,1
France,Male,25,670,0.0,2,1,0,Low Risk,Normal Monitoring,0
Germany,Female,40,738,114940.67,2,1,3,Medium Risk,Contact Customer,1
Germany,Male,34,706,140641.26,2,1,3,Medium Risk,Contact Customer,0
Germany,Female,70,592,71816.74,2,0,5,High Risk,Immediate Follow-up,1
France,Female,41,522,0.0,2,1,0,Low Risk,Normal Monitoring,0
France,Male,48,746,165282.42,1,0,4,Medium Risk,Contact Customer,1
Spain,Male,42,651,143145.87,2,0,3,Medium Risk,Contact Customer,0
France,Male,28,494,114731.76,2,1,1,Low Risk,Normal Monitoring,0
Germany,Female,46,753,113909.69,3,0,9,High Risk,Immediate Follow-up,1
Germany,Male,36,671,116695.27,1,0,5,High Risk,Immediate Follow-up,0
France,Male,42,696,0.0,1,0,2,Low Risk,Normal Monitoring,1
Spain,Male,43,577,0.0,2,1,0,Low Risk,Normal Monitoring,0
France,Male,36,587,0.0,2,1,0,Low Risk,Normal Monitoring,0
Germany,Male,37,712,93978.96,2,0,5,High Risk,Immediate Follow-up,0
Germany,Male,35,498,121968.11,2,1,3,Medium Risk,Contact Customer,0
France,Male,37,660,97324.91,1,0,3,Medium Risk,Contact Customer,0
Spain,Male,29,678,0.0,2,0,2,Low Risk,Normal Monitoring,0
France,Male,37,530,0.0,2,1,0,Low Risk,Normal Monitoring,0
France,Female,48,559,0.0,2,1,1,Low Risk,Normal Monitoring,0
France,Male,42,624,145155.37,1,0,3,Medium Risk,Contact Customer,1
France,Male,28,592,137222.77,1,0,3,Medium Risk,Contact Customer,0
France,Male,48,767,0.0,2,1,1,Low Risk,Normal Monitoring,0
Germany,Female,38,653,114268.22,2,1,3,Medium Risk,Contact Customer,0
Spain,Male,27,678,0.0,2,1,0,Low Risk,Normal Monitoring,0
Spain,Female,42,586,0.0,1,0,2,Low Risk,Normal Monitoring,0
France,Female,40,550,150490.32,1,0,3,Medium Risk,Contact Customer,1
Germany,Male,28,643,160858.13,2,0,5,High Risk,Immediate Follow-up,0
Spain,Male,39,612,170288.38,1,1,1,Low Risk,Normal Monitoring,0
Germany,Female,27,674,111568.01,1,1,3,Medium Risk,Contact Customer,0
Spain,Male,29,657,83889.03,1,0,2,Low Risk,Normal Monitoring,0
Germany,Female,35,724,171982.95,2,1,3,Medium Risk,Contact Customer,0
France,Female,34,500,0.0,2,0,2,Low Risk,Normal Monitoring,0
France,Male,20,688,137624.4,2,1,1,Low Risk,Normal Monitoring,0
France,Male,50,599,121159.65,1,0,4,Medium Risk,Contact Customer,1
France,Male,29,631,0.0,2,1,0,Low Risk,Normal Monitoring,0
Spain,Male,52,634,0.0,2,1,1,Low Risk,Normal Monitoring,0
France,Male,37,545,91184.01,1,0,3,Medium Risk,Contact Customer,0
Spain,Male,18,644,0.0,2,0,2,Low Risk,Normal Monitoring,0
Germany,Female,54,690,144027.8,1,1,4,Medium Risk,Contact Customer,1
France,Female,34,711,0.0,2,1,0,Low Risk,Normal Monitoring,0
France,Female,29,712,140170.61,1,1,1,Low Risk,Normal Monitoring,0
France,Male,27,627,62092.9,1,1,0,Low Risk,Normal Monitoring,0
Spain,Male,39,694,0.0,1,1,0,Low Risk,Normal Monitoring,0
Spain,Male,35,534,0.0,2,0,2,Low Risk,Normal Monitoring,0
France,Male,45,603,0.0,1,0,3,Medium Risk,Contact Customer,0
France,Female,33,808,103516.87,1,0,3,Medium Risk,Contact Customer,0
Spain,Male,30,723,0.0,3,0,5,High Risk,Immediate Follow-up,1
France,Female,35,585,0.0,2,0,2,Low Risk,Normal Monitoring,1
France,Male,34,706,0.0,2,1,0,Low Risk,Normal Monitoring,0
France,Female,31,671,0.0,2,1,0,Low Risk,Normal Monitoring,0
Spain,Male,43,597,85162.26,1,1,0,Low Risk,Normal Monitoring,1
France,Female,43,646,143061.88,1,0,3,Medium Risk,Contact Customer,0
Spain,Female,46,801,0.0,2,1,1,Low Risk,Normal Monitoring,0
Spain,Female,33,731,137388.01,2,0,3,Medium Risk,Contact Customer,0
Germany,Female,25,620,137712.01,1,1,3,Medium Risk,Contact Customer,0
Germany,Male,40,484,106901.42,2,0,5,High Risk,Immediate Follow-up,0
Spain,Male,47,647,105603.21,2,1,2,Low Risk,Normal Monitoring,0
Germany,Female,40,688,150679.71,2,1,3,Medium Risk,Contact Customer,0
Germany,Male,30,680,108300.27,2,1,3,Medium Risk,Contact Customer,1
France,Female,46,689,52016.08,2,1,1,Low Risk,Normal Monitoring,0
Germany,Male,34,513,60515.13,1,0,4,Medium Risk,Contact Customer,0
Germany,Male,35,553,158584.28,2,0,5,High Risk,Immediate Follow-up,0
Germany,Male,47,689,118812.5,2,0,6,High Risk,Immediate Follow-up,0
Spain,Male,46,517,0.0,1,0,3,Medium Risk,Contact Customer,0
France,Male,37,731,0.0,2,1,0,Low Risk,Normal Monitoring,0
Germany,Female,47,687,91219.29,1,0,6,High Risk,Immediate Follow-up,1
Spain,Male,32,507,0.0,2,0,2,Low Risk,Normal Monitoring,0
France,Female,22,468,76318.64,1,1,0,Low Risk,Normal Monitoring,0
Spain,Female,58,682,0.0,1,0,3,Medium Risk,Contact Customer,0
France,Female,24,603,0.0,1,1,0,Low Risk,Normal Monitoring,1
Germany,Male,25,522,111432.13,1,1,3,Medium Risk,Contact Customer,0
Spain,Male,41,629,150148.51,1,0,3,Medium Risk,Contact Customer,0
France,Female,32,729,38550.06,1,1,0,Low Risk,Normal Monitoring,0
France,Female,39,574,119013.86,1,0,3,Medium Risk,Contact Customer,0
Germany,Female,39,677,111213.64,2,1,3,Medium Risk,Contact Customer,0
Germany,Male,28,627,71097.23,1,1,2,Low Risk,Normal Monitoring,0
Spain,Male,36,788,109632.85,1,1,1,Low Risk,Normal Monitoring,0
France,Male,63,697,148368.02,1,0,4,Medium Risk,Contact Customer,1
France,Male,45,578,148600.91,1,0,4,Medium Risk,Contact Customer,1
France,Male,48,519,71083.98,1,0,3,Medium Risk,Contact Customer,0
France,Female,40,632,139625.34,1,0,3,Medium Risk,Contact Customer,1
France,Female,39,679,0.0,1,0,2,Low Risk,Normal Monitoring,1
France,Male,30,699,0.0,1,1,0,Low Risk,Normal Monitoring,0
France,Male,64,615,81564.1,2,1,1,Low Risk,Normal Monitoring,0
Spain,Male,36,622,0.0,2,1,0,Low Risk,Normal Monitoring,0
France,Female,28,755,124540.28,1,1,1,Low Risk,Normal Monitoring,0
France,Female,42,767,133616.39,1,0,3,Medium Risk,Contact Customer,0
Germany,Female,38,752,101648.5,2,0,5,High Risk,Immediate Follow-up,0
France,Female,26,633,124281.84,1,1,1,Low Risk,Normal Monitoring,0
France,Female,59,717,0.0,2,1,1,Low Risk,Normal Monitoring,0
Spain,Male,45,585,0.0,2,0,3,Medium Risk,Contact Customer,0
France,Female,37,751,183613.66,2,0,3,Medium Risk,Contact Customer,0
Germany,Male,65,754,136186.44,1,1,4,Medium Risk,Contact Customer,1
France,Male,47,495,137682.68,1,0,4,Medium Risk,Contact Customer,0
France,Male,34,650,106005.54,1,1,1,Low Risk,Normal Monitoring,0
France,Female,31,529,152310.55,1,0,3,Medium Risk,Contact Customer,0
France,Female,43,585,0.0,2,0,2,Low Risk,Normal Monitoring,0
Spain,Male,32,668,134446.04,1,1,1,Low Risk,Normal Monitoring,0
France,Female,38,591,142289.28,1,1,1,Low Risk,Normal Monitoring,0
France,Male,19,731,0.0,2,1,0,Low Risk,Normal Monitoring,0
France,Female,45,754,0.0,1,0,3,Medium Risk,Contact Customer,1
Germany,Female,46,650,149003.76,2,0,6,High Risk,Immediate Follow-up,0
Germany,Male,41,588,131341.46,2,1,3,Medium Risk,Contact Customer,0
Spain,Female,29,712,77919.78,1,0,2,Low Risk,Normal Monitoring,0
France,Female,34,691,0.0,2,1,0,Low Risk,Normal Monitoring,0
France,Female,41,771,108309.0,4,1,4,Medium Risk,Contact Customer,1
Spain,Female,39,678,0.0,1,1,0,Low Risk,Normal Monitoring,0
Spain,Female,40,719,0.0,2,0,2,Low Risk,Normal Monitoring,0
Germany,Male,36,610,115462.02,1,1,3,Medium Risk,Contact Customer,0
Spain,Male,37,722,0.0,2,0,2,Low Risk,Normal Monitoring,0
Germany,Female,23,758,122739.1,1,0,5,High Risk,Immediate Follow-up,1
France,Female,32,709,0.0,2,0,2,Low Risk,Normal Monitoring,0
Germany,Female,53,634,113781.5,2,1,4,Medium Risk,Contact Customer,1
Spain,Female,49,678,0.0,2,1,1,Low Risk,Normal Monitoring,0
France,Male,35,633,0.0,2,1,0,Low Risk,Normal Monitoring,0
France,Male,43,710,128284.45,1,0,3,Medium Risk,Contact Customer,1
Germany,Male,45,640,120591.19,1,0,6,High Risk,Immediate Follow-up,0
France,Male,63,656,0.0,2,1,1,Low Risk,Normal Monitoring,0
France,Female,59,551,166968.28,1,0,4,Medium Risk,Contact Customer,1
Spain,Female,39,786,0.0,2,0,2,Low Risk,Normal Monitoring,0
France,Female,49,561,0.0,2,1,1,Low Risk,Normal Monitoring,0
Spain,Male,42,807,0.0,2,1,0,Low Risk,Normal Monitoring,0
Germany,Male,38,602,71667.97,2,0,4,Medium Risk,Contact Customer,0
Germany,Female,31,727,82729.47,2,0,4,Medium Risk,Contact Customer,0
France,Male,40,678,0.0,2,1,0,Low Risk,Normal Monitoring,0
France,Male,23,730,0.0,2,0,2,Low Risk,Normal Monitoring,0
Spain,Female,30,596,0.0,2,0,2,Low Risk,Normal Monitoring,0
Germany,Male,39,686,129626.19,2,1,3,Medium Risk,Contact Customer,0
Germany,Female,26,684,114035.39,1,0,5,High Risk,Immediate Follow-up,0
Germany,Male,32,797,151922.94,1,0,5,High Risk,Immediate Follow-up,0
France,Female,39,658,0.0,1,1,0,Low Risk,Normal Monitoring,0
Spain,Female,27,653,107751.68,2,1,1,Low Risk,Normal Monitoring,0
France,Male,37,641,0.0,2,0,2,Low Risk,Normal Monitoring,0
Spain,Female,41,656,101179.23,2,1,1,Low Risk,Normal Monitoring,0
Spain,Female,36,750,0.0,2,1,0,Low Risk,Normal Monitoring,0
France,Female,40,768,0.0,2,1,0,Low Risk,Normal Monitoring,0
France,Male,33,568,0.0,2,0,2,Low Risk,Normal Monitoring,0
Germany,Male,36,706,58571.18,2,0,4,Medium Risk,Contact Customer,0
Germany,Female,38,430,153058.64,1,0,5,High Risk,Immediate Follow-up,0
Germany,Male,35,745,98270.34,1,0,5,High Risk,Immediate Follow-up,0
France,Male,43,747,130788.71,1,1,1,Low Risk,Normal Monitoring,1
Germany,Male,40,657,99165.84,1,1,3,Medium Risk,Contact Customer,1
France,Female,42,639,0.0,2,0,2,Low Risk,Normal Monitoring,0
France,Male,44,704,0.0,2,1,0,Low Risk,Normal Monitoring,0
Spain,Male,23,651,115636.05,2,0,3,Medium Risk,Contact Customer,0
Germany,Female,44,706,185932.18,2,0,5,High Risk,Immediate Follow-up,0
Germany,Male,30,632,72549.0,2,1,2,Low Risk,Normal Monitoring,0
France,Male,42,751,0.0,2,1,0,Low Risk,Normal Monitoring,0
France,Female,35,767,0.0,2,0,2,Low Risk,Normal Monitoring,0
France,Male,39,741,0.0,1,1,0,Low Risk,Normal Monitoring,0
Germany,Male,29,651,121890.06,1,0,5,High Risk,Immediate Follow-up,1
France,Male,46,601,99786.07,1,1,2,Low Risk,Normal Monitoring,1
France,Male,34,520,0.0,2,1,0,Low Risk,Normal Monitoring,0
Germany,Male,27,626,115084.53,2,1,3,Medium Risk,Contact Customer,0
France,Male,30,811,0.0,2,1,0,Low Risk,Normal Monitoring,0
France,Female,32,730,127661.69,1,0,3,Medium Risk,Contact Customer,0
Germany,Female,47,604,118907.6,1,1,4,Medium Risk,Contact Customer,1
Germany,Female,44,499,77627.33,2,0,4,Medium Risk,Contact Customer,0
Spain,Male,40,754,160625.17,1,1,1,Low Risk,Normal Monitoring,0
Spain,Female,29,716,0.0,2,0,2,Low Risk,Normal Monitoring,0
France,Female,20,636,124266.86,1,0,3,Medium Risk,Contact Customer,0
France,Female,25,470,127974.06,2,1,1,Low Risk,Normal Monitoring,0
France,Male,43,444,0.0,2,1,0,Low Risk,Normal Monitoring,0
Spain,Female,48,809,0.0,1,0,3,Medium Risk,Contact Customer,1
Germany,Female,30,850,104911.35,2,1,3,Medium Risk,Contact Customer,0
France,Male,27,637,0.0,2,0,2,Low Risk,Normal Monitoring,0
France,Male,43,512,0.0,2,1,0,Low Risk,Normal Monitoring,0
Spain,Female,43,774,110646.54,1,0,3,Medium Risk,Contact Customer,0
France,Male,57,641,0.0,2,1,1,Low Risk,Normal Monitoring,0
Germany,Male,42,586,126704.49,2,0,5,High Risk,Immediate Follow-up,0
France,Male,30,611,0.0,2,1,0,Low Risk,Normal Monitoring,0
Spain,Male,31,660,84560.04,1,1,0,Low Risk,Normal Monitoring,0
France,Male,43,532,0.0,2,0,2,Low Risk,Normal Monitoring,1
Germany,Female,38,557,129893.56,1,0,5,High Risk,Immediate Follow-up,0
Spain,Male,25,730,167385.81,1,1,1,Low Risk,Normal Monitoring,0
France,Female,27,535,0.0,2,1,0,Low Risk,Normal Monitoring,0
Germany,Female,36,773,105858.71,1,1,3,Medium Risk,Contact Customer,0
Germany,Female,44,510,123070.89,1,0,5,High Risk,Immediate Follow-up,1
France,Male,39,539,0.0,1,1,0,Low Risk,Normal Monitoring,0
Spain,Female,48,690,0.0,2,1,1,Low Risk,Normal Monitoring,0
France,Female,40,821,0.0,2,0,2,Low Risk,Normal Monitoring,0
Germany,Male,35,687,125141.24,2,1,3,Medium Risk,Contact Customer,0
France,Female,46,557,96173.17,2,1,2,Low Risk,Normal Monitoring,0
Spain,Female,37,532,0.0,2,1,0,Low Risk,Normal Monitoring,0
Spain,Male,39,540,0.0,2,0,2,Low Risk,Normal Monitoring,0
France,Female,55,705,0.0,2,1,1,Low Risk,Normal Monitoring,0
Germany,Female,35,542,127543.11,2,0,5,High Risk,Immediate Follow-up,1
France,Male,38,706,0.0,2,0,2,Low Risk,Normal Monitoring,0
France,Female,56,765,0.0,1,0,3,Medium Risk,Contact Customer,1
France,Male,67,529,103101.56,2,1,2,Low Risk,Normal Monitoring,1
France,Male,54,714,126113.28,1,0,4,Medium Risk,Contact Customer,0
France,Male,41,582,40488.76,1,0,2,Low Risk,Normal Monitoring,0
Germany,Female,40,609,137389.77,2,0,5,High Risk,Immediate Follow-up,0
France,Female,28,518,85146.36,1,0,2,Low Risk,Normal Monitoring,0
Germany,Male,35,791,129828.58,1,1,3,Medium Risk,Contact Customer,1
France,Male,42,747,80214.36,1,0,2,Low Risk,Normal Monitoring,1
France,Female,40,565,0.0,2,1,0,Low Risk,Normal Monitoring,0
France,Male,34,735,141796.43,1,0,3,Medium Risk,Contact Customer,0
France,Female,49,697,195238.29,4,1,5,High Risk,Immediate Follow-up,1
Germany,Male,27,813,111348.15,1,0,5,High Risk,Immediate Follow-up,0
France,Male,43,772,0.0,2,1,0,Low Risk,Normal Monitoring,0
France,Female,71,606,0.0,2,1,1,Low Risk,Normal Monitoring,0
Germany,Female,42,667,64404.26,2,0,4,Medium Risk,Contact Customer,0
Germany,Male,40,637,154309.67,1,1,3,Medium Risk,Contact Customer,1
France,Male,67,542,129431.36,1,1,2,Low Risk,Normal Monitoring,0
Spain,Female,43,762,134204.67,1,1,1,Low Risk,Normal Monitoring,0
France,Female,39,698,0.0,2,1,0,Low Risk,Normal Monitoring,0
France,Female,32,850,0.0,2,1,0,Low Risk,Normal Monitoring,0
France,Female,50,621,0.0,2,0,3,Medium Risk,Contact Customer,1
Germany,Female,48,671,116711.06,2,0,6,High Risk,Immediate Follow-up,0
France,Male,31,775,0.0,2,0,2,Low Risk,Normal Monitoring,0
Spain,Male,34,504,54980.81,1,1,0,Low Risk,Normal Monitoring,0
Spain,Female,37,751,99773.85,2,0,3,Medium Risk,Contact Customer,0
Germany,Male,30,691,101231.77,2,0,5,High Risk,Immediate Follow-up,0
Germany,Male,32,841,117070.21,1,0,5,High Risk,Immediate Follow-up,0
Germany,Male,23,709,73314.04,2,0,4,Medium Risk,Contact Customer,0
France,Male,37,673,0.0,1,1,0,Low Risk,Normal Monitoring,0
France,Male,37,541,212314.03,1,1,1,Low Risk,Normal Monitoring,0
France,Female,31,661,136067.82,2,0,3,Medium Risk,Contact Customer,0
Spain,Female,42,784,109052.04,2,0,3,Medium Risk,Contact Customer,0
France,Female,35,742,79126.17,1,1,0,Low Risk,Normal Monitoring,0
Spain,Female,55,850,0.0,1,0,3,Medium Risk,Contact Customer,1
France,Female,35,443,108308.0,1,0,3,Medium Risk,Contact Customer,1
Germany,Female,48,778,102290.56,2,0,6,High Risk,Immediate Follow-up,0
France,Male,39,529,102025.08,2,0,3,Medium Risk,Contact Customer,0
Germany,Female,37,678,113383.07,1,1,3,Medium Risk,Contact Customer,0
Spain,Female,65,516,102541.1,1,0,4,Medium Risk,Contact Customer,0
Spain,Male,35,469,0.0,2,0,2,Low Risk,Normal Monitoring,0
Spain,Male,40,786,0.0,2,0,2,Low Risk,Normal Monitoring,0
France,Female,41,703,109941.51,1,0,3,Medium Risk,Contact Customer,0
Germany,Male,41,579,141749.68,1,1,3,Medium Risk,Contact Customer,0
France,Male,38,565,0.0,2,1,0,Low Risk,Normal Monitoring,0
France,Male,44,443,0.0,1,0,2,Low Risk,Normal Monitoring,0
France,Male,37,589,85146.48,2,0,2,Low Risk,Normal Monitoring,1
France,Female,44,691,134066.1,2,1,1,Low Risk,Normal Monitoring,0
France,Female,28,711,0.0,2,0,2,Low Risk,Normal Monitoring,0
Spain,Male,27,775,0.0,1,1,0,Low Risk,Normal Monitoring,0
France,Male,35,621,87619.29,1,0,2,Low Risk,Normal Monitoring,0
France,Male,51,350,0.0,1,1,1,Low Risk,Normal Monitoring,1
Spain,Female,30,668,0.0,2,0,2,Low Risk,Normal Monitoring,0
Spain,Male,27,633,0.0,2,0,2,Low Risk,Normal Monitoring,0
Germany,Male,43,697,103409.16,1,0,5,High Risk,Immediate Follow-up,1
Germany,Female,30,734,123040.38,1,1,3,Medium Risk,Contact Customer,0
France,Male,41,434,108128.52,1,1,1,Low Risk,Normal Monitoring,0
Germany,Male,48,646,169023.33,2,1,4,Medium Risk,Contact Customer,0
France,Male,30,764,0.0,2,1,0,Low Risk,Normal Monitoring,0
Spain,Female,41,727,0.0,2,1,0,Low Risk,Normal Monitoring,0
France,Female,29,724,0.0,2,1,0,Low Risk,Normal Monitoring,0
Spain,Male,42,749,222267.63,1,0,3,Medium Risk,Contact Customer,1
Germany,Female,47,706,144090.42,1,0,6,High Risk,Immediate Follow-up,1
France,Male,30,728,114835.43,1,1,1,Low Risk,Normal Monitoring,0
France,Male,44,636,0.0,2,0,2,Low Risk,Normal Monitoring,0
France,Male,34,634,145030.92,1,1,1,Low Risk,Normal Monitoring,0
France,Male,43,627,71240.3,1,1,0,Low Risk,Normal Monitoring,0
France,Male,59,518,138772.15,1,1,2,Low Risk,Normal Monitoring,0
Spain,Female,29,687,93617.07,1,1,1,Low Risk,Normal Monitoring,0
Spain,Female,23,622,0.0,2,1,0,Low Risk,Normal Monitoring,0
Spain,Female,45,693,0.0,2,1,1,Low Risk,Normal Monitoring,0
Spain,Male,25,450,74237.2,2,1,0,Low Risk,Normal Monitoring,0
Germany,Female,49,664,127421.78,2,0,6,High Risk,Immediate Follow-up,1
Spain,Female,28,663,61274.7,2,0,2,Low Risk,Normal Monitoring,0
France,Male,34,660,106486.66,2,1,1,Low Risk,Normal Monitoring,0
France,Female,29,579,73194.52,2,1,0,Low Risk,Normal Monitoring,0
Germany,Female,44,655,146498.76,1,0,5,High Risk,Immediate Follow-up,1
France,Male,47,683,0.0,2,0,3,Medium Risk,Contact Customer,0
France,Female,32,655,0.0,1,1,0,Low Risk,Normal Monitoring,0
Spain,Female,30,575,0.0,2,0,2,Low Risk,Normal Monitoring,0
Spain,Male,30,574,120355.0,1,0,3,Medium Risk,Contact Customer,0
France,Male,32,795,117265.21,1,1,1,Low Risk,Normal Monitoring,0
France,Female,43,776,0.0,2,1,0,Low Risk,Normal Monitoring,0
Spain,Female,52,707,0.0,1,0,3,Medium Risk,Contact Customer,1
Germany,Female,37,705,109974.22,1,1,3,Medium Risk,Contact Customer,1
Germany,Female,44,678,98009.13,2,1,3,Medium Risk,Contact Customer,0
France,Male,34,663,0.0,1,1,0,Low Risk,Normal Monitoring,0
France,Male,66,748,0.0,1,1,1,Low Risk,Normal Monitoring,0
Spain,Female,34,677,171671.9,1,1,1,Low Risk,Normal Monitoring,0
Spain,Male,63,634,0.0,2,0,3,Medium Risk,Contact Customer,1
France,Female,60,350,0.0,1,0,3,Medium Risk,Contact Customer,1
France,Male,61,727,128213.96,2,1,2,Low Risk,Normal Monitoring,1
Germany,Male,51,773,116197.65,2,1,4,Medium Risk,Contact Customer,0
France,Male,39,675,0.0,2,0,2,Low Risk,Normal Monitoring,0
Spain,Female,36,649,86607.39,1,0,2,Low Risk,Normal Monitoring,0
France,Male,29,552,0.0,2,0,2,Low Risk,Normal Monitoring,0
Germany,Male,62,761,98854.34,1,0,6,High Risk,Immediate Follow-up,1
France,Male,31,622,0.0,1,0,2,Low Risk,Normal Monitoring,0
France,Male,59,615,0.0,2,1,1,Low Risk,Normal Monitoring,0
Germany,Male,31,681,97338.19,2,0,5,High Risk,Immediate Follow-up,0
France,Male,30,768,0.0,2,1,0,Low Risk,Normal Monitoring,0
Spain,Male,34,617,0.0,2,0,2,Low Risk,Normal Monitoring,0
France,Female,33,452,131698.57,2,0,3,Medium Risk,Contact Customer,0
Germany,Male,37,807,130110.45,2,1,3,Medium Risk,Contact Customer,0
Spain,Male,44,567,0.0,2,0,2,Low Risk,Normal Monitoring,0
Spain,Male,24,603,165149.13,2,0,3,Medium Risk,Contact Customer,0
Spain,Female,37,617,101707.8,1,0,3,Medium Risk,Contact Customer,0
France,Female,34,701,105588.66,1,1,1,Low Risk,Normal Monitoring,0
Germany,Male,39,820,111336.89,1,0,5,High Risk,Immediate Follow-up,1
France,Male,60,438,78391.17,1,1,1,Low Risk,Normal Monitoring,0
Spain,Female,27,600,0.0,2,1,0,Low Risk,Normal Monitoring,0
France,Male,34,782,0.0,1,0,2,Low Risk,Normal Monitoring,1
Germany,Female,41,638,144326.09,1,0,5,High Risk,Immediate Follow-up,1
Germany,Male,27,850,101278.25,2,1,3,Medium Risk,Contact Customer,0
Germany,Female,19,741,108711.57,2,0,5,High Risk,Immediate Follow-up,0
Spain,Male,73,689,108555.07,1,1,2,Low Risk,Normal Monitoring,0
Germany,Female,35,743,146781.24,1,0,5,High Risk,Immediate Follow-up,0
France,Female,36,493,0.0,2,1,0,Low Risk,Normal Monitoring,0
Spain,Male,35,416,0.0,1,0,2,Low Risk,Normal Monitoring,0
France,Female,25,725,0.0,2,1,0,Low Risk,Normal Monitoring,0
France,Male,34,497,0.0,2,1,0,Low Risk,Normal Monitoring,0
Germany,Male,66,537,103291.25,2,1,4,Medium Risk,Contact Customer,0
Spain,Female,29,706,209490.21,1,1,1,Low Risk,Normal Monitoring,1
Spain,Male,38,651,0.0,3,0,5,High Risk,Immediate Follow-up,1
France,Male,33,720,0.0,2,1,0,Low Risk,Normal Monitoring,0
France,Male,45,797,0.0,1,0,3,Medium Risk,Contact Customer,0
Spain,Male,23,543,0.0,2,0,2,Low Risk,Normal Monitoring,0
France,Male,34,454,0.0,2,0,2,Low Risk,Normal Monitoring,0
France,Male,37,691,149405.18,1,1,1,Low Risk,Normal Monitoring,0
France,Female,52,510,191665.21,1,1,2,Low Risk,Normal Monitoring,1
Spain,Female,40,792,0.0,1,0,2,Low Risk,Normal Monitoring,0
France,Male,41,721,135071.12,1,1,1,Low Risk,Normal Monitoring,0
France,Male,41,765,0.0,2,1,0,Low Risk,Normal Monitoring,0
Spain,Male,39,850,0.0,2,1,0,Low Risk,Normal Monitoring,0
Germany,Male,38,681,181804.34,2,1,3,Medium Risk,Contact Customer,0
France,Female,60,586,47020.65,2,1,1,Low Risk,Normal Monitoring,1
France,Female,36,753,128518.98,1,1,1,Low Risk,Normal Monitoring,1
Germany,Female,38,593,142658.04,2,1,3,Medium Risk,Contact Customer,0
France,Female,21,674,120150.39,2,1,1,Low Risk,Normal Monitoring,0
France,Female,35,610,81905.95,1,1,0,Low Risk,Normal Monitoring,0
France,Male,26,652,137998.2,2,1,1,Low Risk,Normal Monitoring,0
Germany,Female,26,850,123126.29,1,0,5,High Risk,Immediate Follow-up,0
France,Female,51,740,0.0,2,1,1,Low Risk,Normal Monitoring,0
Germany,Male,43,637,135645.29,2,1,3,Medium Risk,Contact Customer,1
Spain,Male,31,685,122449.31,2,1,1,Low Risk,Normal Monitoring,0
Spain,Male,40,558,161766.87,1,0,3,Medium Risk,Contact Customer,0
France,Female,37,677,0.0,2,1,0,Low Risk,Normal Monitoring,0
Germany,Male,36,592,123187.51,1,1,3,Medium Risk,Contact Customer,0
Germany,Male,36,652,150956.71,1,0,5,High Risk,Immediate Follow-up,0
Spain,Female,42,662,105021.28,1,0,3,Medium Risk,Contact Customer,0
France,Male,64,543,0.0,2,1,1,Low Risk,Normal Monitoring,0
Spain,Female,50,675,133204.91,1,1,2,Low Risk,Normal Monitoring,0
Spain,Female,35,643,0.0,2,1,0,Low Risk,Normal Monitoring,0
Germany,Female,49,611,115488.52,2,1,4,Medium Risk,Contact Customer,1
France,Male,29,412,0.0,2,0,2,Low Risk,Normal Monitoring,0
Spain,Male,41,638,0.0,2,0,2,Low Risk,Normal Monitoring,0
Spain,Female,38,824,0.0,2,0,2,Low Risk,Normal Monitoring,0
France,Female,40,683,0.0,2,0,2,Low Risk,Normal Monitoring,0
Germany,Female,39,562,130565.02,1,0,5,High Risk,Immediate Follow-up,1
France,Female,41,599,91328.71,1,0,3,Medium Risk,Contact Customer,0
France,Male,35,753,0.0,2,1,0,Low Risk,Normal Monitoring,0
France,Male,50,594,81310.34,1,1,1,Low Risk,Normal Monitoring,0
France,Male,34,657,107136.6,1,0,3,Medium Risk,Contact Customer,0
Spain,Male,34,716,0.0,1,1,0,Low Risk,Normal Monitoring,0
France,Male,43,850,0.0,2,1,0,Low Risk,Normal Monitoring,0
France,Male,46,664,0.0,1,1,1,Low Risk,Normal Monitoring,1
France,Male,33,558,108477.49,1,1,1,Low Risk,Normal Monitoring,1
Germany,Male,40,606,144757.97,2,1,3,Medium Risk,Contact Customer,0
Spain,Male,33,776,0.0,2,1,0,Low Risk,Normal Monitoring,0
Spain,Male,36,557,113110.26,1,0,3,Medium Risk,Contact Customer,0
France,Female,27,614,106414.57,2,0,3,Medium Risk,Contact Customer,0
Spain,Male,42,620,106920.91,1,1,1,Low Risk,Normal Monitoring,0
Spain,Male,35,695,0.0,2,0,2,Low Risk,Normal Monitoring,0
Germany,Female,39,729,131513.26,1,1,3,Medium Risk,Contact Customer,0
France,Female,53,571,0.0,2,0,3,Medium Risk,Contact Customer,0
France,Male,40,457,134320.23,2,0,3,Medium Risk,Contact Customer,0
France,Female,29,559,79715.36,1,0,2,Low Risk,Normal Monitoring,0
France,Female,38,664,74306.19,2,0,2,Low Risk,Normal Monitoring,0
Spain,Female,50,500,0.0,4,1,4,Medium Risk,Contact Customer,1
Germany,Male,42,782,126428.38,1,0,5,High Risk,Immediate Follow-up,0
Spain,Male,38,708,99640.89,1,0,3,Medium Risk,Contact Customer,0
France,Male,43,681,66338.68,1,1,0,Low Risk,Normal Monitoring,1
Spain,Female,39,674,0.0,2,1,0,Low Risk,Normal Monitoring,0
Spain,Male,43,697,128226.37,1,0,3,Medium Risk,Contact Customer,0
France,Female,26,774,0.0,2,1,0,Low Risk,Normal Monitoring,0
France,Male,36,624,0.0,2,0,2,Low Risk,Normal Monitoring,0
Spain,Male,37,747,0.0,2,1,0,Low Risk,Normal Monitoring,0
France,Female,32,715,0.0,2,0,2,Low Risk,Normal Monitoring,0
France,Male,24,808,122168.65,1,0,3,Medium Risk,Contact Customer,0
France,Female,43,678,178074.33,1,0,3,Medium Risk,Contact Customer,0
Germany,Male,59,813,135078.41,1,0,6,High Risk,Immediate Follow-up,1
Spain,Male,38,687,69434.4,2,1,0,Low Risk,Normal Monitoring,1
France,Female,29,832,0.0,2,0,2,Low Risk,Normal Monitoring,0
France,Male,72,668,0.0,2,1,1,Low Risk,Normal Monitoring,0
Germany,Male,34,526,122726.56,1,1,3,Medium Risk,Contact Customer,0
France,Female,38,457,164496.99,1,1,1,Low Risk,Normal Monitoring,0
Spain,Female,38,649,0.0,1,0,2,Low Risk,Normal Monitoring,0
France,Female,41,669,150219.41,2,0,3,Medium Risk,Contact Customer,0
France,Male,42,668,187534.79,1,1,1,Low Risk,Normal Monitoring,1
France,Female,30,466,0.0,1,0,2,Low Risk,Normal Monitoring,0
France,Male,30,685,0.0,2,1,0,Low Risk,Normal Monitoring,0
France,Male,34,610,103108.17,1,0,3,Medium Risk,Contact Customer,0
Germany,Female,50,582,96486.57,2,1,4,Medium Risk,Contact Customer,0
Germany,Male,36,702,90560.48,2,0,5,High Risk,Immediate Follow-up,0
Spain,Male,46,556,131764.96,1,1,2,Low Risk,Normal Monitoring,1
Spain,Female,24,812,92476.88,1,0,3,Medium Risk,Contact Customer,0
Germany,Male,47,645,152076.93,1,0,6,High Risk,Immediate Follow-up,1
France,Male,43,809,0.0,2,1,0,Low Risk,Normal Monitoring,0
France,Male,49,560,0.0,1,1,1,Low Risk,Normal Monitoring,1
France,Male,29,744,43504.42,1,1,0,Low Risk,Normal Monitoring,0
Spain,Female,39,731,0.0,2,0,2,Low Risk,Normal Monitoring,0
Spain,Female,28,471,0.0,2,1,0,Low Risk,Normal Monitoring,0
Germany,Female,38,686,93569.86,3,0,8,High Risk,Immediate Follow-up,1
Spain,Male,45,668,102486.21,2,1,2,Low Risk,Normal Monitoring,0
France,Male,36,575,0.0,1,1,0,Low Risk,Normal Monitoring,0
Germany,Male,37,435,114346.3,1,1,3,Medium Risk,Contact Customer,1
France,Male,23,743,110203.77,1,0,3,Medium Risk,Contact Customer,0
France,Female,39,580,128362.59,1,0,3,Medium Risk,Contact Customer,0
Germany,Female,49,599,143888.22,2,1,4,Medium Risk,Contact Customer,1
Spain,Male,34,534,170600.78,1,1,1,Low Risk,Normal Monitoring,0
France,Female,32,680,0.0,1,1,0,Low Risk,Normal Monitoring,0
Spain,Female,46,631,0.0,2,1,1,Low Risk,Normal Monitoring,0
France,Female,39,485,75339.64,1,1,0,Low Risk,Normal Monitoring,0
France,Female,40,699,122038.34,1,0,3,Medium Risk,Contact Customer,0
France,Male,34,712,0.0,2,1,0,Low Risk,Normal Monitoring,0
France,Male,51,603,186825.57,1,0,4,Medium Risk,Contact Customer,1
France,Male,40,850,124788.18,1,0,3,Medium Risk,Contact Customer,0
France,Female,41,584,0.0,2,1,0,Low Risk,Normal Monitoring,0
France,Female,71,604,0.0,2,1,1,Low Risk,Normal Monitoring,0
France,Male,51,586,138553.57,1,1,2,Low Risk,Normal Monitoring,0
Spain,Male,39,467,0.0,2,1,0,Low Risk,Normal Monitoring,0
France,Male,35,520,105387.89,1,1,1,Low Risk,Normal Monitoring,0
Spain,Male,40,683,95053.1,1,1,1,Low Risk,Normal Monitoring,1
France,Male,36,557,0.0,1,1,0,Low Risk,Normal Monitoring,0
Spain,Female,32,613,0.0,2,1,0,Low Risk,Normal Monitoring,0
France,Male,34,786,137361.96,1,0,3,Medium Risk,Contact Customer,0
Spain,Male,32,593,158537.42,1,0,3,Medium Risk,Contact Customer,0
Spain,Female,29,670,0.0,2,0,2,Low Risk,Normal Monitoring,0
Germany,Female,48,657,143595.87,1,0,6,High Risk,Immediate Follow-up,1
Germany,Male,32,718,169947.41,2,1,3,Medium Risk,Contact Customer,0
France,Female,24,623,148167.83,2,1,1,Low Risk,Normal Monitoring,0
France,Male,31,496,0.0,2,0,2,Low Risk,Normal Monitoring,0
France,Female,39,429,48023.83,1,0,2,Low Risk,Normal Monitoring,0
France,Male,36,606,155655.46,1,1,1,Low Risk,Normal Monitoring,1
France,Female,46,499,0.0,2,0,3,Medium Risk,Contact Customer,0
France,Male,62,642,0.0,2,1,1,Low Risk,Normal Monitoring,0
France,Female,52,641,0.0,1,0,3,Medium Risk,Contact Customer,1
France,Male,32,673,121240.76,1,0,3,Medium Risk,Contact Customer,0
France,Female,36,570,0.0,2,0,2,Low Risk,Normal Monitoring,0
France,Female,37,472,0.0,2,1,0,Low Risk,Normal Monitoring,0
Germany,Male,35,550,129847.75,2,0,5,High Risk,Immediate Follow-up,0
Germany,Female,55,625,118772.71,4,0,9,High Risk,Immediate Follow-up,1
France,Male,46,516,0.0,2,1,1,Low Risk,Normal Monitoring,0
Germany,Male,32,682,105163.88,2,1,3,Medium Risk,Contact Customer,0
France,Male,28,620,0.0,2,1,0,Low Risk,Normal Monitoring,0
France,Female,39,626,0.0,2,1,0,Low Risk,Normal Monitoring,0
France,Female,29,623,0.0,2,0,2,Low Risk,Normal Monitoring,0
France,Female,35,569,93934.63,1,0,3,Medium Risk,Contact Customer,0
France,Female,69,724,117866.92,1,1,2,Low Risk,Normal Monitoring,0
France,Female,55,678,0.0,1,1,1,Low Risk,Normal Monitoring,1
Spain,Female,26,713,122857.46,2,0,3,Medium Risk,Contact Customer,1
France,Male,32,631,0.0,2,1,0,Low Risk,Normal Monitoring,0
France,Female,37,846,127103.97,1,1,1,Low Risk,Normal Monitoring,0
France,Female,43,660,0.0,1,1,0,Low Risk,Normal Monitoring,1
France,Male,54,567,96402.96,1,0,4,Medium Risk,Contact Customer,1
France,Male,31,731,132512.26,1,1,1,Low Risk,Normal Monitoring,0
Spain,Male,47,693,107604.66,1,1,2,Low Risk,Normal Monitoring,0
France,Male,34,772,0.0,2,0,2,Low Risk,Normal Monitoring,0
France,Male,38,657,0.0,2,0,2,Low Risk,Normal Monitoring,0
Germany,Male,34,774,120875.23,2,1,3,Medium Risk,Contact Customer,0
France,Female,37,667,71786.9,2,1,0,Low Risk,Normal Monitoring,0
France,Female,37,516,113143.12,1,0,3,Medium Risk,Contact Customer,0
Spain,Male,49,551,150777.72,2,1,2,Low Risk,Normal Monitoring,0
Spain,Male,35,542,174894.53,1,1,1,Low Risk,Normal Monitoring,0
France,Male,28,623,0.0,1,0,2,Low Risk,Normal Monitoring,0
France,Female,43,701,160416.56,1,1,1,Low Risk,Normal Monitoring,0
France,Male,48,583,91246.53,1,0,4,Medium Risk,Contact Customer,1
Spain,Male,46,731,0.0,2,0,3,Medium Risk,Contact Customer,0
France,Female,35,461,0.0,1,1,0,Low Risk,Normal Monitoring,0
Germany,Female,23,702,98775.23,1,0,5,High Risk,Immediate Follow-up,0
Germany,Female,47,565,139756.12,1,0,6,High Risk,Immediate Follow-up,1
Spain,Male,42,711,177626.77,3,1,4,Medium Risk,Contact Customer,1
France,Male,54,664,0.0,1,1,1,Low Risk,Normal Monitoring,1
Spain,Male,50,518,0.0,1,0,3,Medium Risk,Contact Customer,1
Spain,Male,42,728,0.0,2,1,0,Low Risk,Normal Monitoring,0
Germany,Male,37,585,152496.82,1,1,3,Medium Risk,Contact Customer,0
France,Male,52,573,0.0,2,1,1,Low Risk,Normal Monitoring,0
Germany,Male,26,568,112930.28,2,0,5,High Risk,Immediate Follow-up,0
Germany,Female,26,602,113674.2,1,0,5,High Risk,Immediate Follow-up,1
France,Male,44,603,0.0,1,0,2,Low Risk,Normal Monitoring,0
France,Male,38,687,144450.58,1,1,1,Low Risk,Normal Monitoring,0
France,Male,52,741,171236.3,2,0,4,Medium Risk,Contact Customer,1
Spain,Male,37,469,96776.49,1,1,1,Low Risk,Normal Monitoring,0
Germany,Female,58,477,145984.92,1,1,4,Medium Risk,Contact Customer,0
Germany,Male,43,737,96353.8,1,0,5,High Risk,Immediate Follow-up,0
France,Male,25,835,0.0,2,1,0,Low Risk,Normal Monitoring,0
Germany,Female,33,717,115777.23,1,1,3,Medium Risk,Contact Customer,0
France,Female,51,562,122822.0,2,0,4,Medium Risk,Contact Customer,0
Spain,Male,61,758,0.0,2,1,1,Low Risk,Normal Monitoring,0
France,Male,40,408,0.0,2,0,2,Low Risk,Normal Monitoring,0
Spain,Female,32,650,79450.09,1,1,0,Low Risk,Normal Monitoring,0
Germany,Male,33,582,122394.0,1,1,3,Medium Risk,Contact Customer,0
Spain,Female,43,706,0.0,2,0,2,Low Risk,Normal Monitoring,0
Germany,Male,41,567,134378.89,1,1,3,Medium Risk,Contact Customer,0
France,Male,29,720,0.0,2,0,2,Low Risk,Normal Monitoring,0
Spain,Female,31,631,88161.85,2,0,2,Low Risk,Normal Monitoring,0
Spain,Male,41,623,142412.13,1,0,3,Medium Risk,Contact Customer,0
France,Male,35,514,121030.9,1,0,3,Medium Risk,Contact Customer,0
Germany,Female,35,650,165982.43,2,1,3,Medium Risk,Contact Customer,0
Spain,Female,35,673,0.0,2,0,2,Low Risk,Normal Monitoring,0
France,Female,32,504,206663.75,1,0,3,Medium Risk,Contact Customer,0
Germany,Male,37,723,94661.53,2,0,5,High Risk,Immediate Follow-up,0
France,Male,25,645,174400.36,1,0,3,Medium Risk,Contact Customer,0
Spain,Male,41,664,123428.69,1,1,1,Low Risk,Normal Monitoring,0
Spain,Male,43,760,175735.5,1,1,1,Low Risk,Normal Monitoring,0
Spain,Male,36,766,78381.13,1,1,0,Low Risk,Normal Monitoring,0
France,Male,37,634,115345.86,2,0,3,Medium Risk,Contact Customer,0
Germany,Female,31,640,118613.34,1,0,5,High Risk,Immediate Follow-up,0
Germany,Male,28,784,109960.06,2,1,3,Medium Risk,Contact Customer,0
Germany,Female,42,547,142703.4,1,0,5,High Risk,Immediate Follow-up,1
Germany,Female,40,608,121729.42,1,0,5,High Risk,Immediate Follow-up,0
France,Female,35,547,0.0,1,1,0,Low Risk,Normal Monitoring,0
France,Female,43,612,139496.35,2,1,1,Low Risk,Normal Monitoring,0
Spain,Male,28,573,0.0,2,0,2,Low Risk,Normal Monitoring,0
Spain,Male,32,615,138521.83,1,1,1,Low Risk,Normal Monitoring,0
France,Female,33,710,0.0,2,0,2,Low Risk,Normal Monitoring,0
Germany,Female,38,674,83727.68,1,0,4,Medium Risk,Contact Customer,0
Spain,Female,38,702,0.0,2,1,0,Low Risk,Normal Monitoring,0
France,Male,37,616,0.0,1,0,2,Low Risk,Normal Monitoring,0
Spain,Male,32,688,124179.3,1,1,1,Low Risk,Normal Monitoring,0
France,Male,36,605,128829.25,1,0,3,Medium Risk,Contact Customer,0
France,Male,33,676,171490.78,1,0,3,Medium Risk,Contact Customer,0
Spain,Male,33,708,0.0,2,0,2,Low Risk,Normal Monitoring,0
Spain,Female,38,745,0.0,2,1,0,Low Risk,Normal Monitoring,0
Spain,Male,20,661,0.0,1,0,2,Low Risk,Normal Monitoring,0
France,Male,31,726,0.0,2,1,0,Low Risk,Normal Monitoring,0
France,Male,40,475,160818.08,1,1,1,Low Risk,Normal Monitoring,1
Germany,Male,54,751,156367.6,2,1,4,Medium Risk,Contact Customer,0
Germany,Female,59,645,121669.93,2,0,6,High Risk,Immediate Follow-up,1
France,Male,42,775,133970.22,2,1,1,Low Risk,Normal Monitoring,0
France,Male,41,540,0.0,2,0,2,Low Risk,Normal Monitoring,0
France,Female,34,591,96127.27,1,0,3,Medium Risk,Contact Customer,0
Spain,Male,60,596,121907.97,1,1,2,Low Risk,Normal Monitoring,0
Spain,Male,41,573,0.0,2,1,0,Low Risk,Normal Monitoring,0
Spain,Male,31,577,0.0,1,1,0,Low Risk,Normal Monitoring,0
Germany,Female,40,830,77701.64,1,1,2,Low Risk,Normal Monitoring,0
France,Male,67,663,0.0,3,1,4,Medium Risk,Contact Customer,0
France,Male,34,421,0.0,2,1,0,Low Risk,Normal Monitoring,0
Spain,Male,34,718,113922.44,2,0,3,Medium Risk,Contact Customer,0
Germany,Female,61,655,183997.7,2,1,4,Medium Risk,Contact Customer,0
France,Male,23,712,0.0,2,1,0,Low Risk,Normal Monitoring,0
France,Male,28,663,0.0,2,1,0,Low Risk,Normal Monitoring,0
France,Female,47,640,89799.46,2,1,1,Low Risk,Normal Monitoring,1
Spain,Male,29,577,0.0,1,1,0,Low Risk,Normal Monitoring,0
Spain,Female,36,546,85660.96,1,0,2,Low Risk,Normal Monitoring,0
Germany,Male,37,802,115569.21,1,1,3,Medium Risk,Contact Customer,0
France,Female,45,590,81828.22,1,0,3,Medium Risk,Contact Customer,0
Germany,Male,18,594,132694.73,1,0,5,High Risk,Immediate Follow-up,0
Spain,Male,51,577,108867.0,1,0,4,Medium Risk,Contact Customer,1
France,Male,39,541,0.0,2,0,2,Low Risk,Normal Monitoring,0
France,Female,27,781,0.0,2,0,2,Low Risk,Normal Monitoring,0
Germany,Male,34,806,96152.68,2,0,5,High Risk,Immediate Follow-up,0
Germany,Female,49,723,153855.52,1,1,4,Medium Risk,Contact Customer,1
France,Male,45,535,0.0,2,0,3,Medium Risk,Contact Customer,0
France,Female,36,768,141334.95,1,1,1,Low Risk,Normal Monitoring,0
Germany,Male,41,653,104584.11,1,0,5,High Risk,Immediate Follow-up,1
Germany,Female,50,803,98173.02,1,0,6,High Risk,Immediate Follow-up,1
Spain,Female,44,545,0.0,2,1,0,Low Risk,Normal Monitoring,0
Germany,Female,38,581,135157.05,1,1,3,Medium Risk,Contact Customer,0
Germany,Female,49,513,171601.27,1,0,6,High Risk,Immediate Follow-up,0
France,Male,29,731,179539.2,1,0,3,Medium Risk,Contact Customer,0
Germany,Male,39,727,80615.46,2,0,4,Medium Risk,Contact Customer,0
Spain,Male,47,560,0.0,1,0,3,Medium Risk,Contact Customer,1
Germany,Male,27,766,126285.73,1,0,5,High Risk,Immediate Follow-up,1
Germany,Female,23,630,137964.51,1,1,3,Medium Risk,Contact Customer,0
Germany,Male,41,652,159434.03,1,0,5,High Risk,Immediate Follow-up,0
Germany,Male,40,729,113574.61,2,0,5,High Risk,Immediate Follow-up,0
France,Female,33,629,0.0,2,1,0,Low Risk,Normal Monitoring,0
Germany,Male,33,667,124573.33,2,0,5,High Risk,Immediate Follow-up,0
Germany,Female,31,671,105864.6,2,0,5,High Risk,Immediate Follow-up,0
Germany,Female,47,768,104552.61,1,0,6,High Risk,Immediate Follow-up,1
France,Female,35,732,0.0,2,0,2,Low Risk,Normal Monitoring,0
France,Female,30,546,0.0,2,1,0,Low Risk,Normal Monitoring,0
France,Male,55,630,0.0,1,1,1,Low Risk,Normal Monitoring,1
Germany,Female,46,765,119492.88,2,1,4,Medium Risk,Contact Customer,1
France,Female,33,704,130499.09,2,1,1,Low Risk,Normal Monitoring,0
Spain,Female,48,470,140576.11,1,1,2,Low Risk,Normal Monitoring,0
Germany,Female,34,688,91025.58,2,1,3,Medium Risk,Contact Customer,0
France,Female,33,685,0.0,3,1,3,Medium Risk,Contact Customer,1
France,Female,38,567,125877.65,2,1,1,Low Risk,Normal Monitoring,0
Spain,Male,64,720,45752.78,2,0,3,Medium Risk,Contact Customer,1
France,Male,39,609,121778.71,1,1,1,Low Risk,Normal Monitoring,0
Germany,Female,49,521,127948.57,1,1,4,Medium Risk,Contact Customer,0
France,Female,30,556,0.0,2,1,0,Low Risk,Normal Monitoring,0
Germany,Male,30,662,115286.68,2,1,3,Medium Risk,Contact Customer,0
Germany,Male,41,704,62078.21,2,0,4,Medium Risk,Contact Customer,0
France,Female,38,750,0.0,2,0,2,Low Risk,Normal Monitoring,0
Spain,Female,32,619,175406.13,2,1,1,Low Risk,Normal Monitoring,1
Spain,Male,26,468,131643.25,1,0,3,Medium Risk,Contact Customer,0
Germany,Male,44,435,151739.65,1,0,5,High Risk,Immediate Follow-up,0
France,Male,43,529,93616.35,2,0,3,Medium Risk,Contact Customer,0
Germany,Female,60,702,138597.54,2,1,4,Medium Risk,Contact Customer,1
France,Female,41,608,0.0,2,1,0,Low Risk,Normal Monitoring,0
France,Male,40,576,0.0,2,0,2,Low Risk,Normal Monitoring,1
France,Female,27,666,85225.21,1,1,0,Low Risk,Normal Monitoring,0
France,Female,36,730,148749.29,2,0,3,Medium Risk,Contact Customer,0
Germany,Male,52,647,130013.12,1,1,4,Medium Risk,Contact Customer,1
Spain,Female,27,516,0.0,1,1,0,Low Risk,Normal Monitoring,0
France,Female,81,711,0.0,2,1,1,Low Risk,Normal Monitoring,0
France,Male,54,736,111729.47,2,1,2,Low Risk,Normal Monitoring,0
France,Female,36,768,180169.44,2,0,3,Medium Risk,Contact Customer,0
Spain,Male,40,427,0.0,2,1,0,Low Risk,Normal Monitoring,0
Spain,Female,47,686,0.0,1,0,3,Medium Risk,Contact Customer,1
France,Female,42,690,0.0,2,1,0,Low Risk,Normal Monitoring,0
Spain,Female,29,647,0.0,2,0,2,Low Risk,Normal Monitoring,0
France,Male,35,714,0.0,2,1,0,Low Risk,Normal Monitoring,0
Germany,Female,36,736,103914.17,1,1,3,Medium Risk,Contact Customer,1
France,Female,34,608,88772.87,1,1,0,Low Risk,Normal Monitoring,0
France,Female,39,809,0.0,1,0,2,Low Risk,Normal Monitoring,0
France,Female,40,745,131184.67,1,1,1,Low Risk,Normal Monitoring,0
France,Male,38,781,117810.79,1,1,1,Low Risk,Normal Monitoring,1
France,Male,31,527,0.0,1,0,2,Low Risk,Normal Monitoring,0
Germany,Female,32,595,92466.21,1,0,5,High Risk,Immediate Follow-up,0
Germany,Female,38,850,102741.15,2,1,3,Medium Risk,Contact Customer,0
France,Male,37,569,178755.84,1,0,3,Medium Risk,Contact Customer,0
France,Male,43,728,0.0,2,0,2,Low Risk,Normal Monitoring,0
Germany,Female,32,473,146602.25,2,1,3,Medium Risk,Contact Customer,0
France,Male,29,738,0.0,2,1,0,Low Risk,Normal Monitoring,0
France,Male,35,659,0.0,2,1,0,Low Risk,Normal Monitoring,0
Spain,Male,38,597,115702.67,2,1,1,Low Risk,Normal Monitoring,0
Germany,Female,61,445,137655.31,1,1,4,Medium Risk,Contact Customer,0
France,Female,29,671,0.0,2,0,2,Low Risk,Normal Monitoring,0
Spain,Female,34,656,59877.33,1,0,2,Low Risk,Normal Monitoring,1
France,Male,31,658,100082.14,1,1,1,Low Risk,Normal Monitoring,0
Germany,Male,52,698,107304.39,3,0,9,High Risk,Immediate Follow-up,1
Spain,Male,38,655,0.0,1,1,0,Low Risk,Normal Monitoring,0
Spain,Male,41,772,96032.22,1,1,1,Low Risk,Normal Monitoring,0
Spain,Male,33,681,0.0,1,0,2,Low Risk,Normal Monitoring,0
Germany,Male,29,688,144553.5,2,0,5,High Risk,Immediate Follow-up,0
Germany,Male,40,633,86172.81,2,1,2,Low Risk,Normal Monitoring,0
France,Male,73,735,0.0,1,1,1,Low Risk,Normal Monitoring,0
Germany,Female,29,521,87212.8,1,1,2,Low Risk,Normal Monitoring,0
France,Male,36,541,0.0,2,0,2,Low Risk,Normal Monitoring,0
Germany,Female,36,612,130700.92,2,0,5,High Risk,Immediate Follow-up,0
France,Male,62,562,0.0,2,0,3,Medium Risk,Contact Customer,0
France,Female,32,703,0.0,2,0,2,Low Risk,Normal Monitoring,0
Spain,Male,23,710,0.0,2,1,0,Low Risk,Normal Monitoring,0
Spain,Female,40,731,171325.98,1,1,1,Low Risk,Normal Monitoring,1
Spain,Male,58,703,92930.92,1,1,2,Low Risk,Normal Monitoring,0
France,Female,40,618,0.0,1,0,2,Low Risk,Normal Monitoring,0
France,Female,29,689,77556.79,2,1,0,Low Risk,Normal Monitoring,0
France,Male,33,718,102874.28,1,0,3,Medium Risk,Contact Customer,0
France,Male,37,608,146093.39,2,0,3,Medium Risk,Contact Customer,0
Spain,Male,34,749,0.0,1,0,2,Low Risk,Normal Monitoring,1
Spain,Male,51,753,79811.72,2,1,1,Low Risk,Normal Monitoring,1
Spain,Male,39,630,105473.74,1,0,3,Medium Risk,Contact Customer,1
Germany,Female,43,693,121927.92,1,0,5,High Risk,Immediate Follow-up,1
Spain,Female,40,838,61671.19,1,1,0,Low Risk,Normal Monitoring,1
Germany,Female,39,756,149363.12,2,1,3,Medium Risk,Contact Customer,0
France,Female,27,775,152309.37,1,0,3,Medium Risk,Contact Customer,0
France,Female,33,635,0.0,2,0,2,Low Risk,Normal Monitoring,0
Spain,Male,36,705,111629.29,1,1,1,Low Risk,Normal Monitoring,0
France,Male,40,481,0.0,1,1,0,Low Risk,Normal Monitoring,0
Spain,Female,49,727,96296.78,1,0,4,Medium Risk,Contact Customer,1
France,Male,20,595,95830.43,1,0,3,Medium Risk,Contact Customer,0
France,Female,38,535,135919.33,1,0,3,Medium Risk,Contact Customer,0
France,Male,59,578,185966.64,1,0,4,Medium Risk,Contact Customer,1
France,Female,29,597,0.0,2,1,0,Low Risk,Normal Monitoring,0
France,Female,21,449,0.0,2,0,2,Low Risk,Normal Monitoring,0
Germany,Female,43,850,92244.83,2,0,5,High Risk,Immediate Follow-up,0
France,Female,35,494,112727.06,2,0,3,Medium Risk,Contact Customer,0
France,Female,34,676,100359.54,1,0,3,Medium Risk,Contact Customer,0
Germany,Male,43,818,105301.5,1,1,3,Medium Risk,Contact Customer,0
Spain,Male,45,712,112994.65,1,0,4,Medium Risk,Contact Customer,0
Germany,Male,40,672,89025.88,2,0,4,Medium Risk,Contact Customer,0
France,Male,35,636,95478.17,1,0,3,Medium Risk,Contact Customer,0
France,Male,37,698,0.0,2,0,2,Low Risk,Normal Monitoring,0
Germany,Female,43,597,119127.46,2,0,5,High Risk,Immediate Follow-up,0
France,Male,28,717,128206.79,1,1,1,Low Risk,Normal Monitoring,0
France,Male,49,614,0.0,2,0,3,Medium Risk,Contact Customer,0
Germany,Female,23,708,71433.08,1,0,4,Medium Risk,Contact Customer,0
Germany,Male,36,507,118214.32,3,0,8,High Risk,Immediate Follow-up,1
France,Female,27,581,102258.11,2,0,3,Medium Risk,Contact Customer,0
Spain,Female,39,579,151963.26,2,0,3,Medium Risk,Contact Customer,0
Spain,Female,46,504,163764.84,1,1,2,Low Risk,Normal Monitoring,1
France,Female,32,737,128551.36,2,1,1,Low Risk,Normal Monitoring,0
Spain,Female,31,540,118158.74,1,1,1,Low Risk,Normal Monitoring,0
France,Male,32,609,118520.41,1,0,3,Medium Risk,Contact Customer,0
France,Male,24,778,0.0,2,1,0,Low Risk,Normal Monitoring,0
France,Male,40,621,163823.37,1,0,3,Medium Risk,Contact Customer,0
Germany,Male,63,665,104469.58,1,1,4,Medium Risk,Contact Customer,1
France,Female,47,608,0.0,1,1,1,Low Risk,Normal Monitoring,0
Spain,Male,36,680,0.0,2,0,2,Low Risk,Normal Monitoring,0
Germany,Female,46,663,141726.88,1,1,4,Medium Risk,Contact Customer,0
Germany,Female,35,627,137852.96,1,1,3,Medium Risk,Contact Customer,1
France,Male,26,607,0.0,1,0,2,Low Risk,Normal Monitoring,0
France,Female,43,681,154100.3,1,0,3,Medium Risk,Contact Customer,0
France,Female,45,766,0.0,2,0,3,Medium Risk,Contact Customer,0
France,Male,30,694,0.0,3,1,3,Medium Risk,Contact Customer,0
France,Female,54,411,0.0,1,1,1,Low Risk,Normal Monitoring,0
France,Male,39,742,140004.96,1,1,1,Low Risk,Normal Monitoring,0
Spain,Male,43,673,127132.96,1,1,1,Low Risk,Normal Monitoring,1
France,Male,61,529,0.0,2,1,1,Low Risk,Normal Monitoring,0
France,Female,38,519,125328.56,1,0,3,Medium Risk,Contact Customer,0
France,Male,35,573,0.0,2,0,2,Low Risk,Normal Monitoring,0
Germany,Female,28,453,139986.65,1,0,5,High Risk,Immediate Follow-up,0
Germany,Female,39,798,119787.76,1,1,3,Medium Risk,Contact Customer,0
Spain,Female,34,693,107556.06,2,0,3,Medium Risk,Contact Customer,0
France,Female,44,637,0.0,2,0,2,Low Risk,Normal Monitoring,0
France,Male,47,672,0.0,1,0,3,Medium Risk,Contact Customer,0
France,Female,28,597,142705.95,1,0,3,Medium Risk,Contact Customer,0
France,Male,42,543,0.0,1,1,0,Low Risk,Normal Monitoring,0
Spain,Female,56,695,0.0,2,0,3,Medium Risk,Contact Customer,0
France,Male,35,584,161613.94,2,1,1,Low Risk,Normal Monitoring,0
Germany,Female,58,652,116353.2,2,1,4,Medium Risk,Contact Customer,0
France,Male,38,601,60013.81,1,1,0,Low Risk,Normal Monitoring,0
Spain,Male,28,628,0.0,2,1,0,Low Risk,Normal Monitoring,0
Germany,Male,32,607,144272.07,2,0,5,High Risk,Immediate Follow-up,0
France,Female,46,646,0.0,2,0,3,Medium Risk,Contact Customer,0
France,Male,30,572,117696.67,1,0,3,Medium Risk,Contact Customer,0
Spain,Male,58,801,79954.61,2,1,1,Low Risk,Normal Monitoring,0
France,Female,26,597,149989.39,1,0,3,Medium Risk,Contact Customer,0
France,Male,40,613,124339.9,1,0,3,Medium Risk,Contact Customer,0
Germany,Male,29,529,135759.4,1,0,5,High Risk,Immediate Follow-up,1
Spain,Female,37,794,0.0,2,0,2,Low Risk,Normal Monitoring,0
France,Male,34,557,83074.0,1,0,2,Low Risk,Normal Monitoring,0
France,Female,28,499,141792.61,1,1,1,Low Risk,Normal Monitoring,0
France,Female,26,544,0.0,1,0,2,Low Risk,Normal Monitoring,1
France,Female,30,739,0.0,1,0,2,Low Risk,Normal Monitoring,0
Germany,Female,43,458,106870.12,2,0,5,High Risk,Immediate Follow-up,0
France,Male,31,528,120962.59,1,0,3,Medium Risk,Contact Customer,0
Spain,Male,51,773,0.0,2,0,3,Medium Risk,Contact Customer,1
France,Female,30,646,0.0,2,0,2,Low Risk,Normal Monitoring,0
France,Male,31,564,110527.17,1,1,1,Low Risk,Normal Monitoring,0
Germany,Female,52,624,133723.43,1,0,6,High Risk,Immediate Follow-up,1
France,Female,52,682,112670.48,1,0,4,Medium Risk,Contact Customer,1
France,Female,44,726,0.0,2,1,0,Low Risk,Normal Monitoring,0
France,Male,24,560,116084.32,1,0,3,Medium Risk,Contact Customer,0
Spain,Male,36,382,0.0,1,1,0,Low Risk,Normal Monitoring,1
Spain,Female,38,457,0.0,2,0,2,Low Risk,Normal Monitoring,0
France,Female,37,673,0.0,2,1,0,Low Risk,Normal Monitoring,0
France,Female,40,584,82441.75,1,0,2,Low Risk,Normal Monitoring,0
France,Female,39,629,0.0,2,1,0,Low Risk,Normal Monitoring,1
Germany,Female,37,584,134171.8,4,1,6,High Risk,Immediate Follow-up,1
France,Male,30,724,0.0,2,1,0,Low Risk,Normal Monitoring,0
France,Male,31,644,0.0,2,1,0,Low Risk,Normal Monitoring,0
Germany,Female,48,676,124442.38,1,0,6,High Risk,Immediate Follow-up,1
France,Male,31,499,0.0,1,0,2,Low Risk,Normal Monitoring,0
France,Male,60,598,0.0,1,0,3,Medium Risk,Contact Customer,1
Germany,Female,37,655,108862.76,1,0,5,High Risk,Immediate Follow-up,1
France,Male,28,559,141099.43,1,1,1,Low Risk,Normal Monitoring,0
France,Female,67,543,128843.67,1,1,2,Low Risk,Normal Monitoring,0
France,Male,39,679,86843.61,1,1,0,Low Risk,Normal Monitoring,0
Germany,Female,32,594,120074.97,2,1,3,Medium Risk,Contact Customer,0
France,Male,27,586,130231.8,2,1,1,Low Risk,Normal Monitoring,0
France,Female,31,776,0.0,2,0,2,Low Risk,Normal Monitoring,0
France,Male,39,699,109724.38,1,1,1,Low Risk,Normal Monitoring,0
Germany,Female,35,847,111743.43,1,1,3,Medium Risk,Contact Customer,0
Germany,Male,35,582,121309.17,2,1,3,Medium Risk,Contact Customer,0
France,Male,38,648,82697.28,1,0,2,Low Risk,Normal Monitoring,0
France,Female,49,618,44301.43,3,1,4,Medium Risk,Contact Customer,1
France,Female,31,543,138317.94,1,0,3,Medium Risk,Contact Customer,0
Germany,Male,49,642,120688.61,1,0,6,High Risk,Immediate Follow-up,1
France,Male,27,462,176913.52,1,0,3,Medium Risk,Contact Customer,0
Spain,Male,47,640,89047.14,1,0,3,Medium Risk,Contact Customer,0
Germany,Male,40,740,114318.78,2,0,5,High Risk,Immediate Follow-up,1
France,Female,50,773,0.0,2,0,3,Medium Risk,Contact Customer,0
Germany,Female,32,583,94753.55,2,1,3,Medium Risk,Contact Customer,0
Spain,Female,46,589,0.0,2,1,1,Low Risk,Normal Monitoring,0
France,Male,35,509,0.0,2,1,0,Low Risk,Normal Monitoring,0
Germany,Male,32,612,106520.73,2,0,5,High Risk,Immediate Follow-up,0
Spain,Male,37,505,134006.39,1,1,1,Low Risk,Normal Monitoring,0
Germany,Female,25,546,132837.7,1,0,5,High Risk,Immediate Follow-up,0
France,Female,41,681,120549.29,2,0,3,Medium Risk,Contact Customer,0
France,Male,20,762,139432.55,1,1,1,Low Risk,Normal Monitoring,0
Spain,Male,29,786,80895.44,2,0,2,Low Risk,Normal Monitoring,0
Spain,Male,34,629,0.0,2,0,2,Low Risk,Normal Monitoring,0
Spain,Female,39,787,171646.76,1,1,1,Low Risk,Normal Monitoring,0
Spain,Male,42,713,109121.71,1,1,1,Low Risk,Normal Monitoring,0
France,Female,39,541,109844.81,1,0,3,Medium Risk,Contact Customer,0
France,Female,31,451,140931.82,1,1,1,Low Risk,Normal Monitoring,0
Spain,Male,49,644,0.0,2,1,1,Low Risk,Normal Monitoring,0
France,Male,32,686,0.0,2,1,0,Low Risk,Normal Monitoring,0
Germany,Female,41,847,101543.51,4,0,8,High Risk,Immediate Follow-up,1
Germany,Male,37,765,102708.77,1,0,5,High Risk,Immediate Follow-up,0
Germany,Female,37,678,149000.91,2,1,3,Medium Risk,Contact Customer,0
France,Male,20,539,83459.86,1,1,0,Low Risk,Normal Monitoring,0
France,Female,40,800,75893.11,2,0,2,Low Risk,Normal Monitoring,0
Germany,Female,39,799,167395.6,2,1,3,Medium Risk,Contact Customer,0
France,Female,61,629,0.0,2,1,1,Low Risk,Normal Monitoring,0
Germany,Female,52,734,71283.09,2,1,3,Medium Risk,Contact Customer,0
France,Female,31,542,0.0,2,1,0,Low Risk,Normal Monitoring,0
Spain,Male,60,414,0.0,2,1,1,Low Risk,Normal Monitoring,0
France,Female,38,675,104016.88,1,0,3,Medium Risk,Contact Customer,1
France,Female,38,683,127616.56,1,0,3,Medium Risk,Contact Customer,0
France,Male,32,748,154737.88,2,1,1,Low Risk,Normal Monitoring,0
Spain,Male,29,596,0.0,2,1,0,Low Risk,Normal Monitoring,0
France,Male,35,642,125476.31,1,1,1,Low Risk,Normal Monitoring,0
France,Female,21,499,176511.08,1,1,1,Low Risk,Normal Monitoring,0
Spain,Female,47,649,110783.28,1,1,2,Low Risk,Normal Monitoring,0
France,Male,42,739,141642.92,2,0,3,Medium Risk,Contact Customer,0
France,Male,31,616,0.0,2,1,0,Low Risk,Normal Monitoring,0
Spain,Female,33,560,0.0,1,1,0,Low Risk,Normal Monitoring,0
Germany,Male,42,427,75681.52,1,1,2,Low Risk,Normal Monitoring,0
France,Male,54,435,0.0,1,0,3,Medium Risk,Contact Customer,1
France,Male,29,633,0.0,1,1,0,Low Risk,Normal Monitoring,0
France,Male,35,443,161111.45,1,0,3,Medium Risk,Contact Customer,0
France,Male,62,727,0.0,2,1,1,Low Risk,Normal Monitoring,0
France,Female,45,674,72494.69,1,1,1,Low Risk,Normal Monitoring,0
France,Female,31,661,133964.3,1,1,1,Low Risk,Normal Monitoring,0
Spain,Male,34,619,0.0,1,0,2,Low Risk,Normal Monitoring,0
France,Female,27,562,0.0,2,0,2,Low Risk,Normal Monitoring,0
France,Male,61,633,157201.48,1,1,2,Low Risk,Normal Monitoring,0
Spain,Female,48,551,95679.29,1,0,4,Medium Risk,Contact Customer,0
Germany,Female,29,720,106230.92,1,1,3,Medium Risk,Contact Customer,1
France,Female,32,688,0.0,2,1,0,Low Risk,Normal Monitoring,0
Germany,Female,36,635,81231.85,2,0,4,Medium Risk,Contact Customer,0
France,Female,31,561,81480.27,2,1,0,Low Risk,Normal Monitoring,0
France,Male,33,850,73059.38,1,1,0,Low Risk,Normal Monitoring,0
France,Male,36,636,117559.05,2,1,1,Low Risk,Normal Monitoring,0
Germany,Female,74,461,186445.31,2,1,4,Medium Risk,Contact Customer,0
Germany,Female,38,771,137657.71,2,0,5,High Risk,Immediate Follow-up,0
France,Male,36,713,133889.35,1,1,1,Low Risk,Normal Monitoring,0
Germany,Female,45,658,134562.8,1,1,4,Medium Risk,Contact Customer,0
Germany,Female,56,586,100781.75,2,1,4,Medium Risk,Contact Customer,0
France,Male,30,737,174356.13,1,0,3,Medium Risk,Contact Customer,0
Germany,Male,27,742,190125.43,2,0,5,High Risk,Immediate Follow-up,0
France,Male,26,824,146266.0,1,0,3,Medium Risk,Contact Customer,1
Germany,Male,41,701,164046.1,1,0,5,High Risk,Immediate Follow-up,0
Spain,Female,43,623,123536.52,2,0,3,Medium Risk,Contact Customer,0
France,Male,36,744,0.0,2,1,0,Low Risk,Normal Monitoring,0
Spain,Female,38,698,171848.38,1,0,3,Medium Risk,Contact Customer,0
France,Male,40,616,0.0,2,0,2,Low Risk,Normal Monitoring,0
France,Female,39,662,139562.05,2,0,3,Medium Risk,Contact Customer,0
France,Male,37,594,0.0,2,1,0,Low Risk,Normal Monitoring,0
France,Male,40,685,168001.34,2,1,1,Low Risk,Normal Monitoring,0
France,Male,27,742,0.0,2,1,0,Low Risk,Normal Monitoring,0
Germany,Male,83,678,123356.63,1,1,4,Medium Risk,Contact Customer,0
Spain,Male,47,651,0.0,2,1,1,Low Risk,Normal Monitoring,0
Germany,Male,50,585,125845.66,1,0,6,High Risk,Immediate Follow-up,1
Germany,Male,40,579,45408.85,2,0,4,Medium Risk,Contact Customer,0
Germany,Female,37,722,125977.81,1,0,5,High Risk,Immediate Follow-up,0
Germany,Female,51,613,147262.11,1,1,4,Medium Risk,Contact Customer,1
France,Male,42,694,133767.19,1,0,3,Medium Risk,Contact Customer,0
Germany,Male,49,550,108806.96,3,0,9,High Risk,Immediate Follow-up,1
France,Male,42,741,106036.52,1,0,3,Medium Risk,Contact Customer,1
Spain,Female,69,668,0.0,1,1,1,Low Risk,Normal Monitoring,0
France,Female,27,529,0.0,2,1,0,Low Risk,Normal Monitoring,0
France,Male,31,636,0.0,2,1,0,Low Risk,Normal Monitoring,0
Spain,Male,61,563,82182.1,1,0,3,Medium Risk,Contact Customer,1
France,Female,35,767,0.0,2,0,2,Low Risk,Normal Monitoring,0
France,Male,50,644,76817.0,4,0,6,High Risk,Immediate Follow-up,1
Germany,Male,71,780,142550.25,2,1,4,Medium Risk,Contact Customer,0
Spain,Female,41,635,0.0,2,1,0,Low Risk,Normal Monitoring,0
Germany,Male,35,641,103711.56,1,1,3,Medium Risk,Contact Customer,1
Spain,Female,40,593,0.0,1,1,0,Low Risk,Normal Monitoring,0
Germany,Female,35,540,128369.75,2,0,5,High Risk,Immediate Follow-up,0
Spain,Male,35,663,0.0,2,1,0,Low Risk,Normal Monitoring,0
France,Male,34,630,0.0,2,1,0,Low Risk,Normal Monitoring,0
Germany,Male,19,605,166133.28,1,1,3,Medium Risk,Contact Customer,0
Germany,Female,62,710,148214.36,1,0,6,High Risk,Immediate Follow-up,1
France,Female,78,755,121206.96,1,1,2,Low Risk,Normal Monitoring,0
Spain,Male,25,641,0.0,2,1,0,Low Risk,Normal Monitoring,0
Germany,Male,50,737,127552.85,2,0,6,High Risk,Immediate Follow-up,0
France,Male,49,695,159458.53,1,0,4,Medium Risk,Contact Customer,0
Germany,Female,47,466,102085.72,1,1,4,Medium Risk,Contact Customer,1
Germany,Male,58,558,142537.18,1,1,4,Medium Risk,Contact Customer,0
Spain,Male,29,665,182781.74,2,1,1,Low Risk,Normal Monitoring,0
France,Male,45,737,0.0,2,0,3,Medium Risk,Contact Customer,0
France,Male,29,654,0.0,2,1,0,Low Risk,Normal Monitoring,0
France,Female,28,619,0.0,2,0,2,Low Risk,Normal Monitoring,0
Germany,Female,43,845,152063.59,2,0,5,High Risk,Immediate Follow-up,0
France,Female,28,727,110997.76,1,0,3,Medium Risk,Contact Customer,0
France,Male,50,582,148942.0,1,1,2,Low Risk,Normal Monitoring,0
France,Male,41,716,0.0,1,1,0,Low Risk,Normal Monitoring,0
Spain,Female,36,660,84438.57,1,1,0,Low Risk,Normal Monitoring,0
France,Female,34,664,93920.47,1,0,3,Medium Risk,Contact Customer,0
France,Male,43,801,158713.08,2,0,3,Medium Risk,Contact Customer,0
Spain,Male,42,615,0.0,3,1,3,Medium Risk,Contact Customer,0
Germany,Male,63,718,123204.88,1,1,4,Medium Risk,Contact Customer,0
France,Male,40,667,72945.29,2,0,2,Low Risk,Normal Monitoring,0
Spain,Male,37,670,178742.71,1,1,1,Low Risk,Normal Monitoring,0
France,Male,43,590,0.0,2,1,0,Low Risk,Normal Monitoring,0
Spain,Female,40,739,0.0,1,0,2,Low Risk,Normal Monitoring,0
France,Male,42,373,0.0,1,0,2,Low Risk,Normal Monitoring,1
France,Female,46,418,0.0,1,1,1,Low Risk,Normal Monitoring,1
France,Female,29,837,0.0,2,1,0,Low Risk,Normal Monitoring,0
Germany,Male,43,645,140121.17,1,0,5,High Risk,Immediate Follow-up,1
Germany,Male,39,552,132906.88,1,1,3,Medium Risk,Contact Customer,0
Germany,Male,45,580,179334.83,2,1,4,Medium Risk,Contact Customer,0
France,Male,35,684,137179.39,1,1,1,Low Risk,Normal Monitoring,0
Spain,Male,35,634,0.0,2,1,0,Low Risk,Normal Monitoring,0
France,Female,49,607,119960.29,2,0,4,Medium Risk,Contact Customer,0
France,Male,29,802,127414.55,1,1,1,Low Risk,Normal Monitoring,0
France,Female,36,736,0.0,1,0,2,Low Risk,Normal Monitoring,0
France,Female,40,629,137409.19,1,0,3,Medium Risk,Contact Customer,1
France,Male,28,737,0.0,2,0,2,Low Risk,Normal Monitoring,0
Spain,Female,39,718,0.0,1,1,0,Low Risk,Normal Monitoring,0
France,Male,43,561,0.0,4,0,5,High Risk,Immediate Follow-up,1
France,Male,31,641,112494.99,1,1,1,Low Risk,Normal Monitoring,0
France,Male,30,677,78133.15,1,1,0,Low Risk,Normal Monitoring,0
Spain,Female,36,641,0.0,2,0,2,Low Risk,Normal Monitoring,0
Spain,Female,32,658,145553.07,1,1,1,Low Risk,Normal Monitoring,0
Germany,Male,48,659,123593.22,2,0,6,High Risk,Immediate Follow-up,1
France,Female,47,567,0.0,1,0,3,Medium Risk,Contact Customer,1
France,Female,26,584,146286.22,1,0,3,Medium Risk,Contact Customer,0
Spain,Female,35,709,111827.27,2,0,3,Medium Risk,Contact Customer,0
Spain,Female,26,690,0.0,2,1,0,Low Risk,Normal Monitoring,0
France,Male,70,627,94416.78,1,1,2,Low Risk,Normal Monitoring,0
Spain,Male,45,765,91549.78,1,1,2,Low Risk,Normal Monitoring,0
France,Female,38,645,59568.57,1,1,0,Low Risk,Normal Monitoring,0
France,Female,23,716,94464.81,2,1,1,Low Risk,Normal Monitoring,0
France,Female,57,771,0.0,1,0,3,Medium Risk,Contact Customer,1
Germany,Male,44,687,95368.14,2,1,3,Medium Risk,Contact Customer,0
Germany,Female,33,717,102185.42,2,0,5,High Risk,Immediate Follow-up,0
France,Male,32,524,144875.71,1,0,3,Medium Risk,Contact Customer,0
Spain,Male,39,679,0.0,2,1,0,Low Risk,Normal Monitoring,0
France,Female,32,538,0.0,1,1,0,Low Risk,Normal Monitoring,0
Germany,Female,37,752,113291.05,2,1,3,Medium Risk,Contact Customer,0
Spain,Male,61,846,0.0,2,1,1,Low Risk,Normal Monitoring,0
Spain,Female,39,532,0.0,2,0,2,Low Risk,Normal Monitoring,0
Germany,Male,43,670,111677.88,1,0,5,High Risk,Immediate Follow-up,1
Germany,Female,35,597,131101.04,1,1,3,Medium Risk,Contact Customer,0
Germany,Male,52,627,76101.81,2,1,3,Medium Risk,Contact Customer,0
Spain,Female,40,700,0.0,2,0,2,Low Risk,Normal Monitoring,0
France,Female,52,766,92510.9,2,1,2,Low Risk,Normal Monitoring,0
France,Female,34,488,0.0,2,1,0,Low Risk,Normal Monitoring,0
France,Male,39,694,77652.4,1,1,0,Low Risk,Normal Monitoring,0
France,Female,31,639,98360.03,1,0,3,Medium Risk,Contact Customer,0
Germany,Female,46,705,115518.07,1,0,6,High Risk,Immediate Follow-up,1
Germany,Male,69,810,27288.43,1,1,3,Medium Risk,Contact Customer,0
France,Female,36,638,0.0,1,0,2,Low Risk,Normal Monitoring,0
Spain,Female,43,595,0.0,2,0,2,Low Risk,Normal Monitoring,0
France,Male,36,575,0.0,1,1,0,Low Risk,Normal Monitoring,1
France,Male,31,850,131996.66,2,1,1,Low Risk,Normal Monitoring,0
Spain,Female,27,419,121580.42,1,1,1,Low Risk,Normal Monitoring,0
France,Male,55,640,132436.34,1,0,4,Medium Risk,Contact Customer,0
Spain,Male,34,570,0.0,2,1,0,Low Risk,Normal Monitoring,0
Germany,Female,46,640,107978.4,2,0,6,High Risk,Immediate Follow-up,0
Germany,Female,40,689,78119.59,4,0,7,High Risk,Immediate Follow-up,1
France,Male,26,725,98684.15,1,0,3,Medium Risk,Contact Customer,0
France,Female,44,751,0.0,2,0,2,Low Risk,Normal Monitoring,0
Spain,Female,53,544,0.0,1,0,3,Medium Risk,Contact Customer,1
Germany,Female,43,768,129264.05,2,0,5,High Risk,Immediate Follow-up,0
Germany,Male,37,648,131753.41,1,0,5,High Risk,Immediate Follow-up,0
Spain,Female,33,577,0.0,2,0,2,Low Risk,Normal Monitoring,0
Spain,Female,27,639,0.0,1,1,0,Low Risk,Normal Monitoring,0
Germany,Male,26,686,57422.62,1,1,2,Low Risk,Normal Monitoring,0
France,Female,28,657,0.0,2,1,0,Low Risk,Normal Monitoring,0
France,Male,34,613,144094.2,1,0,3,Medium Risk,Contact Customer,0
France,Male,33,701,147510.34,1,0,3,Medium Risk,Contact Customer,0
Spain,Female,28,578,161592.76,1,0,3,Medium Risk,Contact Customer,0
France,Female,40,689,0.0,2,1,0,Low Risk,Normal Monitoring,0
Spain,Female,72,687,0.0,2,1,1,Low Risk,Normal Monitoring,0
Spain,Female,53,499,75225.53,2,0,3,Medium Risk,Contact Customer,1
Spain,Female,39,693,0.0,2,0,2,Low Risk,Normal Monitoring,0
France,Female,70,737,87542.89,2,1,1,Low Risk,Normal Monitoring,0
France,Female,32,651,144581.96,1,1,1,Low Risk,Normal Monitoring,0
France,Male,33,753,122568.05,2,1,1,Low Risk,Normal Monitoring,0
Spain,Female,24,523,172231.93,1,1,1,Low Risk,Normal Monitoring,0
Germany,Female,28,458,171932.26,2,1,3,Medium Risk,Contact Customer,0
France,Male,39,643,0.0,2,1,0,Low Risk,Normal Monitoring,0
Spain,Female,34,638,0.0,2,0,2,Low Risk,Normal Monitoring,0
Germany,Male,38,685,111798.06,2,1,3,Medium Risk,Contact Customer,0
France,Male,38,684,0.0,3,0,5,High Risk,Immediate Follow-up,0
France,Female,27,670,79336.61,1,1,0,Low Risk,Normal Monitoring,0
Germany,Male,63,701,120916.52,3,0,9,High Risk,Immediate Follow-up,1
France,Female,31,705,142905.51,1,1,1,Low Risk,Normal Monitoring,0
Spain,Male,27,593,0.0,3,0,5,High Risk,Immediate Follow-up,1
France,Female,33,651,96834.78,1,0,3,Medium Risk,Contact Customer,0
France,Male,37,741,105261.76,2,1,1,Low Risk,Normal Monitoring,0
Germany,Male,54,596,123544.0,1,1,4,Medium Risk,Contact Customer,1
Germany,Male,41,581,127913.71,2,1,3,Medium Risk,Contact Customer,0
Spain,Female,28,689,95328.6,1,0,3,Medium Risk,Contact Customer,1
France,Male,30,544,73218.89,1,1,0,Low Risk,Normal Monitoring,0
France,Female,41,718,0.0,2,1,0,Low Risk,Normal Monitoring,1
Germany,Male,35,583,149995.72,2,0,5,High Risk,Immediate Follow-up,0
Germany,Male,28,663,123674.28,2,1,3,Medium Risk,Contact Customer,0
Germany,Male,33,666,124125.26,1,0,5,High Risk,Immediate Follow-up,0
Spain,Male,29,524,159035.45,1,0,3,Medium Risk,Contact Customer,1
France,Male,27,599,0.0,2,0,2,Low Risk,Normal Monitoring,0
France,Male,27,667,156811.74,1,1,1,Low Risk,Normal Monitoring,0
France,Male,52,727,0.0,2,1,1,Low Risk,Normal Monitoring,0
Spain,Female,55,689,0.0,2,1,1,Low Risk,Normal Monitoring,0
France,Male,39,639,150555.83,1,0,3,Medium Risk,Contact Customer,0
France,Male,28,678,109137.12,1,1,1,Low Risk,Normal Monitoring,0
France,Male,36,523,158351.02,2,0,3,Medium Risk,Contact Customer,0
France,Female,47,650,0.0,1,0,3,Medium Risk,Contact Customer,0
Spain,Male,35,744,0.0,2,1,0,Low Risk,Normal Monitoring,0
France,Male,40,697,0.0,2,1,0,Low Risk,Normal Monitoring,0
Spain,Female,46,800,0.0,2,0,3,Medium Risk,Contact Customer,0
France,Male,24,664,0.0,1,1,0,Low Risk,Normal Monitoring,0
France,Male,39,740,0.0,2,0,2,Low Risk,Normal Monitoring,0
France,Female,56,835,0.0,2,1,1,Low Risk,Normal Monitoring,0
France,Male,52,559,0.0,1,0,3,Medium Risk,Contact Customer,1
Spain,Male,36,676,82729.49,1,0,2,Low Risk,Normal Monitoring,0
Germany,Female,45,613,142765.24,2,0,6,High Risk,Immediate Follow-up,0
France,Female,25,713,121172.97,1,1,1,Low Risk,Normal Monitoring,0
Germany,Female,28,751,132932.14,2,1,3,Medium Risk,Contact Customer,0
France,Male,22,523,123374.46,1,1,1,Low Risk,Normal Monitoring,0
Germany,Female,74,775,161371.5,1,1,4,Medium Risk,Contact Customer,0
Spain,Male,45,608,0.0,2,0,3,Medium Risk,Contact Customer,1
France,Male,51,673,79563.36,2,1,1,Low Risk,Normal Monitoring,0
France,Male,46,616,0.0,2,0,3,Medium Risk,Contact Customer,0
Germany,Female,48,650,138232.24,1,0,6,High Risk,Immediate Follow-up,0
France,Female,41,655,0.0,1,0,2,Low Risk,Normal Monitoring,1
Germany,Female,53,782,81571.05,1,0,5,High Risk,Immediate Follow-up,1
Spain,Male,35,781,0.0,2,0,2,Low Risk,Normal Monitoring,0
France,Female,33,593,95927.04,1,0,3,Medium Risk,Contact Customer,0
Spain,Male,35,505,116932.59,1,0,3,Medium Risk,Contact Customer,0
France,Male,40,707,0.0,2,0,2,Low Risk,Normal Monitoring,1
France,Female,36,692,79551.12,1,1,0,Low Risk,Normal Monitoring,0
Germany,Male,30,813,116416.94,1,1,3,Medium Risk,Contact Customer,0
Spain,Male,37,850,88141.1,1,0,2,Low Risk,Normal Monitoring,0
France,Male,32,753,177729.13,1,1,1,Low Risk,Normal Monitoring,0
Spain,Female,32,850,0.0,1,1,0,Low Risk,Normal Monitoring,0
Spain,Male,32,671,123912.78,2,1,1,Low Risk,Normal Monitoring,0
France,Female,33,791,0.0,1,1,0,Low Risk,Normal Monitoring,1
France,Male,80,624,0.0,1,1,1,Low Risk,Normal Monitoring,0
France,Female,35,649,108306.44,1,1,1,Low Risk,Normal Monitoring,0
Germany,Female,48,732,102962.62,1,0,6,High Risk,Immediate Follow-up,1
France,Female,36,664,103502.22,1,1,1,Low Risk,Normal Monitoring,0
Germany,Male,43,789,119654.44,2,1,3,Medium Risk,Contact Customer,1
France,Male,33,680,183768.47,1,0,3,Medium Risk,Contact Customer,0
France,Male,37,701,0.0,2,0,2,Low Risk,Normal Monitoring,0
France,Female,25,684,0.0,2,1,0,Low Risk,Normal Monitoring,0
France,Female,52,586,140900.97,1,1,2,Low Risk,Normal Monitoring,0
Germany,Female,25,522,94049.92,2,0,5,High Risk,Immediate Follow-up,0
Spain,Female,27,739,98926.4,1,1,1,Low Risk,Normal Monitoring,0
Germany,Male,18,835,142872.36,1,1,3,Medium Risk,Contact Customer,0
Spain,Male,29,790,46057.96,2,1,0,Low Risk,Normal Monitoring,0
France,Female,48,671,119769.77,1,1,2,Low Risk,Normal Monitoring,0
France,Female,44,560,143244.97,1,0,3,Medium Risk,Contact Customer,0
France,Male,28,651,79562.98,1,1,0,Low Risk,Normal Monitoring,0
France,Male,69,682,0.0,2,1,1,Low Risk,Normal Monitoring,0
France,Male,41,808,0.0,1,1,0,Low Risk,Normal Monitoring,0
Spain,Male,26,644,96659.64,2,1,1,Low Risk,Normal Monitoring,0
France,Male,29,688,0.0,2,0,2,Low Risk,Normal Monitoring,0
France,Female,26,617,165947.99,2,1,1,Low Risk,Normal Monitoring,0
France,Male,33,738,92676.3,1,0,3,Medium Risk,Contact Customer,0
France,Male,45,663,83195.12,1,1,1,Low Risk,Normal Monitoring,0
France,Male,48,515,129387.94,1,1,2,Low Risk,Normal Monitoring,1
France,Female,28,845,0.0,2,1,0,Low Risk,Normal Monitoring,0
Spain,Male,38,639,130233.14,1,1,1,Low Risk,Normal Monitoring,0
France,Female,32,557,123502.53,1,1,1,Low Risk,Normal Monitoring,0
Germany,Male,37,543,140894.06,2,1,3,Medium Risk,Contact Customer,0
Germany,Male,44,585,163867.86,1,1,3,Medium Risk,Contact Customer,0
France,Female,27,610,0.0,2,0,2,Low Risk,Normal Monitoring,0
Germany,Female,18,727,93816.7,2,0,5,High Risk,Immediate Follow-up,0
Spain,Female,40,540,0.0,2,0,2,Low Risk,Normal Monitoring,0
France,Male,35,418,0.0,2,1,0,Low Risk,Normal Monitoring,0
France,Female,32,660,114668.89,1,0,3,Medium Risk,Contact Customer,0
Germany,Male,38,850,146756.68,1,0,5,High Risk,Immediate Follow-up,0
France,Female,46,618,150213.71,1,0,4,Medium Risk,Contact Customer,1
Germany,Male,18,642,111183.53,2,1,3,Medium Risk,Contact Customer,0
France,Female,40,850,99816.46,1,1,1,Low Risk,Normal Monitoring,1
France,Male,34,739,0.0,1,0,2,Low Risk,Normal Monitoring,0
France,Female,41,508,0.0,2,1,0,Low Risk,Normal Monitoring,0
France,Male,41,667,0.0,2,0,2,Low Risk,Normal Monitoring,0
France,Female,60,741,0.0,1,1,1,Low Risk,Normal Monitoring,0
France,Male,29,592,0.0,2,1,0,Low Risk,Normal Monitoring,0
Germany,Female,45,651,86714.06,1,0,5,High Risk,Immediate Follow-up,1
Spain,Male,52,773,0.0,2,0,3,Medium Risk,Contact Customer,0
Spain,Male,41,850,132838.07,1,1,1,Low Risk,Normal Monitoring,0
Germany,Female,42,550,128707.31,1,0,5,High Risk,Immediate Follow-up,1
France,Male,40,783,0.0,2,0,2,Low Risk,Normal Monitoring,0
France,Male,29,777,0.0,2,0,2,Low Risk,Normal Monitoring,0
France,Male,29,659,123192.12,1,1,1,Low Risk,Normal Monitoring,1
Germany,Male,46,727,115248.11,4,0,9,High Risk,Immediate Follow-up,1
France,Male,38,603,59360.77,1,1,0,Low Risk,Normal Monitoring,0
Spain,Male,37,644,0.0,2,1,0,Low Risk,Normal Monitoring,0
France,Female,35,647,112668.7,1,1,1,Low Risk,Normal Monitoring,0
Germany,Female,37,648,138503.51,2,0,5,High Risk,Immediate Follow-up,0
Spain,Male,57,721,0.0,1,1,1,Low Risk,Normal Monitoring,0
France,Male,29,524,0.0,2,1,0,Low Risk,Normal Monitoring,0
France,Female,34,626,0.0,2,1,0,Low Risk,Normal Monitoring,0
France,Male,43,569,0.0,2,0,2,Low Risk,Normal Monitoring,0
Spain,Male,36,578,157267.95,2,0,3,Medium Risk,Contact Customer,0
France,Female,40,769,133871.05,1,1,1,Low Risk,Normal Monitoring,0
Germany,Male,31,694,141989.27,2,0,5,High Risk,Immediate Follow-up,0
France,Female,41,664,0.0,1,1,0,Low Risk,Normal Monitoring,0
France,Male,38,646,0.0,2,0,2,Low Risk,Normal Monitoring,0
France,Female,29,779,46388.16,3,0,5,High Risk,Immediate Follow-up,1
Germany,Female,72,782,148666.99,1,0,6,High Risk,Immediate Follow-up,1
Germany,Male,34,769,115101.5,1,0,5,High Risk,Immediate Follow-up,1
Germany,Male,67,655,148363.38,1,1,4,Medium Risk,Contact Customer,0
Spain,Male,46,623,0.0,1,0,3,Medium Risk,Contact Customer,1
Spain,Female,39,705,144102.32,1,1,1,Low Risk,Normal Monitoring,0
France,Male,41,686,128876.71,3,1,4,Medium Risk,Contact Customer,1
Germany,Male,36,678,118448.15,2,0,5,High Risk,Immediate Follow-up,0
France,Male,39,738,0.0,2,1,0,Low Risk,Normal Monitoring,0
France,Male,28,703,0.0,2,1,0,Low Risk,Normal Monitoring,0
Spain,Male,42,554,0.0,2,1,0,Low Risk,Normal Monitoring,0
France,Female,38,582,135979.01,4,1,4,Medium Risk,Contact Customer,1
France,Male,37,644,117271.8,2,0,3,Medium Risk,Contact Customer,1
France,Male,29,724,0.0,1,0,2,Low Risk,Normal Monitoring,0
France,Male,33,593,0.0,2,0,2,Low Risk,Normal Monitoring,0
Spain,Female,30,710,0.0,2,0,2,Low Risk,Normal Monitoring,0
France,Male,35,631,129205.49,1,1,1,Low Risk,Normal Monitoring,0
Spain,Female,41,739,0.0,1,0,2,Low Risk,Normal Monitoring,1
Spain,Male,18,644,0.0,1,1,0,Low Risk,Normal Monitoring,1
Germany,Male,35,652,104015.54,2,1,3,Medium Risk,Contact Customer,0
Spain,Male,37,554,0.0,2,0,2,Low Risk,Normal Monitoring,0
France,Female,30,483,0.0,2,0,2,Low Risk,Normal Monitoring,0
Germany,Female,42,669,103873.39,1,0,5,High Risk,Immediate Follow-up,0
Germany,Female,52,841,112383.03,1,0,6,High Risk,Immediate Follow-up,1
France,Male,34,662,117731.79,2,1,1,Low Risk,Normal Monitoring,0
Germany,Male,45,821,135827.33,2,1,4,Medium Risk,Contact Customer,0
France,Male,38,783,114135.17,1,0,3,Medium Risk,Contact Customer,0
France,Female,28,850,0.0,2,1,0,Low Risk,Normal Monitoring,0
France,Male,62,559,118756.62,1,1,2,Low Risk,Normal Monitoring,0
Spain,Male,34,602,98382.72,1,0,3,Medium Risk,Contact Customer,0
Germany,Male,41,563,100520.92,1,1,3,Medium Risk,Contact Customer,1
Spain,Female,35,695,79858.13,2,1,0,Low Risk,Normal Monitoring,0
France,Female,20,546,0.0,1,1,0,Low Risk,Normal Monitoring,0
Germany,Female,76,719,95052.29,1,0,6,High Risk,Immediate Follow-up,0
Germany,Male,42,539,177728.55,1,0,5,High Risk,Immediate Follow-up,0
France,Male,71,632,83116.68,1,1,1,Low Risk,Normal Monitoring,0
Germany,Male,34,772,111565.91,1,1,3,Medium Risk,Contact Customer,0
Spain,Male,40,708,83015.71,1,0,2,Low Risk,Normal Monitoring,0
Germany,Female,28,668,124511.01,1,0,5,High Risk,Immediate Follow-up,0
France,Female,67,738,130652.52,1,1,2,Low Risk,Normal Monitoring,0
France,Male,55,785,0.0,2,1,1,Low Risk,Normal Monitoring,0
France,Male,61,597,0.0,2,1,1,Low Risk,Normal Monitoring,0
France,Male,37,531,121854.45,1,0,3,Medium Risk,Contact Customer,0
France,Male,26,509,0.0,2,1,0,Low Risk,Normal Monitoring,0
France,Male,35,508,86893.28,1,0,2,Low Risk,Normal Monitoring,0
Germany,Female,32,749,79523.13,1,1,2,Low Risk,Normal Monitoring,0
Germany,Female,55,621,131033.76,1,1,4,Medium Risk,Contact Customer,1
France,Female,33,659,89939.62,1,0,2,Low Risk,Normal Monitoring,0
Germany,Female,59,634,95727.05,1,0,6,High Risk,Immediate Follow-up,1
France,Male,39,675,0.0,2,1,0,Low Risk,Normal Monitoring,0
France,Male,31,770,155047.56,2,1,1,Low Risk,Normal Monitoring,0
France,Female,29,736,0.0,2,0,2,Low Risk,Normal Monitoring,0
France,Male,44,524,118569.03,2,0,3,Medium Risk,Contact Customer,0
France,Male,28,674,0.0,1,1,0,Low Risk,Normal Monitoring,0
Spain,Male,44,700,0.0,2,0,2,Low Risk,Normal Monitoring,0
France,Female,35,741,0.0,2,0,2,Low Risk,Normal Monitoring,0
France,Male,40,455,0.0,3,1,3,Medium Risk,Contact Customer,0
Spain,Male,37,608,130461.02,1,0,3,Medium Risk,Contact Customer,0
France,Male,36,776,0.0,2,0,2,Low Risk,Normal Monitoring,0
France,Male,33,635,0.0,3,0,5,High Risk,Immediate Follow-up,1
France,Female,37,746,0.0,2,1,0,Low Risk,Normal Monitoring,0
Spain,Female,47,692,0.0,2,0,3,Medium Risk,Contact Customer,1
Spain,Male,35,683,61172.04,1,0,2,Low Risk,Normal Monitoring,0
Germany,Female,35,591,90194.34,2,0,5,High Risk,Immediate Follow-up,0
France,Female,24,581,95508.2,1,1,1,Low Risk,Normal Monitoring,0
Germany,Male,35,684,99967.76,1,1,3,Medium Risk,Contact Customer,0
Spain,Male,37,561,101470.29,1,1,1,Low Risk,Normal Monitoring,0
Germany,Female,33,718,70541.06,1,0,4,Medium Risk,Contact Customer,0
France,Male,31,590,112211.61,1,0,3,Medium Risk,Contact Customer,0
France,Female,47,573,154543.98,1,0,4,Medium Risk,Contact Customer,0
France,Female,40,350,111098.85,1,1,1,Low Risk,Normal Monitoring,1
Germany,Female,44,504,131873.07,2,1,3,Medium Risk,Contact Customer,1
Spain,Male,27,813,137275.36,1,1,1,Low Risk,Normal Monitoring,0
Spain,Male,31,641,153316.14,1,0,3,Medium Risk,Contact Customer,0
France,Female,22,662,0.0,2,1,0,Low Risk,Normal Monitoring,0
Spain,Male,44,497,121250.04,1,1,1,Low Risk,Normal Monitoring,0
France,Male,31,716,109578.04,2,1,1,Low Risk,Normal Monitoring,0
France,Female,37,526,53573.18,1,0,2,Low Risk,Normal Monitoring,0
Germany,Female,34,760,58003.41,1,0,4,Medium Risk,Contact Customer,0
France,Female,31,669,113000.66,1,0,3,Medium Risk,Contact Customer,0
France,Male,27,655,0.0,2,0,2,Low Risk,Normal Monitoring,0
France,Female,49,547,0.0,1,0,3,Medium Risk,Contact Customer,1
Germany,Female,40,648,139973.65,1,1,3,Medium Risk,Contact Customer,1
France,Female,31,790,151290.16,1,1,1,Low Risk,Normal Monitoring,0
Germany,Female,50,744,121498.11,2,1,4,Medium Risk,Contact Customer,1
Spain,Female,32,761,103515.39,2,1,1,Low Risk,Normal Monitoring,0
France,Female,35,750,0.0,1,0,2,Low Risk,Normal Monitoring,0
France,Male,34,680,0.0,2,1,0,Low Risk,Normal Monitoring,0
Spain,Male,38,704,106687.76,1,0,3,Medium Risk,Contact Customer,0
France,Female,41,521,0.0,2,1,0,Low Risk,Normal Monitoring,0
France,Female,35,452,0.0,2,1,0,Low Risk,Normal Monitoring,0
France,Female,31,695,106089.2,1,0,3,Medium Risk,Contact Customer,0
Spain,Male,71,850,69608.14,1,0,3,Medium Risk,Contact Customer,1
France,Male,31,625,0.0,2,1,0,Low Risk,Normal Monitoring,0
Germany,Female,40,608,96202.32,1,0,5,High Risk,Immediate Follow-up,0
France,Female,38,715,0.0,2,1,0,Low Risk,Normal Monitoring,0
Spain,Male,33,834,0.0,2,0,2,Low Risk,Normal Monitoring,0
France,Male,33,469,127818.52,1,0,3,Medium Risk,Contact Customer,0
France,Female,40,480,0.0,1,0,2,Low Risk,Normal Monitoring,1
Germany,Male,58,527,137318.42,1,1,4,Medium Risk,Contact Customer,0
Spain,Male,34,834,0.0,2,0,2,Low Risk,Normal Monitoring,0
France,Female,40,583,55776.39,2,0,2,Low Risk,Normal Monitoring,0
Germany,Male,32,696,84421.62,1,1,2,Low Risk,Normal Monitoring,0
France,Male,32,606,83161.65,1,1,0,Low Risk,Normal Monitoring,0
France,Female,39,713,0.0,2,1,0,Low Risk,Normal Monitoring,0
Germany,Male,42,821,87807.29,2,1,2,Low Risk,Normal Monitoring,0
France,Female,30,550,0.0,2,0,2,Low Risk,Normal Monitoring,0
France,Female,39,675,0.0,2,0,2,Low Risk,Normal Monitoring,0
Spain,Male,39,748,0.0,2,1,0,Low Risk,Normal Monitoring,0
Germany,Male,40,606,95293.86,2,1,3,Medium Risk,Contact Customer,0
Germany,Male,30,726,92847.59,1,0,5,High Risk,Immediate Follow-up,0
France,Male,30,547,0.0,2,1,0,Low Risk,Normal Monitoring,0
Spain,Male,35,758,0.0,2,0,2,Low Risk,Normal Monitoring,0
France,Male,37,596,0.0,1,1,0,Low Risk,Normal Monitoring,0
Spain,Male,34,720,0.0,2,1,0,Low Risk,Normal Monitoring,0
France,Male,37,674,0.0,1,0,2,Low Risk,Normal Monitoring,0
France,Female,32,756,0.0,2,0,2,Low Risk,Normal Monitoring,0
Germany,Male,78,649,68345.86,2,1,3,Medium Risk,Contact Customer,0
Germany,Male,28,613,76656.4,2,1,2,Low Risk,Normal Monitoring,0
France,Male,62,643,0.0,2,0,3,Medium Risk,Contact Customer,0
France,Male,31,600,0.0,2,1,0,Low Risk,Normal Monitoring,0
Spain,Male,39,735,60374.98,1,0,2,Low Risk,Normal Monitoring,0
France,Female,34,585,0.0,1,1,0,Low Risk,Normal Monitoring,0
Germany,Male,33,724,88046.88,1,1,2,Low Risk,Normal Monitoring,1
Spain,Male,29,635,0.0,2,0,2,Low Risk,Normal Monitoring,0
France,Male,19,472,0.0,2,0,2,Low Risk,Normal Monitoring,0
France,Male,36,590,0.0,2,0,2,Low Risk,Normal Monitoring,0
Spain,Female,63,651,129968.67,1,1,2,Low Risk,Normal Monitoring,0
Germany,Female,39,686,157731.6,2,0,5,High Risk,Immediate Follow-up,0
France,Male,32,606,0.0,2,1,0,Low Risk,Normal Monitoring,0
France,Male,33,781,89276.48,1,0,2,Low Risk,Normal Monitoring,0
France,Male,45,593,138825.19,1,0,4,Medium Risk,Contact Customer,0
France,Male,63,793,103729.79,2,1,2,Low Risk,Normal Monitoring,0
France,Female,31,791,75499.24,1,0,2,Low Risk,Normal Monitoring,0
France,Male,68,850,169445.4,1,1,2,Low Risk,Normal Monitoring,0
France,Female,57,698,111359.55,2,0,4,Medium Risk,Contact Customer,0
France,Female,34,846,142388.61,2,1,1,Low Risk,Normal Monitoring,1
France,Male,42,765,123311.39,2,1,1,Low Risk,Normal Monitoring,0
Spain,Male,52,574,115532.52,1,0,4,Medium Risk,Contact Customer,0
Germany,Female,51,617,167273.71,1,0,6,High Risk,Immediate Follow-up,1
France,Male,25,581,77886.53,2,0,2,Low Risk,Normal Monitoring,0
Germany,Male,37,710,135795.63,1,1,3,Medium Risk,Contact Customer,0
France,Male,32,550,97514.07,1,1,1,Low Risk,Normal Monitoring,0
Germany,Male,51,533,127545.56,2,0,6,High Risk,Immediate Follow-up,1
France,Male,49,779,106160.37,1,0,4,Medium Risk,Contact Customer,0
France,Female,23,763,0.0,2,0,2,Low Risk,Normal Monitoring,0
Spain,Female,36,563,143680.47,2,1,1,Low Risk,Normal Monitoring,0
Spain,Male,38,678,124483.53,1,0,3,Medium Risk,Contact Customer,0
Spain,Female,31,644,86006.3,1,1,0,Low Risk,Normal Monitoring,0
Germany,Female,43,682,111094.05,2,1,3,Medium Risk,Contact Customer,0
France,Male,22,625,0.0,2,0,2,Low Risk,Normal Monitoring,0
Spain,Male,36,733,0.0,2,1,0,Low Risk,Normal Monitoring,0
France,Female,30,512,0.0,2,0,2,Low Risk,Normal Monitoring,0
France,Female,41,642,115171.71,1,1,1,Low Risk,Normal Monitoring,0
Germany,Female,22,737,111543.26,2,0,5,High Risk,Immediate Follow-up,0
France,Female,57,575,137936.94,1,1,2,Low Risk,Normal Monitoring,0
Germany,Female,37,543,122304.65,2,0,5,High Risk,Immediate Follow-up,0
Germany,Male,41,521,120586.54,1,1,3,Medium Risk,Contact Customer,0
France,Male,32,637,0.0,2,1,0,Low Risk,Normal Monitoring,0
France,Male,40,714,46520.69,1,1,0,Low Risk,Normal Monitoring,0
Spain,Female,56,726,105473.74,1,1,2,Low Risk,Normal Monitoring,0
Spain,Female,34,680,0.0,2,0,2,Low Risk,Normal Monitoring,0
Germany,Male,39,812,115730.71,3,1,6,High Risk,Immediate Follow-up,1
Spain,Male,30,757,145396.49,1,1,1,Low Risk,Normal Monitoring,0
Spain,Male,62,710,131078.42,2,0,4,Medium Risk,Contact Customer,1
Germany,Female,47,516,128298.74,1,0,6,High Risk,Immediate Follow-up,1
France,Female,40,803,165526.71,1,0,3,Medium Risk,Contact Customer,0
France,Female,38,560,83714.41,1,1,0,Low Risk,Normal Monitoring,0
France,Female,36,679,0.0,2,1,0,Low Risk,Normal Monitoring,0
France,Male,32,526,125540.05,1,0,3,Medium Risk,Contact Customer,0
France,Male,41,485,100254.76,2,1,1,Low Risk,Normal Monitoring,0
France,Female,36,625,0.0,2,0,2,Low Risk,Normal Monitoring,1
Spain,Male,43,773,138150.57,1,1,1,Low Risk,Normal Monitoring,0
France,Female,45,530,0.0,1,1,1,Low Risk,Normal Monitoring,1
Germany,Female,43,616,95984.21,1,1,3,Medium Risk,Contact Customer,1
France,Male,23,651,0.0,2,1,0,Low Risk,Normal Monitoring,0
Germany,Male,38,586,136858.42,1,1,3,Medium Risk,Contact Customer,0
Germany,Male,29,607,102609.0,1,0,5,High Risk,Immediate Follow-up,0
Spain,Male,39,724,0.0,2,1,0,Low Risk,Normal Monitoring,0
France,Male,64,733,0.0,2,1,1,Low Risk,Normal Monitoring,0
Germany,Male,70,667,77356.92,2,1,3,Medium Risk,Contact Customer,0
France,Female,32,700,110923.15,2,1,1,Low Risk,Normal Monitoring,1
Spain,Male,78,659,151675.65,1,1,2,Low Risk,Normal Monitoring,0
Spain,Male,22,710,0.0,3,0,5,High Risk,Immediate Follow-up,0
France,Male,37,760,0.0,1,0,2,Low Risk,Normal Monitoring,1
France,Female,25,677,0.0,2,0,2,Low Risk,Normal Monitoring,0
Germany,Female,29,798,80204.11,2,0,4,Medium Risk,Contact Customer,0
France,Male,35,758,0.0,2,0,2,Low Risk,Normal Monitoring,0
France,Male,45,715,0.0,2,1,1,Low Risk,Normal Monitoring,0
Germany,Male,32,752,115587.49,2,1,3,Medium Risk,Contact Customer,0
Germany,Male,46,586,106968.96,1,1,4,Medium Risk,Contact Customer,1
France,Male,36,818,0.0,2,1,0,Low Risk,Normal Monitoring,0
Germany,Female,41,490,139659.04,1,1,3,Medium Risk,Contact Customer,0
Germany,Female,69,610,86038.21,3,0,8,High Risk,Immediate Follow-up,1
Germany,Male,24,627,102773.2,2,0,5,High Risk,Immediate Follow-up,1
France,Female,35,533,0.0,2,1,0,Low Risk,Normal Monitoring,0
France,Female,51,708,70754.18,1,1,1,Low Risk,Normal Monitoring,1
France,Male,59,681,122781.51,1,1,2,Low Risk,Normal Monitoring,0
France,Male,21,690,0.0,2,1,0,Low Risk,Normal Monitoring,0
Germany,Male,68,656,153545.11,1,1,4,Medium Risk,Contact Customer,0
Spain,Male,40,673,121629.22,1,1,1,Low Risk,Normal Monitoring,0
Germany,Male,36,806,167983.17,2,1,3,Medium Risk,Contact Customer,0
Spain,Female,43,648,81153.82,1,1,0,Low Risk,Normal Monitoring,1
France,Male,35,501,99760.84,1,1,1,Low Risk,Normal Monitoring,0
Germany,Female,43,556,125890.72,1,1,3,Medium Risk,Contact Customer,0
France,Female,27,627,0.0,2,0,2,Low Risk,Normal Monitoring,0
France,Male,31,652,119148.55,1,0,3,Medium Risk,Contact Customer,0
Germany,Female,60,807,72948.58,2,1,3,Medium Risk,Contact Customer,0
Germany,Male,21,708,133974.36,2,0,5,High Risk,Immediate Follow-up,0
France,Male,27,619,154483.98,1,0,3,Medium Risk,Contact Customer,0
France,Male,40,601,98627.13,2,0,3,Medium Risk,Contact Customer,0
France,Male,64,445,136770.67,1,1,2,Low Risk,Normal Monitoring,0
Germany,Male,39,800,95252.72,1,0,5,High Risk,Immediate Follow-up,0
France,Male,33,554,117413.95,1,1,1,Low Risk,Normal Monitoring,0
Germany,Male,54,714,137986.58,2,1,4,Medium Risk,Contact Customer,1
France,Male,44,656,143571.52,1,0,3,Medium Risk,Contact Customer,0
France,Male,49,520,121197.64,1,0,4,Medium Risk,Contact Customer,1
Spain,Male,39,480,121626.9,1,1,1,Low Risk,Normal Monitoring,0
Germany,Male,30,660,84440.1,2,1,2,Low Risk,Normal Monitoring,0
France,Male,36,532,0.0,2,1,0,Low Risk,Normal Monitoring,0
France,Male,42,679,0.0,2,0,2,Low Risk,Normal Monitoring,0
France,Female,26,780,140356.7,1,0,3,Medium Risk,Contact Customer,0
France,Male,29,747,0.0,2,1,0,Low Risk,Normal Monitoring,0
France,Female,39,705,92224.56,1,1,1,Low Risk,Normal Monitoring,0
France,Female,43,732,0.0,2,0,2,Low Risk,Normal Monitoring,0
Spain,Male,40,515,121355.99,1,0,3,Medium Risk,Contact Customer,0
Germany,Female,40,816,109003.26,1,1,3,Medium Risk,Contact Customer,0
France,Female,48,641,147341.43,1,1,2,Low Risk,Normal Monitoring,1
France,Male,18,509,102983.91,1,0,3,Medium Risk,Contact Customer,0
Germany,Female,49,601,96252.98,2,0,6,High Risk,Immediate Follow-up,0
France,Male,39,527,0.0,2,0,2,Low Risk,Normal Monitoring,1
France,Female,27,455,155879.09,2,0,3,Medium Risk,Contact Customer,0
Germany,Male,34,803,142929.16,2,1,3,Medium Risk,Contact Customer,0
France,Male,32,553,64082.09,1,1,0,Low Risk,Normal Monitoring,0
France,Female,28,724,0.0,1,0,2,Low Risk,Normal Monitoring,0
France,Female,45,610,0.0,2,1,1,Low Risk,Normal Monitoring,0
Spain,Female,39,559,0.0,2,1,0,Low Risk,Normal Monitoring,0
Germany,Female,35,825,118336.95,1,0,5,High Risk,Immediate Follow-up,1
Spain,Female,28,819,168253.21,1,1,1,Low Risk,Normal Monitoring,0
Germany,Female,42,772,101979.16,1,0,5,High Risk,Immediate Follow-up,0
Spain,Male,23,685,164902.43,1,0,3,Medium Risk,Contact Customer,0
France,Male,43,506,0.0,2,0,2,Low Risk,Normal Monitoring,0
Germany,Male,22,642,111812.52,2,1,3,Medium Risk,Contact Customer,0
Spain,Male,40,627,0.0,2,1,0,Low Risk,Normal Monitoring,0
Germany,Male,30,600,119755.0,1,1,3,Medium Risk,Contact Customer,0
France,Male,46,653,119556.1,1,0,4,Medium Risk,Contact Customer,1
Spain,Female,35,762,119349.69,3,1,4,Medium Risk,Contact Customer,1
Spain,Female,30,569,139528.23,1,1,1,Low Risk,Normal Monitoring,0
France,Male,40,756,94773.11,1,0,3,Medium Risk,Contact Customer,0
France,Male,31,673,108345.22,1,1,1,Low Risk,Normal Monitoring,0
France,Female,36,637,166939.88,1,1,1,Low Risk,Normal Monitoring,0
France,Male,33,644,174571.36,1,1,1,Low Risk,Normal Monitoring,0
Spain,Male,35,658,71829.34,1,1,0,Low Risk,Normal Monitoring,0
France,Female,36,649,0.0,2,1,0,Low Risk,Normal Monitoring,0
France,Female,39,603,76769.68,1,0,2,Low Risk,Normal Monitoring,0
France,Female,39,820,104614.29,1,0,3,Medium Risk,Contact Customer,1
Spain,Male,27,712,0.0,1,0,2,Low Risk,Normal Monitoring,0
Germany,Female,31,645,128927.93,1,1,3,Medium Risk,Contact Customer,0
Germany,Female,31,705,110941.93,2,0,5,High Risk,Immediate Follow-up,0
Spain,Female,29,590,99250.08,1,1,1,Low Risk,Normal Monitoring,0
France,Male,36,631,0.0,2,0,2,Low Risk,Normal Monitoring,0
France,Male,34,604,0.0,2,1,0,Low Risk,Normal Monitoring,0
Spain,Male,48,643,0.0,2,0,3,Medium Risk,Contact Customer,0
Spain,Female,30,690,0.0,2,1,0,Low Risk,Normal Monitoring,0
France,Male,31,558,0.0,1,0,2,Low Risk,Normal Monitoring,0
Germany,Male,51,637,104682.83,1,0,6,High Risk,Immediate Follow-up,1
Germany,Female,45,648,118886.55,1,0,6,High Risk,Immediate Follow-up,0
Spain,Male,28,652,156823.7,2,0,3,Medium Risk,Contact Customer,0
Germany,Male,39,808,124216.93,1,1,3,Medium Risk,Contact Customer,0
France,Female,26,551,144258.52,1,0,3,Medium Risk,Contact Customer,0
Germany,Male,26,711,128793.63,1,0,5,High Risk,Immediate Follow-up,0
Germany,Male,28,467,126315.26,1,0,5,High Risk,Immediate Follow-up,1
Spain,Female,40,789,0.0,2,0,2,Low Risk,Normal Monitoring,0
Spain,Male,33,602,0.0,2,1,0,Low Risk,Normal Monitoring,0
France,Male,39,576,0.0,2,1,0,Low Risk,Normal Monitoring,0
France,Male,38,584,115341.55,1,1,1,Low Risk,Normal Monitoring,0
France,Male,32,593,99162.29,1,0,3,Medium Risk,Contact Customer,0
Germany,Female,48,705,156848.13,2,1,4,Medium Risk,Contact Customer,1
Germany,Female,64,595,105736.32,1,1,4,Medium Risk,Contact Customer,1
Germany,Female,41,699,200117.76,2,0,5,High Risk,Immediate Follow-up,0
France,Female,46,516,62212.29,1,1,1,Low Risk,Normal Monitoring,1
France,Male,31,838,0.0,2,0,2,Low Risk,Normal Monitoring,0
France,Male,39,587,0.0,2,1,0,Low Risk,Normal Monitoring,0
France,Male,38,750,151532.4,1,1,1,Low Risk,Normal Monitoring,0
Germany,Male,39,581,121523.51,1,0,5,High Risk,Immediate Follow-up,1
France,Male,41,484,0.0,1,1,0,Low Risk,Normal Monitoring,0
Spain,Male,26,576,0.0,2,1,0,Low Risk,Normal Monitoring,0
Germany,Female,46,567,68238.51,2,1,3,Medium Risk,Contact Customer,0
Spain,Male,30,638,136808.53,2,1,1,Low Risk,Normal Monitoring,0
Germany,Male,24,646,92398.08,1,1,3,Medium Risk,Contact Customer,0
France,Female,40,658,143566.12,1,1,1,Low Risk,Normal Monitoring,0
Spain,Female,38,590,0.0,2,1,0,Low Risk,Normal Monitoring,0
Spain,Male,25,546,127728.24,2,1,1,Low Risk,Normal Monitoring,0
France,Female,34,603,0.0,2,0,2,Low Risk,Normal Monitoring,0
Spain,Female,38,619,119658.49,1,1,1,Low Risk,Normal Monitoring,0
France,Female,34,678,0.0,2,1,0,Low Risk,Normal Monitoring,0
France,Male,26,459,149879.66,1,0,3,Medium Risk,Contact Customer,0
Germany,Male,28,671,119859.52,2,0,5,High Risk,Immediate Follow-up,0
Spain,Male,43,501,104533.24,1,0,3,Medium Risk,Contact Customer,1
Spain,Male,37,719,145382.61,1,0,3,Medium Risk,Contact Customer,0
Spain,Female,37,681,121231.39,1,1,1,Low Risk,Normal Monitoring,0
Spain,Male,24,706,141078.57,1,1,1,Low Risk,Normal Monitoring,0
Germany,Female,32,763,108465.65,2,0,5,High Risk,Immediate Follow-up,1
France,Male,39,716,70657.61,2,1,0,Low Risk,Normal Monitoring,0
Germany,Male,40,507,120105.43,1,0,5,High Risk,Immediate Follow-up,1
Germany,Male,55,678,129646.91,1,1,4,Medium Risk,Contact Customer,1
France,Female,30,775,191091.74,2,1,1,Low Risk,Normal Monitoring,0
France,Male,38,544,0.0,1,1,0,Low Risk,Normal Monitoring,0
France,Male,27,756,0.0,2,1,0,Low Risk,Normal Monitoring,0
Germany,Female,43,757,131433.33,2,1,3,Medium Risk,Contact Customer,1
Germany,Male,33,742,137937.95,1,1,3,Medium Risk,Contact Customer,0
France,Male,49,591,0.0,2,0,3,Medium Risk,Contact Customer,0
France,Male,24,667,0.0,2,0,2,Low Risk,Normal Monitoring,0
France,Male,32,787,0.0,2,1,0,Low Risk,Normal Monitoring,0
France,Female,43,718,93143.39,1,0,3,Medium Risk,Contact Customer,0
France,Male,38,521,0.0,2,0,2,Low Risk,Normal Monitoring,0
Spain,Male,40,607,112544.45,1,1,1,Low Risk,Normal Monitoring,0
France,Female,34,633,123034.43,2,1,1,Low Risk,Normal Monitoring,0
Spain,Male,37,588,0.0,2,1,0,Low Risk,Normal Monitoring,0
Germany,Female,33,724,119278.44,1,1,3,Medium Risk,Contact Customer,0
France,Male,44,720,0.0,2,0,2,Low Risk,Normal Monitoring,0
France,Male,39,521,0.0,2,1,0,Low Risk,Normal Monitoring,0
Spain,Male,36,620,169312.72,1,0,3,Medium Risk,Contact Customer,0
Germany,Female,33,505,106506.77,3,0,8,High Risk,Immediate Follow-up,1
Spain,Female,43,728,128412.61,1,1,1,Low Risk,Normal Monitoring,0
Germany,Male,62,486,118356.89,2,0,6,High Risk,Immediate Follow-up,1
Germany,Male,42,584,137479.13,1,0,5,High Risk,Immediate Follow-up,0
Spain,Female,40,687,0.0,2,0,2,Low Risk,Normal Monitoring,0
France,Male,50,771,105229.72,1,1,2,Low Risk,Normal Monitoring,1
France,Male,41,678,148088.11,1,0,3,Medium Risk,Contact Customer,0
France,Female,48,751,0.0,1,1,1,Low Risk,Normal Monitoring,1
France,Male,33,670,126679.69,1,1,1,Low Risk,Normal Monitoring,0
Spain,Male,31,675,90826.27,2,0,3,Medium Risk,Contact Customer,0
Spain,Male,24,684,143582.89,1,1,1,Low Risk,Normal Monitoring,0
France,Female,21,637,125712.2,1,0,3,Medium Risk,Contact Customer,0
Spain,Female,32,760,0.0,1,1,0,Low Risk,Normal Monitoring,0
Spain,Male,37,662,155187.3,1,0,3,Medium Risk,Contact Customer,0
France,Male,49,680,0.0,2,0,3,Medium Risk,Contact Customer,0
Spain,Male,40,604,155455.43,1,1,1,Low Risk,Normal Monitoring,0
France,Female,40,764,100480.53,1,0,3,Medium Risk,Contact Customer,0
France,Female,77,521,0.0,2,1,1,Low Risk,Normal Monitoring,0
Germany,Female,56,684,127585.98,3,1,7,High Risk,Immediate Follow-up,1
France,Female,40,795,101891.1,1,1,1,Low Risk,Normal Monitoring,0
Spain,Female,61,678,0.0,2,1,1,Low Risk,Normal Monitoring,0
France,Male,38,589,0.0,1,0,2,Low Risk,Normal Monitoring,1
Spain,Female,28,660,128929.88,1,1,1,Low Risk,Normal Monitoring,0
Germany,Male,39,646,121681.91,2,1,3,Medium Risk,Contact Customer,0
Germany,Female,56,706,139603.22,1,1,4,Medium Risk,Contact Customer,0
France,Female,27,730,0.0,2,0,2,Low Risk,Normal Monitoring,0
France,Female,36,606,0.0,2,1,0,Low Risk,Normal Monitoring,0
Spain,Female,36,690,91760.11,1,1,1,Low Risk,Normal Monitoring,0
Germany,Male,41,645,93925.3,1,0,5,High Risk,Immediate Follow-up,1
France,Female,38,579,175739.36,1,1,1,Low Risk,Normal Monitoring,0
France,Female,28,481,0.0,2,0,2,Low Risk,Normal Monitoring,0
Germany,Male,45,492,170295.04,2,0,6,High Risk,Immediate Follow-up,0
France,Male,58,739,101579.28,1,1,2,Low Risk,Normal Monitoring,0
France,Male,55,624,118793.6,1,1,2,Low Risk,Normal Monitoring,1
France,Male,44,682,115282.3,1,0,3,Medium Risk,Contact Customer,0
Spain,Female,34,701,107980.37,1,1,1,Low Risk,Normal Monitoring,0
France,Female,44,718,133866.22,1,1,1,Low Risk,Normal Monitoring,0
France,Female,34,496,102723.35,2,0,3,Medium Risk,Contact Customer,0
Spain,Male,41,543,0.0,2,1,0,Low Risk,Normal Monitoring,0
Spain,Female,44,616,193213.02,2,1,1,Low Risk,Normal Monitoring,0
Germany,Male,53,635,117005.55,1,1,4,Medium Risk,Contact Customer,1
Spain,Male,31,652,132862.59,1,0,3,Medium Risk,Contact Customer,0
France,Male,26,688,0.0,2,0,2,Low Risk,Normal Monitoring,0
France,Female,49,678,204510.94,1,1,2,Low Risk,Normal Monitoring,1
Germany,Male,36,757,65349.71,1,0,4,Medium Risk,Contact Customer,0
France,Male,36,667,139753.35,1,0,3,Medium Risk,Contact Customer,0
France,Female,29,725,0.0,2,1,0,Low Risk,Normal Monitoring,0
Germany,Female,50,632,107959.39,1,1,4,Medium Risk,Contact Customer,1
France,Female,38,694,195926.39,1,1,1,Low Risk,Normal Monitoring,0
France,Male,36,803,0.0,2,1,0,Low Risk,Normal Monitoring,0
France,Female,31,814,87772.52,1,0,2,Low Risk,Normal Monitoring,0
France,Male,38,611,71018.6,2,0,2,Low Risk,Normal Monitoring,0
Germany,Male,38,755,111096.91,1,1,3,Medium Risk,Contact Customer,0
Germany,Male,40,425,166776.6,2,1,3,Medium Risk,Contact Customer,0
France,Female,34,850,101266.51,1,0,3,Medium Risk,Contact Customer,0
Spain,Male,18,677,134796.87,2,1,1,Low Risk,Normal Monitoring,0
France,Female,46,797,0.0,1,0,3,Medium Risk,Contact Customer,0
Germany,Female,43,692,118588.83,1,1,3,Medium Risk,Contact Customer,1
Germany,Male,28,735,160454.15,2,1,3,Medium Risk,Contact Customer,0
France,Male,77,609,0.0,1,1,1,Low Risk,Normal Monitoring,0
France,Female,42,700,0.0,2,1,0,Low Risk,Normal Monitoring,0
Spain,Female,36,526,91132.18,1,0,3,Medium Risk,Contact Customer,0
Spain,Female,57,693,0.0,2,1,1,Low Risk,Normal Monitoring,0
France,Female,20,748,0.0,2,0,2,Low Risk,Normal Monitoring,0
Spain,Male,36,657,0.0,2,1,0,Low Risk,Normal Monitoring,0
Germany,Female,25,739,113113.12,1,0,5,High Risk,Immediate Follow-up,0
Spain,Male,23,784,0.0,1,1,0,Low Risk,Normal Monitoring,0
Germany,Male,41,744,190409.34,2,1,3,Medium Risk,Contact Customer,0
France,Male,44,645,0.0,2,1,0,Low Risk,Normal Monitoring,0
France,Female,33,669,0.0,2,1,0,Low Risk,Normal Monitoring,0
France,Male,34,615,83503.11,2,1,0,Low Risk,Normal Monitoring,1
Germany,Female,53,724,139687.66,2,1,4,Medium Risk,Contact Customer,0
France,Female,47,850,137301.87,1,0,4,Medium Risk,Contact Customer,0
Germany,Female,39,625,129845.26,1,1,3,Medium Risk,Contact Customer,0
Spain,Male,46,635,0.0,2,1,1,Low Risk,Normal Monitoring,0
Germany,Male,37,724,125489.4,1,0,5,High Risk,Immediate Follow-up,0
France,Male,47,550,0.0,2,1,1,Low Risk,Normal Monitoring,0
France,Male,45,645,155417.61,1,1,2,Low Risk,Normal Monitoring,0
Spain,Male,29,714,0.0,2,1,0,Low Risk,Normal Monitoring,0
France,Female,46,520,85216.61,1,0,3,Medium Risk,Contact Customer,1
France,Male,25,633,0.0,1,0,2,Low Risk,Normal Monitoring,0
France,Male,37,537,0.0,1,1,0,Low Risk,Normal Monitoring,0
Spain,Male,38,764,113607.47,1,0,3,Medium Risk,Contact Customer,0
Germany,Female,33,795,104552.72,1,1,3,Medium Risk,Contact Customer,1
Spain,Male,44,573,0.0,2,0,2,Low Risk,Normal Monitoring,0
Spain,Male,44,702,0.0,1,0,2,Low Risk,Normal Monitoring,1
Germany,Male,33,740,126524.11,1,0,5,High Risk,Immediate Follow-up,0
France,Male,34,479,117593.48,2,0,3,Medium Risk,Contact Customer,0
Germany,Female,33,627,83199.05,1,0,4,Medium Risk,Contact Customer,0
Spain,Male,35,479,125920.98,1,1,1,Low Risk,Normal Monitoring,0
France,Male,48,623,118469.38,1,1,2,Low Risk,Normal Monitoring,0
Germany,Female,40,512,153537.57,2,0,5,High Risk,Immediate Follow-up,0
France,Male,41,609,0.0,1,1,0,Low Risk,Normal Monitoring,0
France,Male,42,518,151027.05,2,0,3,Medium Risk,Contact Customer,0
France,Female,34,833,144751.81,1,0,3,Medium Risk,Contact Customer,0
France,Male,26,758,155739.76,1,0,3,Medium Risk,Contact Customer,0
France,Male,27,611,0.0,2,1,0,Low Risk,Normal Monitoring,0
France,Male,33,583,122531.86,1,0,3,Medium Risk,Contact Customer,0
Germany,Male,50,610,113957.01,2,0,6,High Risk,Immediate Follow-up,1
France,Female,33,637,103377.81,1,0,3,Medium Risk,Contact Customer,0
France,Female,32,683,0.0,2,1,0,Low Risk,Normal Monitoring,0
France,Male,40,774,93017.47,2,0,3,Medium Risk,Contact Customer,0
France,Female,58,677,90022.85,1,1,2,Low Risk,Normal Monitoring,0
Spain,Male,35,741,74371.49,1,0,2,Low Risk,Normal Monitoring,0
Germany,Male,42,498,152039.7,1,1,3,Medium Risk,Contact Customer,1
Germany,Female,46,655,137145.12,1,0,6,High Risk,Immediate Follow-up,1
France,Male,40,613,0.0,1,0,2,Low Risk,Normal Monitoring,0
Germany,Male,35,602,90602.42,2,1,3,Medium Risk,Contact Customer,0
France,Male,36,659,123841.49,2,0,3,Medium Risk,Contact Customer,0
Germany,Male,47,673,183579.54,2,1,4,Medium Risk,Contact Customer,0
Spain,Male,30,606,180307.73,2,1,1,Low Risk,Normal Monitoring,0
France,Male,30,775,0.0,2,0,2,Low Risk,Normal Monitoring,0
Spain,Male,28,841,0.0,2,1,0,Low Risk,Normal Monitoring,0
Germany,Male,33,714,35016.6,1,0,4,Medium Risk,Contact Customer,0
France,Female,53,597,88381.21,1,0,3,Medium Risk,Contact Customer,1
Spain,Male,36,726,0.0,1,0,2,Low Risk,Normal Monitoring,0
France,Male,28,644,155060.41,1,0,3,Medium Risk,Contact Customer,0
France,Female,29,800,0.0,2,0,2,Low Risk,Normal Monitoring,0
France,Male,39,771,0.0,2,0,2,Low Risk,Normal Monitoring,0
France,Male,35,516,57369.61,1,1,0,Low Risk,Normal Monitoring,0
France,Female,36,709,0.0,1,1,0,Low Risk,Normal Monitoring,1
Germany,Male,42,772,75075.31,2,0,4,Medium Risk,Contact Customer,1
France,Female,28,792,130142.79,1,0,3,Medium Risk,Contact Customer,0
